time,balance
100,100
1762044900000,99.19888
1762045920000,99.54930505
1762047960000,98.83165206
1762048020000,98.11944919
1762048080000,97.36157699
1762048860000,98.15436579
1762050780000,97.36342577
1762050840000,96.61660001
1762051380000,97.39659943
1762056480000,96.66825202
1762056660000,95.92154696
1762057320000,95.20071447
1762058580000,94.44215537
1762058760000,93.72430455
1762058940000,92.88116352
1762059060000,91.97656582
1762059720000,92.85542265
1762061940000,91.96558458
1762062000000,92.80248793
1762065840000,92.07895482
1762065900000,91.31865925
1762066860000,91.68109221
1762067280000,90.95417859
1762069200000,90.27054104
1762069500000,89.52332925
1762070040000,88.75173382
1762070280000,89.59743603
1762072500000,89.6427218
1762074000000,89.85629524
1762074600000,90.30953638
1762075440000,89.56529304
1762075980000,88.80782091
1762076460000,88.00893918
1762077780000,87.08751859
1762078140000,87.34573273
1762079400000,86.52162784
1762079880000,85.69896323
1762081320000,84.94178457
1762082040000,85.28668289
1762083000000,84.61234693
1762084440000,84.81637109
1762086060000,85.52129195
1762087200000,84.74322177
1762089240000,84.03846584
1762089660000,83.35274362
1762089780000,82.65850197
1762090140000,83.53602801
1762092000000,83.78563828
1762092720000,82.98261762
1762093080000,82.17861283
1762093680000,81.30674436
1762095060000,82.79274667
1762098120000,81.96506345
1762099200000,81.16522102
1762099500000,80.27445274
1762100520000,82.30752804
1762102620000,81.5307921
1762103160000,80.78742236
1762104420000,81.25158194
1762105200000,81.74197793
1762106820000,81.04743822
1762109280000,81.20342191
1762111200000,80.54200543
1762111260000,79.88332086
1762111620000,79.20181334
1762116540000,78.67798926
1762117200000,78.13813981
1762117320000,77.59854792
1762118040000,77.74686919
1762118460000,77.15514818
1762119180000,77.59289273
1762120200000,76.99039632
1762120620000,77.54951889
1762122180000,76.99627595
1762122840000,76.39422355
1762123680000,76.93463653
1762124460000,76.20241177
1762124940000,75.44866223
1762126740000,74.63943583
1762126920000,73.87707066
1762127520000,73.07805364
1762127640000,72.30018846
1762127820000,71.54194473
1762128300000,70.77345404
1762129260000,72.00648923
1762131180000,71.13254706
1762131300000,70.21918463
1762131600000,69.3135166
1762133400000,70.22524375
1762133760000,69.31583185
1762134300000,70.6800525
1762135560000,69.80088959
1762135980000,70.85965448
1762137000000,69.94610502
1762137420000,68.99122549
1762139340000,68.02440272
1762139400000,67.02100553
1762139460000,65.99380613
1762139520000,64.93331187
1762139580000,63.83736328
1762140420000,62.65688299
1762141380000,61.5115985
1762141920000,60.39118638
1762142700000,59.30599473
1762142820000,59.16005434
1762144560000,60.16551043
1762146720000,60.89892841
1762148400000,60.15868391
1762148580000,59.40199863
1762150260000,58.7220598
1762151460000,58.55736901
1762151820000,59.06912823
1762152300000,58.28381011
1762152360000,57.42432959
1762152420000,56.52062464
1762152540000,56.38593732
1762155660000,56.66738518
1762157460000,57.0483993
1762157760000,57.48104606
1762159020000,56.76510134
1762159140000,56.07828659
1762159500000,55.34594052
1762159680000,54.56303084
1762159860000,55.85584517
1762161900000,55.08509201
1762163040000,55.36404426
1762163700000,54.71956202
1762164120000,55.29503266
1762165620000,55.44790382
1762165800000,56.01141382
1762166520000,55.40527021
1762167660000,56.38882677
1762167960000,57.42905972
1762171020000,57.60459132
1762172280000,56.9221119
1762174560000,56.37207807
1762175400000,55.81596002
1762176780000,55.16270327
1762177320000,55.70568628
1762178820000,55.04780568
1762179180000,56.05434776
1762180680000,56.83487443
1762182900000,56.02262423
1762183200000,55.2136156
1762183560000,54.44519607
1762183620000,53.45982747
1762183680000,53.71027183
1762183740000,52.82042605
1762183800000,51.96269121
1762183860000,52.8521372
1762186800000,51.96510671
1762189860000,51.13018853
1762190280000,50.31389632
1762190460000,49.50019464
1762190760000,51.11253614
1762192440000,51.93914227
1762193220000,51.15303747
1762194720000,51.33745715
1762195500000,50.63170986
1762196640000,49.98804445
1762196700000,49.33855728
1762197240000,49.78600588
1762199400000,50.35358385
1762200360000,49.66658664
1762200480000,48.97787704
1762201500000,48.28671005
1762201680000,48.84650549
1762202040000,49.68730258
1762203000000,48.88409714
1762203060000,48.02098512
1762203180000,47.16032083
1762203600000,48.02251195
1762204920000,49.61247652
1762206360000,48.70997005
1762207380000,47.97633164
1762207920000,47.76060019
1762208100000,48.53413298
1762209240000,48.20180231
1762210920000,47.51592873
1762211700000,48.08602381
1762212120000,47.44602522
1762213620000,47.83713788
1762214700000,47.3296154
1762214820000,48.06573524
1762215720000,47.42940895
1762215960000,46.80495607
1762216380000,47.96550487
1762216680000,47.14666191
1762216980000,46.88327026
1762218360000,47.45376911
1762219320000,46.79994462
1762220040000,46.42946985
1762220700000,47.08204628
1762224420000,46.51225103
1762225200000,46.62864616
1762225680000,47.12456479
1762226040000,46.51049947
1762226280000,45.8903863
1762227720000,46.12603348
1762229160000,46.44546904
1762229700000,45.86748158
1762229820000,45.27736374
1762230000000,44.69037868
1762231260000,44.05834961
1762232280000,44.11785524
1762233360000,43.51360343
1762233540000,42.85310788
1762233660000,42.06159701
1762233720000,41.84634138
1762234320000,41.79864137
1762235760000,41.08024589
1762236240000,42.09561819
1762236900000,41.35931428
1762237020000,40.63952943
1762237740000,41.52389177
1762240140000,41.34800129
1762241940000,41.61167302
1762242780000,42.0204053
1762244460000,41.26016301
1762244580000,40.51900772
1762248720000,39.83704351
1762252560000,40.303816
1762253820000,40.67880328
1762255080000,40.05214762
1762256940000,40.56797584
1762257840000,40.05336605
1762258140000,40.58010448
1762260420000,41.05591858
1762260840000,40.47431068
1762261860000,41.01138555
1762263360000,40.33304915
1762263900000,41.11254036
1762264920000,40.55375214
1762265160000,41.45990251
1762266600000,41.38938471
1762267200000,41.70777729
1762267440000,40.98773639
1762267560000,40.2835092
1762267680000,39.59525155
1762267860000,39.6366917
1762269540000,40.32904163
1762271580000,39.61832911
1762272240000,40.17668299
1762272720000,39.86591188
1762273260000,39.14767801
1762273680000,39.15220365
1762274760000,38.46066488
1762274880000,37.77800417
1762275480000,37.57071733
1762275720000,36.90034948
1762275840000,36.25012543
1762276020000,35.61192615
1762276200000,34.99740428
1762276380000,34.94844268
1762279440000,34.32661716
1762279500000,34.6439773
1762280520000,34.49599414
1762281240000,33.90338255
1762281360000,34.25797541
1762284540000,34.71035791
1762285800000,34.09097728
1762286940000,33.46919993
1762287300000,32.87001968
1762287360000,32.28835298
1762287420000,31.72790324
1762287480000,31.1927174
1762287540000,31.86062077
1762291200000,31.31473685
1762291860000,30.77348848
1762291920000,30.25215996
1762291980000,30.26469889
1762292100000,29.76127852
1762292160000,30.66492753
1762293780000,30.16368115
1762295880000,30.02341134
1762297560000,29.8053312
1762300260000,29.31011464
1762303260000,28.77997509
1762304760000,28.26112842
1762305780000,27.75366655
1762306020000,27.25887745
1762306560000,27.33317006
1762306860000,27.35899695
1762307880000,26.89887107
1762311840000,26.74602763
1762312440000,27.234336
1762312920000,27.74682825
1762314720000,27.28075575
1762315560000,27.52418594
1762319520000,27.15500204
1762319580000,26.77738687
1762319760000,26.70850366
1762322160000,27.18490074
1762323480000,27.71399675
1762324680000,28.08266169
1762327260000,27.74003891
1762327320000,27.39990204
1762327980000,27.77821746
1762330500000,27.37272422
1762330920000,26.93625249
1762331040000,26.47848557
1762331460000,26.80776944
1762333740000,26.31775587
1762336860000,26.66129873
1762338540000,26.95315296
1762339560000,26.54324136
1762340040000,26.1578166
1762341900000,25.95396968
1762343400000,25.62819736
1762344240000,25.90481369
1762344780000,26.19414058
1762345260000,25.86303692
1762345500000,25.5201145
1762345560000,25.16904852
1762350120000,24.83607976
1762350180000,24.50374023
1762350480000,24.15570257
1762350960000,24.52528573
1762352040000,24.17848935
1762352100000,23.84655286
1762353540000,24.50703752
1762354260000,24.0563351
1762357200000,23.66682311
1762357260000,23.26069239
1762357320000,22.86125741
1762357440000,22.71165003
1762360500000,22.39089808
1762361280000,22.06666546
1762361400000,21.72054958
1762361640000,21.38781335
1762362240000,21.85521184
1762363620000,21.57202675
1762364400000,21.74933756
1762365840000,22.04320092
1762366620000,21.76708059
1762367280000,21.48126414
1762368300000,21.60338139
1762370100000,21.7939574
1762372860000,22.03326675
1762374060000,21.74309346
1762375080000,21.47178484
1762377120000,21.16156207
1762378500000,21.38921159
1762379940000,21.63086854
1762381020000,21.67572157
1762383000000,21.43432678
1762383540000,21.21272274
1762385700000,21.26881509
1762387260000,21.06536961
1762387320000,20.83427863
1762387500000,20.59550693
1762387560000,20.35186691
1762389480000,20.10497216
1762390140000,20.26001622
1762391280000,20.02882745
1762391700000,20.39006957
1762392660000,20.69522062
1762395360000,21.01653667
1762399080000,20.73465013
1762399680000,21.03802273
1762402320000,21.12012424
1762404060000,21.17673882
1762404840000,21.51288814
1762405680000,21.28974208
1762405740000,21.06452603
1762405860000,20.82340054
1762406160000,20.56744135
1762407480000,20.28794535
1762408260000,20.00486378
1762411380000,20.19256737
1762412400000,19.95897485
1762413780000,20.34904492
1762414440000,20.851057
1762417620000,20.60714115
1762419300000,20.83354703
1762421280000,20.89770604
1762422540000,20.67285077
1762423260000,20.43795007
1762423560000,20.2084913
1762423800000,19.95961139
1762424460000,19.68751434
1762425360000,20.03795284
1762427220000,19.81673685
1762427820000,20.04800124
1762428540000,19.81950338
1762431240000,19.9929841
1762431960000,19.74729426
1762432920000,19.48299565
1762433400000,19.61906177
1762434900000,19.39352278
1762435020000,19.07282477
1762435440000,19.01021374
1762437180000,19.13855925
1762437900000,19.20721177
1762438080000,18.90483841
1762438920000,18.59272139
1762439580000,18.29101731
1762440060000,18.15015743
1762442820000,18.43752422
1762443420000,18.11128911
1762445400000,18.44954546
1762446720000,18.67979639
1762447140000,18.36552908
1762447260000,18.04703419
1762447320000,17.72912491
1762447560000,18.07238527
1762449180000,18.44818317
1762451400000,18.15824369
1762452180000,18.32536605
1762453020000,18.0655711
1762453560000,18.36800742
1762454520000,18.10860981
1762454880000,17.98793408
1762458060000,17.7095996
1762459020000,17.85719744
1762459320000,17.60866808
1762461060000,17.35980385
1762461540000,17.09994957
1762465740000,17.31334003
1762466880000,17.46822748
1762467120000,17.26490705
1762468020000,17.06218775
1762468200000,16.84160634
1762468560000,16.614902
1762471020000,16.49777898
1762471200000,16.25934729
1762471500000,16.62573944
1762472700000,16.40263453
1762473660000,16.16792389
1762473960000,15.95349375
1762474140000,15.72937899
1762475520000,16.08052285
1762476540000,15.80749166
1762477740000,15.56224737
1762478220000,15.94282987
1762479120000,16.33393483
1762479240000,16.04914907
1762479300000,15.75527549
1762480020000,15.79072027
1762480740000,15.50468211
1762480800000,15.22314185
1762481160000,14.9469997
1762482180000,14.68568013
1762484280000,14.47590289
1762484460000,14.27001834
1762485180000,14.42285616
1762488000000,14.24970337
1762488360000,14.07625215
1762488540000,13.89495804
1762489080000,13.9843805
1762490340000,13.82804838
1762491000000,13.97994787
1762491900000,13.82095633
1762492020000,13.6592667
1762492140000,13.48642243
1762492200000,13.3105259
1762494720000,13.16090558
1762495440000,13.24812188
1762496940000,13.40280669
1762497540000,13.26074121
1762498920000,13.33262629
1762500240000,13.52739556
1762500900000,13.36904903
1762501740000,13.2166165
1762502640000,13.06444358
1762504800000,12.91963712
1762506480000,12.78333682
1762506540000,12.63593836
1762507200000,12.96053372
1762507440000,12.7850435
1762507620000,12.61342186
1762507740000,12.43441134
1762509900000,12.25500966
1762510380000,12.44465911
1762511400000,12.57057824
1762512240000,12.41435711
1762512480000,12.571131
1762512720000,12.3951574
1762513560000,12.47672243
1762513920000,12.29608097
1762513980000,12.09474634
1762514040000,11.88626238
1762514220000,11.90679544
1762516980000,12.05201042
1762517760000,11.85973678
1762518360000,11.68585003
1762518660000,11.51295864
1762519020000,11.75761301
1762520040000,11.56548162
1762521600000,11.48294104
1762524480000,11.30411845
1762525920000,11.45826684
1762526100000,11.24788215
1762526160000,11.04261017
1762526280000,10.84419764
1762526340000,10.65151979
1762526400000,10.62792384
1762526880000,10.60214404
1762528260000,10.60071977
1762530420000,10.79669995
1762530660000,10.59945441
1762530960000,10.40831396
1762532520000,10.2164347
1762532580000,10.03164623
1762532760000,9.84654907
1762535340000,10.06453973
1762535580000,9.88085416
1762535700000,9.70249343
1762536060000,9.52803301
1762539360000,9.69764266
1762539660000,9.93260978
1762540800000,9.8562167
1762541220000,10.02769761
1762542480000,10.12915307
1762543020000,9.97969104
1762544460000,9.83580506
1762546860000,9.68304359
1762547520000,9.88803878
1762549380000,9.75465947
1762549800000,9.94515983
1762553580000,10.04714254
1762554540000,10.20616746
1762555620000,10.30211654
1762557720000,10.19538879
1762558440000,10.3170541
1762560180000,10.20369003
1762560300000,10.29431002
1762561320000,10.43586297
1762563300000,10.71430344
1762568220000,10.59518992
1762568580000,10.47436353
1762569480000,10.34418177
1762569600000,10.22518024
1762570200000,10.40723715
1762571040000,10.27488141
1762571640000,10.49463389
1762573200000,10.37036575
1762573920000,10.23439237
1762574580000,10.34332386
1762578120000,10.22907932
1762578780000,10.11295896
1762579020000,10.00229866
1762580280000,9.88432832
1762580940000,9.77180169
1762581840000,9.65969391
1762582440000,9.54141011
1762584480000,9.42702027
1762585560000,9.33164183
1762586520000,9.23898041
1762586580000,9.14428562
1762586700000,9.04419152
1762587300000,9.17956481
1762589700000,9.31808821
1762589820000,9.22139341
1762590300000,9.35284639
1762593300000,9.43330942
1762593960000,9.33891334
1762595280000,9.25042975
1762595520000,9.15738442
1762595580000,9.06286472
1762598400000,9.08462998
1762599780000,9.19439522
1762601700000,9.10747901
1762601760000,9.01817578
1762601820000,8.93104868
1762601940000,8.84045165
1762602000000,8.74177311
1762604520000,8.82941626
1762606560000,8.86235553
1762607160000,8.77781473
1762607580000,8.91874443
1762608780000,8.81834385
1762608960000,8.9878517
1762611060000,8.86987758
1762611480000,8.75174743
1762613040000,8.81259524
1762615020000,8.72479096
1762615080000,8.62644317
1762615260000,8.51878414
1762615920000,8.59523881
1762618140000,8.48881461
1762618740000,8.57813484
1762621140000,8.66884923
1762622160000,8.72728028
1762622580000,8.62197826
1762623960000,8.60825497
1762626600000,8.73706628
1762629540000,8.65707349
1762629660000,8.57441552
1762629720000,8.48511399
1762629840000,8.3909205
1762630620000,8.49844418
1762633980000,8.41744686
1762635780000,8.47352619
1762637400000,8.51899602
1762642740000,8.59147127
1762644660000,8.52739983
1762646400000,8.46739698
1762647060000,8.49144899
1762647420000,8.41129959
1762647480000,8.33468862
1762647600000,8.25395227
1762648380000,8.26712047
1762649700000,8.1947011
1762650060000,8.26542875
1762651920000,8.1926771
1762652220000,8.33388326
1762653360000,8.25281915
1762655400000,8.17094536
1762655520000,8.08606299
1762655580000,8.00347873
1762655880000,7.91758835
1762657080000,7.82197022
1762658820000,7.72635863
1762661400000,7.64097983
1762661700000,7.5531539
1762661820000,7.46450817
1762661940000,7.38204318
1762664700000,7.31902195
1762664820000,7.25810812
1762665660000,7.29258447
1762669440000,7.23258398
1762669920000,7.25979761
1762670400000,7.2027846
1762670760000,7.27506641
1762673400000,7.28874285
1762673940000,7.2179488
1762674000000,7.14305159
1762676100000,7.08043672
1762679340000,7.01344983
1762679940000,7.08362807
1762681920000,7.01442335
1762682160000,6.93699069
1762684020000,6.98319785
1762685280000,6.91753301
1762685880000,6.8459542
1762686180000,6.78073697
1762686240000,6.71020073
1762686900000,6.6353409
1762690320000,6.66856664
1762690740000,6.59550305
1762690800000,6.52217694
1762691220000,6.61990023
1762693380000,6.63211204
1762693980000,6.56409702
1762695180000,6.66877614
1762696440000,6.69123633
1762696860000,6.61385191
1762697340000,6.76091128
1762698480000,6.64962449
1762698540000,6.53321948
1762698600000,6.41611408
1762699140000,6.61245143
1762700280000,6.50066284
1762700760000,6.68516321
1762702920000,6.57414485
1762705260000,6.56735112
1762707180000,6.48819192
1762707660000,6.55103591
1762709580000,6.59500152
1762710540000,6.62503977
1762713720000,6.56164667
1762714080000,6.50090486
1762714200000,6.43162367
1762714500000,6.36017555
1762716060000,6.28779642
1762716300000,6.21569947
1762716600000,6.13707882
1762717320000,6.22865007
1762718220000,6.14735066
1762718760000,6.22214663
1762719480000,6.29640278
1762720920000,6.31234768
1762722240000,6.320788
1762722840000,6.2580787
1762724400000,6.31969356
1762725300000,6.25364774
1762728660000,6.1939246
1762729320000,6.12166609
1762732020000,6.14875459
1762732860000,6.22448741
1762734900000,6.19664062
1762735260000,6.10205759
1762735380000,6.00717424
1762735860000,5.91558489
1762737120000,6.034969
1762739820000,6.12376242
1762742340000,6.03288497
1762742520000,5.94115779
1762743600000,5.86665463
1762743780000,5.79198861
1762744320000,5.94030737
1762745640000,6.00656105
1762746240000,5.92781915
1762747740000,5.84915255
1762748100000,5.9742845
1762748280000,5.8953539
1762748580000,5.81584277
1762750200000,5.75446478
1762750320000,5.69270602
1762750380000,5.63055346
1762750920000,5.57006199
1762752600000,5.50605486
1762752900000,5.44382517
1762753680000,5.47853925
1762755540000,5.5019534
1762756020000,5.43966456
1762756440000,5.5186034
1762758540000,5.46392673
1762758960000,5.40567199
1762760220000,5.34722387
1762760460000,5.43892992
1762762440000,5.3862199
1762762980000,5.41261464
1762763880000,5.35821028
1762765020000,5.37805534
1762766340000,5.31801893
1762766940000,5.26366189
1762767060000,5.21263423
1762767240000,5.15808324
1762767300000,5.10172125
1762767540000,5.04310171
1762770060000,5.07174823
1762770960000,5.01319728
1762771500000,5.05682447
1762773240000,5.09013158
1762773960000,5.12989721
1762776480000,5.07577635
1762779660000,5.07764591
1762779840000,5.01832171
1762780020000,4.95606009
1762780200000,4.89285589
1762781760000,4.83589263
1762782120000,4.77197152
1762783500000,4.71371811
1762783980000,4.65365427
1762785120000,4.59213231
1762785720000,4.65141318
1762785960000,4.569447
1762786020000,4.48553108
1762786140000,4.40402685
1762786320000,4.32429893
1762786680000,4.33005888
1762789440000,4.26545986
1762789560000,4.32592764
1762790640000,4.32324693
1762793220000,4.25752977
1762795440000,4.24646053
1762796220000,4.19533683
1762796400000,4.14667526
1762796700000,4.09979642
1762798320000,4.05009826
1762798500000,4.00135463
1762800060000,4.01731243
1762800840000,3.97149721
1762800900000,3.9281343
1762801020000,3.88206945
1762801560000,3.91764366
1762802460000,3.94393865
1762803180000,3.89980459
1762804020000,3.85064543
1762805760000,3.90145607
1762807260000,3.85676708
1762807620000,3.81423111
1762808820000,3.7651528
1762811220000,3.72136704
1762811340000,3.67528981
1762811940000,3.72259376
1762814880000,3.68404217
1762815060000,3.64423027
1762815540000,3.60514941
1762818360000,3.63347731
1762818720000,3.67484223
1762819860000,3.63334384
1762820340000,3.67950086
1762822860000,3.63233784
1762823700000,3.59086918
1762823760000,3.5494575
1762823820000,3.50315611
1762823880000,3.4545726
1762823940000,3.40442912
1762824120000,3.34912291
1762826760000,3.28951067
1762828260000,3.24389743
1762828320000,3.19589488
1762828500000,3.18004248
1762829160000,3.16567413
1762830600000,3.1187215
1762831320000,3.07259283
1762832100000,3.02692289
1762834680000,2.98677393
1762836000000,2.95102126
1762836420000,2.91350997
1762837560000,2.87018919
1762838460000,2.90886225
1762840920000,2.87445883
1762841100000,2.84143231
1762841220000,2.80626386
1762841280000,2.76485854
1762841880000,2.82442658
1762843620000,2.79413865
1762844160000,2.84056301
1762847400000,2.80278231
1762848120000,2.81262295
1762849260000,2.83951216
1762852080000,2.81001467
1762852380000,2.87607418
1762855200000,2.88356022
1762856520000,2.84374089
1762857300000,2.79944353
1762858920000,2.77298835
1762858980000,2.74647985
1762859160000,2.71809055
1762861080000,2.71770127
1762861440000,2.69497273
1762861680000,2.71347047
1762861800000,2.68745381
1762862040000,2.66071602
1762863240000,2.69599945
1762865160000,2.70061656
1762867620000,2.66913258
1762869060000,2.68265638
1762869300000,2.65290916
1762869720000,2.6208754
1762870320000,2.5865583
1762871160000,2.5547728
1762871460000,2.59285061
1762872420000,2.55561307
1762872480000,2.51699445
1762872540000,2.47676401
1762872960000,2.52793296
1762875000000,2.48570944
1762875600000,2.52262413
1762876380000,2.56649838
1762877940000,2.59272003
1762878600000,2.5586254
1762879260000,2.57763664
1762880700000,2.59995227
1762882680000,2.56884608
1762882740000,2.53627021
1762882860000,2.50280466
1762885800000,2.54935878
1762887240000,2.56605704
1762887660000,2.5371103
1762888020000,2.50754091
1762891080000,2.48302837
1762891500000,2.45744606
1762892280000,2.49194025
1762893660000,2.46251556
1762895220000,2.48370074
1762897380000,2.45387049
1762898100000,2.4823246
1762898580000,2.51112551
1762900980000,2.51994782
1762901760000,2.49691703
1762902840000,2.51696357
1762903860000,2.48855307
1762904460000,2.53930707
1762905600000,2.58229116
1762906680000,2.6564099
1762908360000,2.67381542
1762910640000,2.708427
1762914060000,2.67650171
1762914660000,2.64333315
1762915920000,2.64781721
1762918500000,2.61813084
1762919040000,2.59296711
1762919460000,2.59897434
1762920480000,2.61850767
1762921320000,2.63471016
1762922640000,2.61149875
1762923600000,2.58748856
1762924380000,2.56332946
1762925520000,2.57002652
1762925760000,2.58919259
1762926720000,2.62248757
1762927980000,2.59809786
1762928820000,2.57222036
1762931220000,2.60120355
1762933980000,2.57705284
1762934040000,2.54989249
1762934760000,2.56977106
1762935840000,2.54260436
1762936560000,2.5120969
1762937100000,2.49386555
1762939020000,2.46419106
1762939500000,2.48896399
1762940520000,2.51891701
1762941780000,2.49522975
1762942440000,2.4716583
1762943400000,2.44700375
1762943880000,2.47981153
1762945320000,2.45396749
1762945560000,2.43850858
1762946160000,2.47318995
1762950000000,2.44665324
1762950600000,2.41927737
1762951620000,2.42903813
1762953480000,2.40505332
1762954020000,2.4170449
1762954620000,2.38884036
1762956600000,2.39912405
1762957080000,2.37563478
1762958160000,2.34909698
1762958460000,2.320242
1762958880000,2.28328064
1762958940000,2.24300881
1762959300000,2.25552086
1762961160000,2.24988371
1762961760000,2.20873937
1762961940000,2.16854362
1762962360000,2.12923866
1762963860000,2.09188564
1762964040000,2.05529094
1762964640000,2.04402467
1762965840000,2.07489741
1762968840000,2.0403309
1762969080000,2.00621087
1762969320000,2.01124127
1762970820000,2.03691861
1762972080000,2.05297591
1762974000000,2.02425153
1762974300000,1.99638078
1762974420000,1.96739384
1762975380000,1.99230227
1762976160000,2.02285698
1762976580000,1.98851977
1762977540000,2.02816096
1762979160000,2.00076394
1762982280000,2.02103093
1762985220000,2.00155971
1762985400000,1.98259366
1762985580000,1.96358118
1762985640000,1.94376675
1762986180000,1.97066018
1762988340000,1.95131918
1762988640000,1.93139248
1762989360000,1.95872413
1762991220000,1.96658684
1762992600000,1.9474098
1762993980000,1.95649746
1762994400000,1.9985507
1762996200000,1.97270455
1762996260000,1.94611958
1762996320000,1.91834675
1762996680000,1.91514498
1762997760000,1.9618347
1762998720000,1.93495294
1763000640000,1.95471513
1763001180000,1.97608142
1763002800000,1.99053261
1763003400000,1.96878137
1763003640000,1.94294401
1763003700000,1.91545539
1763003760000,1.94338705
1763004660000,1.93749456
1763006220000,1.96674723
1763006700000,1.93333038
1763008140000,1.94657284
1763011800000,1.92481674
1763012160000,1.90279817
1763012760000,1.87843484
1763013300000,1.85394065
1763017740000,1.8717515
1763019180000,1.89382132
1763019360000,1.87235169
1763019540000,1.8497513
1763021040000,1.86773938
1763022720000,1.84924094
1763024040000,1.83225277
1763024520000,1.81663411
1763024760000,1.79942145
1763024820000,1.78126083
1763024880000,1.76152853
1763025000000,1.74088369
1763025120000,1.71881155
1763027520000,1.69898094
1763028000000,1.71609399
1763029140000,1.69765882
1763029800000,1.71023787
1763030880000,1.72411617
1763031900000,1.70671293
1763031960000,1.69047453
1763032320000,1.67409139
1763033520000,1.69127415
1763034840000,1.69996307
1763036160000,1.70600821
1763037540000,1.68893862
1763040060000,1.67317981
1763040360000,1.65692495
1763040480000,1.63816219
1763040600000,1.61659247
1763040720000,1.59252523
1763041020000,1.56623051
1763043000000,1.54177909
1763044320000,1.55492637
1763044560000,1.5284354
1763044680000,1.51597838
1763045520000,1.48940486
1763045580000,1.46366387
1763046180000,1.50646472
1763048040000,1.47907928
1763049540000,1.49036216
1763050980000,1.46542148
1763051640000,1.47621333
1763052660000,1.49165102
1763053560000,1.49563373
1763055420000,1.46822974
1763055540000,1.44131802
1763055660000,1.41519357
1763056200000,1.40740747
1763056740000,1.38164315
1763058900000,1.35746285
1763059440000,1.37462339
1763060880000,1.40630831
1763061360000,1.38084256
1763061600000,1.35624803
1763061660000,1.35675097
1763064360000,1.33276608
1763065560000,1.32527808
1763066460000,1.3019931
1763068140000,1.2780093
1763069040000,1.25488252
1763071800000,1.23805237
1763071860000,1.22021506
1763072640000,1.20257388
1763075880000,1.18593669
1763076360000,1.16958586
1763077500000,1.18111574
1763078280000,1.16217177
1763079360000,1.14082208
1763079480000,1.14051953
1763081520000,1.1196005
1763082000000,1.09999819
1763083500000,1.09410606
1763085900000,1.07628815
1763086560000,1.07076672
1763087640000,1.07880278
1763088540000,1.06572129
1763089080000,1.08003803
1763090940000,1.08748252
1763091900000,1.07238691
1763092500000,1.0831736
1763093100000,1.06947494
1763093880000,1.07879418
1763094840000,1.06384458
1763095020000,1.04769007
1763095080000,1.02836132
1763095140000,1.0103244
1763095200000,1.01403374
1763095380000,1.0258352
1763096940000,1.0387232
1763100120000,1.05341801
1763101560000,1.03748883
1763101980000,1.02234193
1763102880000,1.00419811
1763102940000,1.0323465
1763103360000,1.01432284
1763103540000,0.99674436
1763105940000,0.9783837
1763109300000,1.00055892
1763110260000,1.02288295
1763111580000,1.00724564
1763112480000,1.00694438
1763112840000,0.99062631
1763113440000,1.00542218
1763114400000,1.01977811
1763116440000,1.00534513
1763116620000,0.99176179
1763117340000,1.01051498
1763118300000,1.01909384
1763118540000,1.00468431
1763119140000,0.98918834
1763120400000,0.97218467
1763120640000,0.97528368
1763122320000,0.95840752
1763122500000,0.94096697
1763123760000,0.92455883
1763123940000,0.90863008
1763124360000,0.91236734
1763127600000,0.92175022
1763128500000,0.90574746
1763130720000,0.88971465
1763130840000,0.90110667
1763130960000,0.88573267
1763131080000,0.87079357
1763133720000,0.88208235
1763133960000,0.8802859
1763134560000,0.89625187
1763135160000,0.88035153
1763135280000,0.864885
1763135700000,0.88607211
1763137560000,0.86977803
1763137680000,0.85381456
1763137980000,0.85270738
1763138940000,0.87116636
1763141160000,0.85841294
1763141760000,0.84522738
1763142420000,0.83387148
1763142540000,0.8217188
1763142660000,0.8098339
1763142720000,0.79763958
1763143920000,0.78412958
1763144520000,0.7998074
1763145600000,0.78656888
1763146380000,0.79162805
1763147340000,0.77897516
1763147400000,0.76601796
1763147520000,0.75226976
1763148060000,0.73866412
1763150400000,0.72811439
1763152560000,0.71768472
1763152740000,0.70753127
1763152800000,0.69706638
1763152980000,0.68571628
1763153160000,0.67330934
1763153880000,0.67546014
1763155440000,0.67590975
1763157960000,0.66754966
1763158500000,0.65850224
1763158560000,0.64912447
1763159160000,0.65892332
1763160480000,0.67127219
1763160960000,0.66202625
1763161380000,0.65233499
1763161440000,0.64208728
1763161500000,0.63031188
1763161680000,0.61895693
1763164380000,0.62500951
1763165520000,0.61429925
1763168700000,0.62370924
1763169840000,0.63256219
1763171400000,0.62492085
1763171700000,0.61720604
1763172060000,0.6269878
1763174700000,0.61929205
1763175240000,0.6111246
1763177580000,0.60366683
1763178060000,0.59636392
1763179980000,0.59993435
1763180520000,0.60707144
1763181900000,0.60058026
1763182500000,0.59502495
1763183160000,0.58967426
1763184600000,0.59070894
1763185920000,0.58531316
1763186760000,0.58038661
1763186880000,0.58507505
1763187660000,0.57967166
1763188860000,0.58512166
1763189040000,0.57961825
1763189100000,0.57400144
1763189640000,0.58267285
1763192100000,0.58592682
1763192820000,0.58004632
1763194980000,0.57370504
1763195100000,0.56762809
1763195280000,0.56174936
1763196300000,0.55419289
1763196480000,0.54654807
1763196780000,0.53942736
1763199900000,0.54249417
1763200020000,0.53700561
1763200200000,0.53115827
1763201340000,0.53362857
1763201880000,0.53593164
1763202480000,0.54110866
1763204700000,0.53590295
1763205060000,0.53935212
1763206080000,0.54014735
1763206440000,0.53511861
1763207520000,0.5291234
1763209200000,0.52371161
1763209860000,0.52392697
1763210580000,0.51873609
1763211060000,0.52654187
1763212620000,0.5209452
1763214300000,0.51509388
1763214840000,0.52205866
1763216760000,0.51624595
1763220600000,0.52370251
1763221500000,0.5257568
1763222820000,0.51998463
1763223720000,0.5299851
1763224860000,0.52451977
1763225220000,0.51867827
1763225880000,0.51244594
1763227380000,0.50679463
1763227440000,0.49972066
1763227740000,0.51567259
1763230860000,0.51006666
1763231700000,0.5106087
1763232840000,0.50629177
1763233260000,0.50950189
1763235120000,0.50513361
1763235960000,0.50046264
1763237040000,0.50100722
1763237400000,0.50474023
1763237760000,0.49986371
1763238060000,0.49452689
1763238600000,0.48888102
1763239860000,0.49617897
1763240220000,0.49020244
1763242740000,0.48514099
1763242800000,0.48037429
1763242860000,0.47526068
1763242920000,0.46981141
1763243460000,0.46391009
1763245080000,0.45784596
1763246160000,0.45176192
1763246580000,0.46353796
1763248860000,0.46771142
1763250060000,0.47024981
1763251380000,0.47079477
1763251680000,0.46605139
1763252100000,0.46139985
1763253060000,0.45642126
1763253300000,0.4620676
1763254860000,0.45667843
1763255400000,0.46893295
1763257140000,0.46210289
1763257560000,0.45467595
1763259120000,0.4483569
1763260080000,0.44193162
1763260620000,0.43574027
1763262360000,0.43731387
1763263260000,0.43259829
1763264040000,0.43552563
1763265660000,0.4316046
1763265780000,0.43284284
1763268480000,0.43563267
1763269260000,0.43185893
1763269320000,0.42781658
1763269560000,0.42371427
1763272980000,0.42732798
1763273460000,0.42304051
1763274060000,0.42513511
1763275380000,0.42559371
1763276280000,0.42201233
1763276940000,0.42545352
1763280060000,0.42161285
1763282460000,0.42236939
1763283000000,0.41896181
1763283660000,0.42529816
1763284980000,0.42546284
1763285640000,0.42155523
1763286780000,0.41698631
1763287140000,0.41249562
1763290020000,0.41423093
1763291400000,0.41042094
1763291640000,0.40654315
1763292060000,0.40229464
1763292300000,0.39662807
1763292360000,0.39086812
1763292600000,0.38492232
1763295540000,0.3904242
1763296920000,0.39943472
1763298480000,0.40805916
1763299800000,0.40360755
1763300820000,0.39878276
1763301420000,0.40556889
1763303820000,0.40135272
1763304000000,0.39721861
1763304060000,0.39265035
1763305020000,0.3930935
1763306100000,0.3889086
1763306700000,0.38453337
1763307060000,0.38038182
1763307660000,0.38300601
1763308080000,0.37880325
1763308260000,0.37453061
1763308320000,0.37022345
1763308380000,0.36562908
1763308440000,0.36088874
1763308560000,0.35555201
1763308680000,0.34968731
1763308860000,0.34323084
1763312280000,0.33706046
1763312520000,0.33583792
1763312880000,0.34296721
1763315100000,0.3409689
1763315940000,0.34784383
1763316120000,0.34158578
1763316540000,0.34157079
1763317200000,0.34849265
1763318820000,0.34222318
1763320500000,0.33603286
1763321700000,0.34217868
1763324160000,0.34780816
1763325600000,0.35390082
1763327040000,0.34993872
1763327220000,0.34548886
1763328240000,0.34065643
1763330460000,0.34259212
1763330700000,0.33822211
1763330880000,0.33369664
1763331000000,0.32933092
1763331180000,0.34024414
1763333220000,0.3470822
1763333400000,0.34143448
1763333580000,0.33542542
1763334060000,0.34539884
1763335860000,0.35377932
1763338260000,0.35550974
1763338920000,0.3493914
1763339220000,0.34297751
1763339400000,0.33668217
1763344920000,0.3323412
1763345640000,0.32746046
1763346300000,0.32472662
1763348520000,0.32154441
1763348700000,0.31835179
1763348820000,0.3151028
1763349120000,0.31157382
1763349300000,0.3080875
1763350320000,0.31183469
1763351460000,0.31185713
1763352300000,0.31543578
1763354820000,0.31545406
1763356980000,0.31249965
1763360040000,0.3150824
1763360220000,0.31155227
1763361060000,0.31509341
1763362380000,0.31225078
1763362560000,0.30927322
1763363040000,0.3116908
1763365680000,0.31324132
1763367840000,0.30997147
1763369280000,0.31119275
1763371080000,0.30794432
1763371680000,0.31098602
1763372520000,0.31463151
1763372820000,0.31113852
1763374740000,0.31147266
1763375640000,0.31367666
1763376660000,0.3157735
1763378460000,0.31788188
1763379240000,0.31495864
1763379900000,0.31160836
1763380260000,0.31557312
1763383320000,0.3118262
1763383620000,0.31817278
1763385060000,0.31486422
1763385180000,0.31162713
1763386020000,0.30815048
1763386260000,0.30416051
1763386380000,0.29960898
1763386620000,0.2950217
1763386920000,0.29034323
1763387340000,0.28520231
1763387520000,0.27995009
1763389440000,0.28783733
1763390040000,0.28281634
1763390160000,0.27794777
1763390220000,0.27326419
1763390460000,0.27333112
1763392620000,0.2687236
1763392740000,0.2641426
1763393280000,0.27216359
1763395320000,0.26727183
1763395500000,0.26253141
1763395860000,0.25783687
1763396160000,0.25736587
1763397840000,0.26344285
1763399700000,0.25867356
1763400300000,0.25729958
1763400780000,0.25258224
1763401020000,0.2521882
1763403000000,0.24766317
1763403120000,0.24985229
1763405040000,0.25255663
1763405340000,0.25176051
1763407380000,0.2538128
1763408040000,0.25561045
1763408220000,0.25797071
1763409720000,0.25333803
1763409840000,0.25567273
1763411760000,0.26143703
1763412660000,0.25662588
1763414640000,0.26244795
1763417820000,0.26423639
1763419740000,0.26331157
1763420760000,0.26670636
1763421420000,0.26562193
1763421840000,0.26117426
1763424000000,0.26215599
1763425920000,0.25863381
1763427000000,0.25393002
1763427780000,0.24932432
1763428740000,0.24475577
1763429580000,0.24917273
1763431440000,0.24556495
1763431740000,0.25069869
1763432400000,0.25962231
1763432580000,0.25498123
1763432880000,0.25046496
1763433300000,0.25108976
1763434920000,0.2465486
1763436660000,0.25068333
1763437500000,0.24633066
1763439180000,0.2417933
1763440380000,0.24506696
1763441760000,0.24067571
1763441880000,0.23638371
1763442360000,0.23836297
1763444280000,0.24111527
1763445060000,0.24574876
1763446080000,0.24942451
1763446320000,0.2453398
1763446980000,0.2491494
1763448120000,0.24541747
1763449560000,0.2485222
1763449740000,0.24401197
1763450340000,0.25003576
1763451060000,0.24809285
1763453760000,0.25209574
1763455200000,0.24821069
1763455800000,0.25165798
1763456760000,0.24818541
1763456940000,0.24453368
1763458260000,0.24636209
1763461560000,0.24890069
1763461800000,0.24595763
1763461860000,0.24291846
1763461920000,0.23996783
1763462400000,0.24577925
1763468040000,0.24332532
1763468220000,0.24664605
1763469660000,0.24377677
1763470320000,0.24583066
1763471280000,0.24277914
1763472360000,0.2398049
1763472780000,0.2427323
1763474040000,0.23898473
1763475300000,0.24178901
1763475960000,0.23836763
1763476260000,0.24197684
1763476620000,0.24066307
1763478420000,0.2462488
1763478780000,0.24194226
1763479440000,0.23773286
1763479980000,0.23707002
1763481900000,0.23274745
1763482080000,0.23726851
1763483160000,0.23306525
1763486040000,0.22961353
1763486700000,0.22625782
1763486880000,0.22307617
1763487480000,0.22741775
1763489340000,0.22445974
1763490300000,0.22431121
1763491560000,0.22535405
1763491860000,0.22269761
1763492460000,0.22537815
1763494320000,0.2260998
1763494800000,0.22785767
1763495400000,0.22530054
1763496660000,0.22729838
1763497380000,0.22487914
1763499180000,0.22775071
1763499600000,0.22481877
1763500080000,0.22188461
1763502000000,0.21896205
1763503860000,0.21654299
1763504220000,0.21418559
1763507760000,0.21180512
1763510220000,0.21332525
1763510520000,0.21134646
1763510940000,0.20915894
1763511720000,0.21293303
1763512980000,0.21034104
1763513040000,0.20741157
1763513400000,0.20462492
1763514600000,0.2019239
1763515140000,0.20409605
1763515980000,0.21066775
1763518140000,0.20761571
1763518260000,0.20468371
1763518560000,0.20166146
1763520120000,0.20451554
1763520840000,0.20206056
1763520900000,0.19943178
1763521500000,0.20404896
1763523480000,0.20126623
1763524080000,0.19984017
1763526840000,0.19709653
1763527020000,0.19419909
1763527860000,0.19604076
1763529900000,0.193281
1763530440000,0.19062879
1763530620000,0.18814921
1763531220000,0.18558673
1763532300000,0.18688787
1763534220000,0.18442433
1763535420000,0.18649485
1763536680000,0.1871785
1763537880000,0.18490549
1763538060000,0.18266756
1763540520000,0.18424444
1763540820000,0.18207678
1763541480000,0.18312133
1763543040000,0.1809844
1763543100000,0.17873074
1763543640000,0.18170011
1763544600000,0.18511447
1763546820000,0.18287662
1763547120000,0.18543504
1763550840000,0.18691563
1763551800000,0.18504728
1763553000000,0.18486616
1763553780000,0.18305777
1763554260000,0.18472522
1763556240000,0.18621626
1763557200000,0.18697217
1763557500000,0.18493446
1763558100000,0.187099
1763559600000,0.18480814
1763560740000,0.18201648
1763561580000,0.18639098
1763563380000,0.18489232
1763564460000,0.1815149
1763564640000,0.17822646
1763564820000,0.17497919
1763565360000,0.17382681
1763565720000,0.17072649
1763565780000,0.16770769
1763565960000,0.16475138
1763567700000,0.16365059
1763570400000,0.16068745
1763570460000,0.16110688
1763571600000,0.16289896
1763574120000,0.16537088
1763576160000,0.16891999
1763576280000,0.16593749
1763576640000,0.16290247
1763576820000,0.16005367
1763579340000,0.15761804
1763581260000,0.15893309
1763581860000,0.15697972
1763582100000,0.15505184
1763582520000,0.15744722
1763584440000,0.15619158
1763584560000,0.15395851
1763584860000,0.15759029
1763586300000,0.15703163
1763587260000,0.15418928
1763587320000,0.15136523
1763587380000,0.14864413
1763587920000,0.14917549
1763593500000,0.14740896
1763593620000,0.14558848
1763593680000,0.14368606
1763593740000,0.14169246
1763594760000,0.14228408
1763596260000,0.14319589
1763596920000,0.14478696
1763598000000,0.14332504
1763599020000,0.14174239
1763599200000,0.14489305
1763600160000,0.14618233
1763600820000,0.14438091
1763600940000,0.14248637
1763601120000,0.14054708
1763602440000,0.14264364
1763603640000,0.14175316
1763604300000,0.13927063
1763604360000,0.13676384
1763604420000,0.13675796
1763604480000,0.13640675
1763607840000,0.13424218
1763609100000,0.13614675
1763609640000,0.13890277
1763611320000,0.13967865
1763612340000,0.13808863
1763612580000,0.14075537
1763613960000,0.13902229
1763614200000,0.1372221
1763614380000,0.13557926
1763617680000,0.13647023
1763619660000,0.13510096
1763620140000,0.13580535
1763620980000,0.13450776
1763621400000,0.13310658
1763621460000,0.13151854
1763622000000,0.13387694
1763624820000,0.13244149
1763626380000,0.13108649
1763626500000,0.12980408
1763626860000,0.13216331
1763629380000,0.13093754
1763629560000,0.12974346
1763630280000,0.12848747
1763630460000,0.1272098
1763630640000,0.1260505
1763632020000,0.12468738
1763632140000,0.12330221
1763634000000,0.12505393
1763634960000,0.12554107
1763636700000,0.12549912
1763637540000,0.12612044
1763638440000,0.12483099
1763639520000,0.12518554
1763641260000,0.12651519
1763642880000,0.12772636
1763644740000,0.12952612
1763645400000,0.13213943
1763645460000,0.13001525
1763647200000,0.12763895
1763647500000,0.12531663
1763647620000,0.12305278
1763648280000,0.12596907
1763650020000,0.12771356
1763650860000,0.13028681
1763651220000,0.13046051
1763654340000,0.12806378
1763654460000,0.12570934
1763654640000,0.12341682
1763654820000,0.1212331
1763655000000,0.11913122
1763655420000,0.11712283
1763658420000,0.11815591
1763659020000,0.11829436
1763660700000,0.12069792
1763661660000,0.12332133
1763662260000,0.12111642
1763663040000,0.12361827
1763664060000,0.12133491
1763664600000,0.1191231
1763665320000,0.11713074
1763665680000,0.11703834
1763666760000,0.11496029
1763666820000,0.11286917
1763667480000,0.11661058
1763668620000,0.11457784
1763669220000,0.11772549
1763670540000,0.11760346
1763673600000,0.11601564
1763673660000,0.11425973
1763673780000,0.11246115
1763676660000,0.11085595
1763676900000,0.10926878
1763678040000,0.11089271
1763680200000,0.10935518
1763681940000,0.1077711
1763683440000,0.10988037
1763685420000,0.11236972
1763686860000,0.1131071
1763688120000,0.1159253
1763688840000,0.11826981
1763691060000,0.11666405
1763691480000,0.11494088
1763691660000,0.12051847
1763693520000,0.12071453
1763693880000,0.11853496
1763697000000,0.11978034
1763698680000,0.11795323
1763699040000,0.11700852
1763699520000,0.11504891
1763700180000,0.11672852
1763702880000,0.11776992
1763703420000,0.11612776
1763703600000,0.11449354
1763704920000,0.11686645
1763705280000,0.11499804
1763707080000,0.11328924
1763707440000,0.1148006
1763709360000,0.11299939
1763709420000,0.1112126
1763709660000,0.1093377
1763710200000,0.10895959
1763710380000,0.10700373
1763710440000,0.10519467
1763710500000,0.1056353
1763710560000,0.10392277
1763710620000,0.10481636
1763712660000,0.10305479
1763714160000,0.10122568
1763714820000,0.10281748
1763716500000,0.10343823
1763717220000,0.10171714
1763717460000,0.10003854
1763717760000,0.09819778
1763719140000,0.09826325
1763719920000,0.09817608
1763721060000,0.09957463
1763723640000,0.09944343
1763725020000,0.09766556
1763725200000,0.09593266
1763725620000,0.094211
1763727180000,0.09549993
1763727660000,0.09378643
1763727720000,0.09208795
1763727840000,0.09045404
1763727900000,0.09015377
1763728620000,0.08864093
1763728740000,0.08716141
1763731440000,0.08973408
1763733660000,0.08808197
1763734380000,0.08795258
1763735640000,0.08635017
1763736060000,0.0848419
1763739420000,0.08333801
1763739480000,0.08186316
1763740080000,0.08229782
1763741460000,0.08227994
1763742000000,0.08253861
1763743440000,0.08415222
1763744160000,0.08270651
1763746620000,0.08243105
1763747640000,0.0809114
1763748180000,0.07942226
1763748360000,0.07796367
1763749020000,0.07657299
1763750940000,0.07518941
1763751660000,0.07633622
1763752740000,0.07717038
1763754360000,0.07581509
1763755140000,0.07643961
1763755680000,0.07518189
1763755920000,0.07698688
1763757120000,0.07566221
1763758200000,0.0742781
1763760240000,0.07294004
1763761200000,0.07162945
1763763600000,0.0707156
1763763780000,0.0698727
1763764200000,0.0688742
1763764500000,0.06770431
1763765460000,0.0664619
1763765820000,0.06525178
1763767680000,0.0641221
1763769900000,0.06529018
1763770680000,0.06625055
1763773320000,0.06689661
1763773740000,0.0675966
1763774520000,0.06832796
1763775360000,0.06734571
1763777460000,0.06647132
1763778360000,0.06714453
1763779080000,0.06626009
1763779440000,0.0653668
1763781480000,0.06562269
1763782500000,0.06476513
1763784240000,0.06397184
1763784360000,0.06312935
1763784780000,0.06231562
1763786880000,0.06303889
1763787300000,0.06212058
1763787960000,0.06290617
1763788860000,0.06194658
1763792520000,0.06100549
1763793060000,0.06005475
1763794140000,0.06071338
1763794920000,0.06109381
1763796000000,0.06159736
1763797140000,0.06268736
1763798580000,0.06195493
1763798940000,0.06115015
1763799600000,0.06034896
1763799960000,0.0595197
1763802780000,0.05875973
1763803260000,0.05798424
1763803920000,0.05841352
1763804160000,0.0575931
1763805000000,0.05901927
1763806560000,0.05955629
1763807040000,0.05881015
1763807700000,0.05937632
1763808960000,0.05971161
1763809500000,0.05900894
1763809680000,0.05819954
1763810100000,0.05740083
1763810820000,0.05657116
1763811660000,0.0577065
1763812920000,0.05708569
1763813040000,0.0565017
1763813160000,0.05592332
1763813280000,0.05533872
1763813400000,0.054736
1763815740000,0.05411579
1763815860000,0.0551148
1763816760000,0.05564795
1763817720000,0.05633588
1763820300000,0.05554428
1763820900000,0.05477262
1763820960000,0.05393699
1763823000000,0.05492416
1763825160000,0.05419198
1763826000000,0.05345647
1763826300000,0.05272027
1763827680000,0.05199864
1763827860000,0.05132433
1763828220000,0.05063405
1763829720000,0.05005309
1763829840000,0.04946611
1763830740000,0.04983255
1763831100000,0.04915701
1763831340000,0.04981308
1763834280000,0.05030409
1763835600000,0.04980271
1763836620000,0.04930604
1763837700000,0.0496734
1763840940000,0.05010673
1763842260000,0.0504638
1763843760000,0.04991274
1763844240000,0.049341
1763845380000,0.04993111
1763849700000,0.04938864
1763851020000,0.04881722
1763851200000,0.04924022
1763851860000,0.04872854
1763851980000,0.04815821
1763852760000,0.04971074
1763856600000,0.04923079
1763857860000,0.04990151
1763859060000,0.05054712
1763861880000,0.04991896
1763862000000,0.04930395
1763863080000,0.0500444
1763863680000,0.05039047
1763865180000,0.04971953
1763866080000,0.04900778
1763868240000,0.04842522
1763870400000,0.0479586
1763870640000,0.0474876
1763870880000,0.04702587
1763871060000,0.04653196
1763871480000,0.04601117
1763871720000,0.04540989
1763876340000,0.04495699
1763877360000,0.04536731
1763881020000,0.04559497
1763881500000,0.04514648
1763882160000,0.04469552
1763882820000,0.04420825
1763883360000,0.04472651
1763887320000,0.04422902
1763887560000,0.04462337
1763888220000,0.04409676
1763890920000,0.04359721
1763891400000,0.04421361
1763893320000,0.04439993
1763896020000,0.04397722
1763896260000,0.04351781
1763896620000,0.0430404
1763897100000,0.04350697
1763899500000,0.04306173
1763899860000,0.04262748
1763899980000,0.04219392
1763900040000,0.04177859
1763900160000,0.04133889
1763900220000,0.04086488
1763900460000,0.04038868
1763901600000,0.04107651
1763903400000,0.04146533
1763904060000,0.04098724
1763906460000,0.04055824
1763906580000,0.04004408
1763907000000,0.04103798
1763908860000,0.04152205
1763910120000,0.04167861
1763912220000,0.04115475
1763912400000,0.04060554
1763912460000,0.04005301
1763913360000,0.03947071
1763913720000,0.03892019
1763916660000,0.0389014
1763917080000,0.03840484
1763917200000,0.037908
1763917260000,0.03738719
1763918220000,0.03681238
1763919960000,0.03757789
1763920620000,0.03794807
1763922300000,0.03836043
1763923500000,0.0389774
1763924940000,0.03918051
1763925420000,0.03878617
1763926140000,0.0393222
1763929860000,0.03967365
1763931720000,0.0392799
1763931900000,0.03888585
1763932080000,0.03848016
1763932560000,0.03893004
1763934840000,0.0385515
1763934960000,0.03818445
1763935260000,0.03875266
1763936700000,0.03904026
1763938980000,0.03856784
1763939100000,0.03809517
1763939640000,0.03758421
1763940360000,0.03830035
1763942400000,0.03781533
1763942520000,0.03734436
1763942940000,0.03686111
1763943480000,0.03635039
1763943780000,0.03696699
1763944500000,0.03676654
1763945460000,0.03647605
1763948400000,0.03668368
1763948940000,0.03707698
1763949360000,0.03651695
1763949780000,0.03588396
1763950260000,0.03567756
1763952600000,0.0359603
1763953200000,0.0354178
1763953560000,0.03596994
1763954400000,0.03547828
1763955240000,0.03544084
1763957700000,0.03498748
1763957760000,0.03449299
1763957820000,0.03398685
1763958000000,0.0334386
1763958240000,0.032914
1763960820000,0.03251328
1763960880000,0.03210946
1763960940000,0.0316759
1763961120000,0.03125363
1763963940000,0.03149777
1763964300000,0.03112292
1763964360000,0.03070074
1763965320000,0.03082675
1763966100000,0.03116523
1763967240000,0.03142519
1763968680000,0.03205167
1763970180000,0.031643
1763970360000,0.03219608
1763971200000,0.03174167
1763971800000,0.03132459
1763974620000,0.03095816
1763975160000,0.03132414
1763975700000,0.03092115
1763975760000,0.03051674
1763976300000,0.03006761
1763978700000,0.02972883
1763980320000,0.02983234
1763982480000,0.02953154
1763983140000,0.02965736
1763984160000,0.02936419
1763984640000,0.02905925
1763985000000,0.02875099
1763986260000,0.02844806
1763986800000,0.02866812
1763987760000,0.02905388
1763989800000,0.02872222
1763990580000,0.02910645
1763992920000,0.02881213
1763993580000,0.02908977
1763994600000,0.02902366
1763994900000,0.02857695
1763995200000,0.02936128
1763995980000,0.03028122
1763999040000,0.02972334
1764001620000,0.02922781
1764002220000,0.02872385
1764002580000,0.02820195
1764004260000,0.02874375
1764004920000,0.02827747
1764005040000,0.02777605
1764005100000,0.02726309
1764005280000,0.02676746
1764005640000,0.02628213
1764007260000,0.02584942
1764007620000,0.02564778
1764008100000,0.02621865
1764009120000,0.02657746
1764012420000,0.02625496
1764013440000,0.02648965
1764014520000,0.02618103
1764014820000,0.02586178
1764014940000,0.02556119
1764015000000,0.02523599
1764015180000,0.02483191
1764015660000,0.02442628
1764020820000,0.02447336
1764021720000,0.02420209
1764022020000,0.02393694
1764022500000,0.0244106
1764024660000,0.02415423
1764027780000,0.0242179
1764028680000,0.02437836
1764029280000,0.02459333
1764030960000,0.02430408
1764031680000,0.02462192
1764033060000,0.02499968
1764033480000,0.0254524
1764036000000,0.02515761
1764037560000,0.0248659
1764038460000,0.02492368
1764038940000,0.02466056
1764039900000,0.02440906
1764040020000,0.02417424
1764040500000,0.02434309
1764041760000,0.02409057
1764041940000,0.02385603
1764044040000,0.02362582
1764044520000,0.02388483
1764046440000,0.02366032
1764048660000,0.02395503
1764050820000,0.02375015
1764051840000,0.02354723
1764052320000,0.02334433
1764052920000,0.02312195
1764054120000,0.02329229
1764055440000,0.02305571
1764055500000,0.02281133
1764055560000,0.02256493
1764056400000,0.02268387
1764057660000,0.02249888
1764059100000,0.02265086
1764060060000,0.02290481
1764061020000,0.02260779
1764061080000,0.0222887
1764061860000,0.02197519
1764063840000,0.02171688
1764064620000,0.0214668
1764065520000,0.02155723
1764066840000,0.02132666
1764068580000,0.02112835
1764069480000,0.02127973
1764070800000,0.0210815
1764071520000,0.02117758
1764072060000,0.02135228
1764072840000,0.02110705
1764072960000,0.02144985
1764074280000,0.02118767
1764076320000,0.02133188
1764077640000,0.0215301
1764078000000,0.02121872
1764079740000,0.02157401
1764081000000,0.02156074
1764081180000,0.02188329
1764081900000,0.02149994
1764082020000,0.02110341
1764082080000,0.02071854
1764082200000,0.02034306
1764084780000,0.01996986
1764085440000,0.01983841
1764087540000,0.019551
1764087660000,0.01926716
1764088140000,0.01896806
1764090600000,0.01936987
1764090840000,0.01908251
1764091380000,0.01898408
1764092100000,0.01872594
1764092160000,0.01845893
1764092400000,0.01819513
1764093540000,0.01797281
1764094140000,0.01822536
1764097320000,0.0180287
1764097440000,0.01782164
1764097680000,0.01761114
1764098160000,0.01736622
1764100440000,0.01713651
1764102660000,0.01692539
1764103440000,0.01708737
1764104160000,0.01718885
1764104820000,0.01740907
1764108120000,0.01722364
1764108240000,0.01704018
1764108300000,0.01685877
1764108660000,0.01667096
1764109500000,0.01647168
1764110220000,0.01628279
1764110340000,0.01608736
1764110400000,0.01586799
1764111480000,0.01565023
1764111540000,0.01561473
1764116340000,0.01542348
1764116760000,0.01561249
1764119580000,0.0157099
1764120600000,0.01553805
1764120780000,0.0153596
1764124440000,0.01520164
1764125040000,0.01534513
1764126480000,0.01520871
1764126960000,0.01531418
1764127860000,0.01560065
1764128400000,0.01545327
1764129240000,0.015301
1764133500000,0.01535832
1764133740000,0.01523382
1764134220000,0.01510336
1764136380000,0.01516465
1764137220000,0.01525867
1764138600000,0.01534848
1764139800000,0.01519352
1764143280000,0.01524931
1764144180000,0.01534862
1764144660000,0.01519122
1764145200000,0.01504264
1764145500000,0.01488648
1764146700000,0.01494217
1764148620000,0.01474094
1764148800000,0.01453274
1764151440000,0.01437433
1764152400000,0.0145124
1764153120000,0.01435521
1764153600000,0.01449933
1764156060000,0.01437004
1764156660000,0.01423911
1764157380000,0.0143039
1764158640000,0.01414659
1764159240000,0.01398564
1764161700000,0.01398821
1764162180000,0.01410961
1764163740000,0.01421041
1764164400000,0.01404166
1764165120000,0.01417744
1764166920000,0.01401273
1764167580000,0.01382923
1764167940000,0.01412618
1764168600000,0.01442485
1764171660000,0.01461314
1764172380000,0.01504058
1764174600000,0.01526635
1764175140000,0.01541763
1764175860000,0.01516414
1764177660000,0.01530503
1764177900000,0.01509765
1764177960000,0.01489976
1764178080000,0.01468429
1764178380000,0.01445468
1764180120000,0.01435701
1764180600000,0.01409401
1764180900000,0.01384309
1764181320000,0.01359642
1764184680000,0.01381366
1764186540000,0.01365602
1764186660000,0.01380744
1764187380000,0.01364344
1764187500000,0.01346444
1764187560000,0.01330007
1764188040000,0.01351859
1764192300000,0.01336421
1764192660000,0.01320852
1764194280000,0.01307699
1764197100000,0.0129247
1764199800000,0.0128035
1764200460000,0.0129249
1764201900000,0.01279985
1764202200000,0.01267117
1764202680000,0.01288968
1764204420000,0.01276492
1764204480000,0.01264405
1764204720000,0.01286439
1764207360000,0.01290986
1764208620000,0.0127965
1764208740000,0.01266924
1764209280000,0.01259352
1764210720000,0.0124602
1764211680000,0.01265048
1764212400000,0.01249703
1764214200000,0.01236962
1764215040000,0.01223589
1764215760000,0.01233053
1764217140000,0.01239966
1764218160000,0.01247818
1764220020000,0.01237246
1764220080000,0.01242867
1764221400000,0.01252836
1764223080000,0.01251524
1764223740000,0.01240513
1764223800000,0.01229215
1764223920000,0.01218682
1764224880000,0.01206727
1764226680000,0.01197117
1764227040000,0.01201666
1764228420000,0.01191626
1764230820000,0.01181369
1764231420000,0.01170458
1764231720000,0.01160107
1764235140000,0.01150091
1764235440000,0.01165397
1764237060000,0.01153707
1764237480000,0.01140719
1764239460000,0.01149575
1764243000000,0.01140287
1764243780000,0.01130746
1764244620000,0.01129972
1764245460000,0.01138373
1764246660000,0.01149282
1764247620000,0.01138401
1764248400000,0.01143294
1764249720000,0.01150651
1764250680000,0.01167873
1764253800000,0.01155477
1764256080000,0.01175504
1764257760000,0.01164925
1764257940000,0.01153294
1764258960000,0.01165065
1764264480000,0.01173697
1764264840000,0.01181182
1764265380000,0.01168773
1764266760000,0.01157498
1764267360000,0.01145638
1764267720000,0.01156538
1764268680000,0.01145575
1764268740000,0.0113499
1764269160000,0.01124055
1764270420000,0.01114315
1764270960000,0.01103708
1764271380000,0.0110877
1764272520000,0.0109941
1764273120000,0.01105579
1764276420000,0.01115297
1764277200000,0.01106375
1764277260000,0.01097228
1764277380000,0.0108761
1764277560000,0.01077901
1764278220000,0.01086286
1764280200000,0.01076395
1764281160000,0.01066418
1764281280000,0.01056934
1764281760000,0.01061073
1764282900000,0.0105176
1764283200000,0.01042475
1764283440000,0.01032874
1764283500000,0.01022698
1764284400000,0.01030027
1764286380000,0.01020847
1764286860000,0.01028172
1764288480000,0.01031509
1764289200000,0.01037802
1764292260000,0.01027729
1764292440000,0.01017164
1764292500000,0.01006164
1764292680000,0.00994723
1764294720000,0.00984047
1764295320000,0.00992644
1764296640000,0.01002413
1764299520000,0.0100286
1764301140000,0.01006899
1764303240000,0.00999017
1764303840000,0.01005866
1764306540000,0.00997343
1764307140000,0.01002746
1764309180000,0.01001737
1764309660000,0.00993934
1764309720000,0.00986068
1764309900000,0.0097815
1764311040000,0.00970308
1764312000000,0.00978762
1764314700000,0.00971537
1764314940000,0.00963842
1764315720000,0.00955218
1764317100000,0.00956342
1764317520000,0.00947765
1764318000000,0.00939421
1764318660000,0.0094386
1764318960000,0.00935483
1764319800000,0.00926967
1764319860000,0.00918223
1764319920000,0.0090737
1764320400000,0.00900226
1764321480000,0.0091701
1764323640000,0.00918985
1764324120000,0.00922903
1764325200000,0.00914797
1764325620000,0.00923507
1764327120000,0.00915986
1764327240000,0.00907713
1764327600000,0.00916348
1764327900000,0.00907781
1764328260000,0.00898446
1764328500000,0.0088921
1764329460000,0.00900693
1764330960000,0.00890901
1764331380000,0.00881798
1764331980000,0.00889324
1764333180000,0.00891577
1764335100000,0.00891307
1764335880000,0.00893578
1764336360000,0.00885709
1764336720000,0.00877818
1764337140000,0.00869357
1764337620000,0.0085953
1764337680000,0.00847754
1764338100000,0.00864087
1764339960000,0.00853062
1764340020000,0.00841983
1764340200000,0.00840479
1764341160000,0.00827378
1764343680000,0.0083664
1764344280000,0.00857912
1764344760000,0.00842062
1764346560000,0.00846587
1764346920000,0.00835451
1764347040000,0.00824187
1764347220000,0.00812914
1764347400000,0.00801447
1764349080000,0.00791374
1764349200000,0.00781511
1764349260000,0.00771779
1764349980000,0.00761262
1764350160000,0.00749667
1764351060000,0.00757711
1764351900000,0.00766397
1764352860000,0.00754195
1764352980000,0.00740825
1764353460000,0.00761088
1764355980000,0.00767847
1764358320000,0.00769065
1764360000000,0.00761849
1764360060000,0.00754966
1764360240000,0.00747392
1764360960000,0.00748595
1764361380000,0.00741046
1764363780000,0.00733947
1764365160000,0.00738591
1764366480000,0.00743243
1764367200000,0.00736679
1764368580000,0.00728735
1764368760000,0.00739252
1764370920000,0.0073284
1764371220000,0.00740626
1764373620000,0.00734618
1764374580000,0.00734989
1764375600000,0.00738847
1764376620000,0.00732705
1764378420000,0.00736274
1764378900000,0.00738512
1764379440000,0.00743725
1764380760000,0.00746541
1764382500000,0.0074101
1764382800000,0.00745417
1764383580000,0.00739243
1764383700000,0.00733024
1764384420000,0.00734741
1764385860000,0.0073672
1764387060000,0.00731288
1764387660000,0.00734341
1764389220000,0.00735793
1764390300000,0.00731022
1764391140000,0.00730864
1764392340000,0.00725946
1764392820000,0.00728948
1764395640000,0.00724156
1764396120000,0.00725317
1764397680000,0.00719081
1764400140000,0.00718926
1764400560000,0.00713571
1764401400000,0.00707623
1764402000000,0.0070222
1764402540000,0.00696413
1764403260000,0.00701579
1764405060000,0.00696389
1764406620000,0.00696497
1764408720000,0.00697371
1764410700000,0.00697484
1764411000000,0.00700663
1764411480000,0.00704357
1764414660000,0.0070756
1764416400000,0.00702947
1764416520000,0.0069842
1764417600000,0.00697757
1764418260000,0.0069938
1764418500000,0.00694624
1764419280000,0.00689516
1764421440000,0.00690125
1764422340000,0.00691496
1764425400000,0.00686624
1764425640000,0.00689501
1764427260000,0.00684712
1764427620000,0.00687081
1764429360000,0.00682077
1764429420000,0.00676094
1764429720000,0.00670282
1764433500000,0.0068303
1764434220000,0.00689861
1764435060000,0.0068444
1764435720000,0.00678994
1764436320000,0.00672367
1764436920000,0.00666091
1764438540000,0.00659999
1764438840000,0.00653577
1764440760000,0.00646407
1764441000000,0.0063879
1764441360000,0.00649337
1764443520000,0.00642965
1764444660000,0.00643788
1764445980000,0.00645571
1764447360000,0.00640426
1764448680000,0.00640309
1764449280000,0.00635218
1764449640000,0.00629999
1764450120000,0.00633808
1764452100000,0.00628908
1764453660000,0.00629013
1764455340000,0.00624013
1764456540000,0.00629403
1764458340000,0.0063045
1764458700000,0.00625665
1764459660000,0.00625545
1764461760000,0.00621012
1764462360000,0.00623166
1764462840000,0.00618364
1764463200000,0.00625082
1764464700000,0.00620374
1764464820000,0.00615549
1764465540000,0.00620394
1764466260000,0.00625749
1764467220000,0.00630895
1764468420000,0.00626447
1764468900000,0.00621786
1764470220000,0.00617216
1764470460000,0.00612801
1764472320000,0.00607987
1764472680000,0.00602918
1764472980000,0.00607491
1764474180000,0.00602124
1764475200000,0.00603327
1764476160000,0.00606513
1764477360000,0.00601888
1764478200000,0.00603316
1764478800000,0.00605187
1764479100000,0.00600923
1764479160000,0.00596947
1764479580000,0.00592826
1764480780000,0.00593155
1764482940000,0.00588704
1764483420000,0.00593812
1764485160000,0.00595654
1764486180000,0.00595756
1764486660000,0.00598483
1764489060000,0.00593854
1764491280000,0.00600019
1764492120000,0.00608055
1764494100000,0.00611479
1764494580000,0.00614263
1764498780000,0.00615704
1764499740000,0.00616705
1764500940000,0.0061838
1764501960000,0.00613795
1764502740000,0.00615926
1764504300000,0.00618292
1764504900000,0.00613415
1764506580000,0.0060858
1764506640000,0.00603527
1764506760000,0.00598533
1764507780000,0.00592917
1764508740000,0.00587755
1764508800000,0.00581938
1764508860000,0.00576193
1764509040000,0.00569698
1764509640000,0.00561082
1764512400000,0.00555637
1764512460000,0.0054985
1764513360000,0.00543847
1764513540000,0.00538491
1764514440000,0.00538943
1764515100000,0.00534074
1764515220000,0.00528662
1764515940000,0.00533341
1764516720000,0.00536686
1764518460000,0.00532203
1764519120000,0.00527556
1764519420000,0.00522873
1764519720000,0.0051787
1764520020000,0.00512573
1764521640000,0.00515186
1764522240000,0.00509833
1764522600000,0.00504535
1764523740000,0.00504769
1764524340000,0.00509018
1764526620000,0.0050372
1764529200000,0.00499552
1764530580000,0.0049606
1764530760000,0.00492377
1764530940000,0.00488697
1764531060000,0.00484915
1764531180000,0.00480929
1764532260000,0.00476466
1764533820000,0.00479121
1764534360000,0.00475242
1764537120000,0.00471485
1764537540000,0.00467409
1764537600000,0.0046299
1764537720000,0.00458705
1764538140000,0.00461967
1764540240000,0.00458405
1764540420000,0.0045501
1764541560000,0.00455236
1764541860000,0.00451583
1764542280000,0.00448058
1764542460000,0.0045188
1764544080000,0.00447417
1764544800000,0.00442883
1764545160000,0.00437814
1764545400000,0.00432705
1764546900000,0.00425999
1764547440000,0.00419098
1764547620000,0.00411673
1764547680000,0.00404486
1764548280000,0.00397561
1764549660000,0.00396948
1764550920000,0.00400458
1764551340000,0.00400023
1764552900000,0.00406334
1764554760000,0.00400546
1764555360000,0.00405379
1764556800000,0.00413486
1764558060000,0.0040769
1764558480000,0.00402324
1764559080000,0.00404405
1764562020000,0.00406499
1764564840000,0.00401356
1764565260000,0.00403925
1764565740000,0.00409406
1764569940000,0.00412828
1764571140000,0.00408527
1764571800000,0.00410162
1764573840000,0.00411811
1764574380000,0.00407592
1764574680000,0.00403706
1764575340000,0.00399817
1764576600000,0.00403281
1764578160000,0.00399498
1764578880000,0.00395823
1764579660000,0.00398162
1764580140000,0.00393746
1764580380000,0.00388944
1764582120000,0.00390332
1764583200000,0.00392967
1764584220000,0.00396218
1764586320000,0.00393049
1764586680000,0.00394614
1764590580000,0.00391305
1764590700000,0.00387715
1764591060000,0.00384029
1764591120000,0.00380133
1764591480000,0.00376225
1764592560000,0.00380576
1764592920000,0.00376139
1764593280000,0.00373409
1764593400000,0.00373962
1764594120000,0.00367501
1764594540000,0.00364514
1764595980000,0.00359364
1764597060000,0.00361093
1764597840000,0.00356645
1764597900000,0.00356444
1764599520000,0.00353581
1764600120000,0.00359455
1764602520000,0.00353681
1764602700000,0.00347236
1764603120000,0.00340875
1764603300000,0.00339588
1764604320000,0.00333618
1764604440000,0.00331586
1764607020000,0.00334475
1764607440000,0.00341125
1764610320000,0.00347871
1764611700000,0.00351809
1764612720000,0.00357523
1764613680000,0.00359991
1764614580000,0.0035489
1764616020000,0.00361912
1764617760000,0.00367681
1764619260000,0.00363002
1764619500000,0.00358094
1764619740000,0.00353035
1764620160000,0.00363076
1764623160000,0.00366775
1764623520000,0.00371078
1764624360000,0.00368002
1764626640000,0.00363129
1764627180000,0.00370609
1764629160000,0.00366011
1764629520000,0.00361877
1764633900000,0.00358268
1764634740000,0.00354282
1764636060000,0.00359721
1764637980000,0.00370935
1764640980000,0.00370368
1764641280000,0.00372433
1764641700000,0.00367916
1764641880000,0.00363042
1764643980000,0.00358655
1764644340000,0.00355087
1764645720000,0.00351522
1764645960000,0.00347904
1764646860000,0.00344476
1764646920000,0.00340805
1764646980000,0.00337053
1764647820000,0.00333109
1764648840000,0.00336508
1764651660000,0.00333433
1764652200000,0.00337405
1764655560000,0.00334433
1764656280000,0.00331179
1764657000000,0.00327981
1764658500000,0.00325149
1764658920000,0.00327449
1764660720000,0.00324603
1764661140000,0.00321862
1764662400000,0.00322634
1764662760000,0.00319912
1764662940000,0.00317121
1764663120000,0.00314276
1764663900000,0.00311572
1764664500000,0.00313942
1764666060000,0.00316456
1764667080000,0.00319593
1764670560000,0.00320111
1764672120000,0.00317403
1764672660000,0.0031448
1764672720000,0.00310309
1764673620000,0.00314173
1764678180000,0.00314417
1764678660000,0.00311334
1764678840000,0.00315561
1764680940000,0.00318878
1764681120000,0.00315043
1764681300000,0.00311082
1764681360000,0.00306946
1764681600000,0.00302669
1764682020000,0.00297605
1764683940000,0.00298954
1764684480000,0.00295061
1764685020000,0.00291018
1764685920000,0.00289939
1764686880000,0.0028473
1764687540000,0.00286955
1764688020000,0.00281726
1764688320000,0.00281036
1764688500000,0.002761
1764688980000,0.00271332
1764690120000,0.00266458
1764690180000,0.00261717
1764690300000,0.00257343
1764690660000,0.00257301
1764692940000,0.00262822
1764696480000,0.00258788
1764696720000,0.00257323
1764700020000,0.00259454
1764703200000,0.00261694
1764704580000,0.00265435
1764706500000,0.00262682
1764706620000,0.0025982
1764706680000,0.00256986
1764707280000,0.00253896
1764708120000,0.00257319
1764712560000,0.00254719
1764712860000,0.00252078
1764714960000,0.00253913
1764716460000,0.00254751
1764717240000,0.00252045
1764717960000,0.00249523
1764719580000,0.00247163
1764720000000,0.00248528
1764720540000,0.00250712
1764721020000,0.00247942
1764722700000,0.00245233
1764727380000,0.00242443
1764727440000,0.00239498
1764727560000,0.0024347
1764728100000,0.00240134
1764729000000,0.00243748
1764730500000,0.00246386
1764731160000,0.00250787
1764734580000,0.00251786
1764735780000,0.0024937
1764735840000,0.00246604
1764736020000,0.00243679
1764737280000,0.00240472
1764738120000,0.00237229
1764738900000,0.00241544
1764740340000,0.00238618
1764740700000,0.0024129
1764742920000,0.00238388
1764742980000,0.00235705
1764743580000,0.00233015
1764744240000,0.00230181
1764744300000,0.00227139
1764745260000,0.00223891
1764748080000,0.00224448
1764749100000,0.0022477
1764750900000,0.00225968
1764751500000,0.0022363
1764751980000,0.00225752
1764753360000,0.00227738
1764754320000,0.00225235
1764755940000,0.00225951
1764757260000,0.00224036
1764757560000,0.00222095
1764757800000,0.00225148
1764758280000,0.00222986
1764760440000,0.00220637
1764763020000,0.00218767
1764763380000,0.00216958
1764763560000,0.00219564
1764765060000,0.00217428
1764765300000,0.00219208
1764766620000,0.00217017
1764767760000,0.00214712
1764768120000,0.00216829
1764768600000,0.00214633
1764769440000,0.00216158
1764770520000,0.00213697
1764770580000,0.00210279
1764770640000,0.00206533
1764770760000,0.00209191
1764772860000,0.00205394
1764772920000,0.00201779
1764773520000,0.00207855
1764775260000,0.00204111
1764776520000,0.0020542
1764777600000,0.00207549
1764778080000,0.00204775
1764778320000,0.00201841
1764778800000,0.00205028
1764779700000,0.00202236
1764780480000,0.00204458
1764781680000,0.00206069
1764782220000,0.00207757
1764782460000,0.00210502
1764784080000,0.00207861
1764785700000,0.00210059
1764786120000,0.00207424
1764787380000,0.00205122
1764787740000,0.00208307
1764787980000,0.00205889
1764788160000,0.00203482
1764790980000,0.00204285
1764792240000,0.00202489
1764792600000,0.00204727
1764794880000,0.00202619
1764795120000,0.00200507
1764795360000,0.00204677
1764798060000,0.0020253
1764798240000,0.0020047
1764798960000,0.00198371
1764799020000,0.00196013
1764799080000,0.00193258
1764799320000,0.0019544
1764801180000,0.0019191
1764802500000,0.00195161
1764803880000,0.0019741
1764805140000,0.00199587
1764805320000,0.00197116
1764805680000,0.0019941
1764806880000,0.00201195
1764808080000,0.00201747
1764808800000,0.0020406
1764809460000,0.00201626
1764810600000,0.00200023
1764810720000,0.00197261
1764810780000,0.00194292
1764810840000,0.00191218
1764811320000,0.00197914
1764812820000,0.00195329
1764812880000,0.00192708
1764813240000,0.00190049
1764815940000,0.00187816
1764816480000,0.00189668
1764818100000,0.00187497
1764818940000,0.00185426
1764819840000,0.00186125
1764820620000,0.00187466
1764822180000,0.00185663
1764823380000,0.00183958
1764823620000,0.00182233
1764824100000,0.00183306
1764825660000,0.0018163
1764825900000,0.00183272
1764827400000,0.00181583
1764827460000,0.00179935
1764828060000,0.00181004
1764829380000,0.00181254
1764829920000,0.00179425
1764832140000,0.0017787
1764832260000,0.00176022
1764833100000,0.00178056
1764835020000,0.00178301
1764835320000,0.00179419
1764835440000,0.00177807
1764835740000,0.00181265
1764837000000,0.00179401
1764837300000,0.00180531
1764839340000,0.00178913
1764840420000,0.00178723
1764841440000,0.00177122
1764842580000,0.00177793
1764843900000,0.00176066
1764846000000,0.00174441
1764846540000,0.00175354
1764849000000,0.00175539
1764849780000,0.00173959
1764850800000,0.00172342
1764851640000,0.00172766
1764852540000,0.00174817
1764853440000,0.00173078
1764854340000,0.00174052
1764855240000,0.00176181
1764856500000,0.0017786
1764858360000,0.00175747
1764858600000,0.00177222
1764859080000,0.00180129
1764860280000,0.00177137
1764862500000,0.00178942
1764862740000,0.00176145
1764862800000,0.00176364
1764864720000,0.00177478
1764865680000,0.0018001
1764866760000,0.00181085
1764868380000,0.00182425
1764868980000,0.00183907
1764869520000,0.00181861
1764869940000,0.00179871
1764870660000,0.00183256
1764873240000,0.00183906
1764873720000,0.00181701
1764874080000,0.00179315
1764875520000,0.00177287
1764875580000,0.00175241
1764875640000,0.00172789
1764875940000,0.00170239
1764876180000,0.00167384
1764878940000,0.00169261
1764881280000,0.0016713
1764881400000,0.00164973
1764882060000,0.00166864
1764884280000,0.00168015
1764885060000,0.00166329
1764885360000,0.00164595
1764887640000,0.00163033
1764888420000,0.00164156
1764889200000,0.00162739
1764889800000,0.00161341
1764891660000,0.0016006
1764892080000,0.0016071
1764893220000,0.00161591
1764894240000,0.00160064
1764894900000,0.00161455
1764896580000,0.00161933
1764896880000,0.00160541
1764897120000,0.00161705
1764898500000,0.00163681
1764900180000,0.00162228
1764900840000,0.0016265
1764903000000,0.00163242
1764904080000,0.00163605
1764904560000,0.0016426
1764905040000,0.00162838
1764905280000,0.00161121
1764907200000,0.00163469
1764909000000,0.00161997
1764909060000,0.00160659
1764909180000,0.00159198
1764910320000,0.00160599
1764911340000,0.00161196
1764912300000,0.00159802
1764913260000,0.00160575
1764914760000,0.00159331
1764915000000,0.00158076
1764917340000,0.00158377
1764918420000,0.00157148
1764918480000,0.00155785
1764918540000,0.00154143
1764920040000,0.00156837
1764920400000,0.00155279
1764921720000,0.00153945
1764921840000,0.00152579
1764922020000,0.00151115
1764922920000,0.00151788
1764924060000,0.00150332
1764925980000,0.00151883
1764926400000,0.00149816
1764927420000,0.00150059
1764929760000,0.00148243
1764930300000,0.0014774
1764931440000,0.00145777
1764933840000,0.00144434
1764934380000,0.00143059
1764934440000,0.00141787
1764935280000,0.00142377
1764936240000,0.0014096
1764936480000,0.00142066
1764939840000,0.00140825
1764940140000,0.00142969
1764942000000,0.00141053
1764942660000,0.00142221
1764945000000,0.00143246
1764945660000,0.00140896
1764946260000,0.00138601
1764946920000,0.00136162
1764947040000,0.00133681
1764947640000,0.00137277
1764949200000,0.00140169
1764949980000,0.0013785
1764950880000,0.00135305
1764951420000,0.00134364
1764952560000,0.00131975
1764952860000,0.00129564
1764956460000,0.00131678
1764957120000,0.00129617
1764957600000,0.00132245
1764958680000,0.00134121
1764959580000,0.00135076
1764960180000,0.00133276
1764961620000,0.00134641
1764964680000,0.00133121
1764970320000,0.00132655
1764971100000,0.00131305
1764975780000,0.00130308
1764976080000,0.00129219
1764977700000,0.00128151
1764979080000,0.00127251
1764980880000,0.00127907
1764981240000,0.00126816
1764981780000,0.00125723
1764983700000,0.00124677
1764986220000,0.00125221
1764986700000,0.00124187
1764987420000,0.00124967
1764989640000,0.00123947
1764990120000,0.00122996
1764990240000,0.00122044
1764990360000,0.00121125
1764991020000,0.00121831
1764992400000,0.00122679
1764994440000,0.00121668
1764995460000,0.00120603
1764995580000,0.00121178
1764996000000,0.00120203
1764996120000,0.00120684
1764997200000,0.00121395
1764998220000,0.00120576
1764998760000,0.00119709
1765000920000,0.00118884
1765002840000,0.00118068
1765005540000,0.00117261
1765006200000,0.00116379
1765006860000,0.00117771
1765008060000,0.00116878
1765009440000,0.00116009
1765011360000,0.00114999
1765011660000,0.00115686
1765012860000,0.00115763
1765013640000,0.00116013
1765014420000,0.00115029
1765015260000,0.00115191
1765016460000,0.00114328
1765016700000,0.00115176
1765019160000,0.00114346
1765019220000,0.00113535
1765019940000,0.00113779
1765022580000,0.00113031
1765023360000,0.00112231
1765026120000,0.00112134
1765026900000,0.00111368
1765027380000,0.0011169
1765028340000,0.00111971
1765030620000,0.00110932
1765030680000,0.00109761
1765031100000,0.00111594
1765033560000,0.00110572
1765034100000,0.00109312
1765034580000,0.00108182
1765036740000,0.0010813
1765037400000,0.00107097
1765038600000,0.00106212
1765039020000,0.00107158
1765039740000,0.00107868
1765042380000,0.00108382
1765043580000,0.00108288
1765045080000,0.00107486
1765047420000,0.00107758
1765049340000,0.00108726
1765049520000,0.00107718
1765050060000,0.00108689
1765052100000,0.00108597
1765054200000,0.00109118
1765055100000,0.00108256
1765055400000,0.00109346
1765057440000,0.00109501
1765058700000,0.00109697
1765059120000,0.00108845
1765059240000,0.00110693
1765062180000,0.00109865
1765062540000,0.00108851
1765063260000,0.00107791
1765063920000,0.00108315
1765065060000,0.00107324
1765066680000,0.00107925
1765067880000,0.00107014
1765068120000,0.00106028
1765070340000,0.00105157
1765072140000,0.00105503
1765072860000,0.0010645
1765074000000,0.00105672
1765074900000,0.00105978
1765076220000,0.00105247
1765078200000,0.00105512
1765079160000,0.00104793
1765080360000,0.00105016
1765081260000,0.00104328
1765082220000,0.00103439
1765082880000,0.00103505
1765083840000,0.00103765
1765086540000,0.00104066
1765087500000,0.00104015
1765089360000,0.00103284
1765090500000,0.00103427
1765091400000,0.0010273
1765091460000,0.0010197
1765092780000,0.00101155
1765093200000,0.00100356
1765094640000,0.00099556
1765095180000,0.00098813
1765097280000,0.00099287
1765097700000,0.00098502
1765097940000,0.00097659
1765099440000,0.00096948
1765099500000,0.00096191
1765099860000,0.00096877
1765101240000,0.00097052
1765101960000,0.00097448
1765103880000,0.00097809
1765104120000,0.00096999
1765104540000,0.00096198
1765105560000,0.0009699
1765108380000,0.00097274
1765109220000,0.0009663
1765109820000,0.00095943
1765111560000,0.00095258
1765112220000,0.00095461
1765113060000,0.0009465
1765113180000,0.00093859
1765113660000,0.00092999
1765115160000,0.00093698
1765116060000,0.00094083
1765116240000,0.00093141
1765117020000,0.00092155
1765117380000,0.00090985
1765117440000,0.00089734
1765117500000,0.0008809
1765117800000,0.00087551
1765120140000,0.00086003
1765120320000,0.00084417
1765120800000,0.00086918
1765121700000,0.00085656
1765122780000,0.00084367
1765122840000,0.00083332
1765122900000,0.00082257
1765123020000,0.00080935
1765123140000,0.00079437
1765123200000,0.00079155
1765126680000,0.00078271
1765126740000,0.00077381
1765127400000,0.00079136
1765127880000,0.00077921
1765128000000,0.00076613
1765128180000,0.00075309
1765128960000,0.00075084
1765131360000,0.00075571
1765131960000,0.00074522
1765134300000,0.0007373
1765135080000,0.00074181
1765137000000,0.00073412
1765139040000,0.00072724
1765139280000,0.00072033
1765140840000,0.00072338
1765141260000,0.00073625
1765143480000,0.00072933
1765143720000,0.00072211
1765143900000,0.0007137
1765144920000,0.00071222
1765145160000,0.00069909
1765145220000,0.00068646
1765145280000,0.0006877
1765147440000,0.00067516
1765148100000,0.00066353
1765148700000,0.00066064
1765151280000,0.00066689
1765151820000,0.00065915
1765152600000,0.00066409
1765154100000,0.00065486
1765154460000,0.00066294
1765155540000,0.0006541
1765156140000,0.00064676
1765157100000,0.00063912
1765157280000,0.00063181
1765157460000,0.00062356
1765157880000,0.0006185
1765161420000,0.00062283
1765162920000,0.00062901
1765164300000,0.00062264
1765166100000,0.00062185
1765167960000,0.00061564
1765168260000,0.00060948
1765168380000,0.00060323
1765169040000,0.00060603
1765170780000,0.00061067
1765171920000,0.00061102
1765173180000,0.00061362
1765173780000,0.00060843
1765174500000,0.00060969
1765175880000,0.0006045
1765176300000,0.00059898
1765176780000,0.00059286
1765178580000,0.00059759
1765181700000,0.0005924
1765182360000,0.00059337
1765183500000,0.00058845
1765183620000,0.00058325
1765183680000,0.00057767
1765184100000,0.00057175
1765184460000,0.00056542
1765184520000,0.00055889
1765184580000,0.00055217
1765184700000,0.0005449
1765184760000,0.00053576
1765185540000,0.00055242
1765187520000,0.00055589
1765188180000,0.00055063
1765188660000,0.00054493
1765190580000,0.00053944
1765190760000,0.00053371
1765191360000,0.00054144
1765192140000,0.00054364
1765193760000,0.00054979
1765195560000,0.00055224
1765195980000,0.00054621
1765196160000,0.00053992
1765196400000,0.00053332
1765197000000,0.00053883
1765199280000,0.00053308
1765199400000,0.00052718
1765199460000,0.00052105
1765199820000,0.00053182
1765201380000,0.00052567
1765201620000,0.00051913
1765202160000,0.00052795
1765203000000,0.00053394
1765203900000,0.00052808
1765203960000,0.00052151
1765204320000,0.00052529
1765204680000,0.00051584
1765204980000,0.00051758
1765206780000,0.00050809
1765206900000,0.00049872
1765207920000,0.00051056
1765210020000,0.00052088
1765211400000,0.00051236
1765213440000,0.00051529
1765214280000,0.00051803
1765215660000,0.00051134
1765216680000,0.00050434
1765217340000,0.00049684
1765218000000,0.00050391
1765219440000,0.000507
1765220100000,0.00050027
1765220160000,0.00049331
1765220220000,0.00048574
1765220280000,0.00047797
1765220940000,0.0004919
1765222920000,0.00049567
1765223340000,0.0005032
1765224420000,0.00051162
1765225920000,0.00051651
1765226400000,0.00052574
1765227480000,0.00053971
1765229940000,0.00054648
1765231260000,0.00055067
1765232520000,0.00055019
1765234920000,0.00055404
1765236000000,0.00054911
1765236180000,0.00054342
1765236240000,0.00053729
1765238700000,0.00053986
1765240320000,0.00053471
1765240560000,0.00054231
1765244340000,0.00054674
1765245840000,0.00054068
1765249020000,0.00053551
1765250640000,0.00054434
1765252560000,0.00053832
1765253580000,0.00054185
1765254720000,0.00053712
1765254780000,0.00053213
1765254900000,0.00052664
1765255380000,0.00052087
1765257060000,0.000522
1765259580000,0.00051692
1765259760000,0.00051175
1765263420000,0.00051517
1765265100000,0.00051013
1765265160000,0.00050531
1765267800000,0.00050526
1765268280000,0.00050748
1765269000000,0.00050282
1765269720000,0.00050524
1765270800000,0.00050784
1765273260000,0.00050353
1765273860000,0.00050424
1765274520000,0.00050515
1765276620000,0.00050106
1765277400000,0.00050822
1765280340000,0.00051026
1765280700000,0.00051252
1765281360000,0.00050866
1765282680000,0.00050482
1765282740000,0.00050065
1765282800000,0.00049643
1765282920000,0.0004922
1765283400000,0.00049694
1765285620000,0.00049819
1765286460000,0.00049945
1765287120000,0.00050408
1765287420000,0.00049877
1765287840000,0.00049318
1765290360000,0.00048728
1765290780000,0.00048745
1765292460000,0.00047984
1765292520000,0.0004722
1765292580000,0.00047316
1765292880000,0.00047115
1765294620000,0.00046278
1765294680000,0.00045521
1765294740000,0.00044758
1765294860000,0.00043996
1765295040000,0.00043211
1765295160000,0.00042422
1765295400000,0.00041666
1765296900000,0.00040937
1765297980000,0.00040213
1765298160000,0.00039507
1765299540000,0.00039905
1765302000000,0.00040718
1765304340000,0.00041177
1765306560000,0.00041992
1765308900000,0.0004242
1765309920000,0.0004287
1765311660000,0.0004237
1765311780000,0.00041814
1765311900000,0.00041279
1765311960000,0.00040729
1765312320000,0.00040685
1765316640000,0.00040229
1765316820000,0.00039774
1765316880000,0.00039176
1765317060000,0.00038547
1765319880000,0.00037995
1765320240000,0.00038144
1765322220000,0.0003764
1765322520000,0.00038479
1765324200000,0.00038083
1765324800000,0.00037682
1765325880000,0.00037291
1765326000000,0.00036909
1765327980000,0.00037061
1765329480000,0.00036588
1765330200000,0.00037069
1765331460000,0.00037395
1765332240000,0.00036986
1765332300000,0.00036585
1765332900000,0.0003703
1765335840000,0.00036689
1765338240000,0.00036361
1765338420000,0.0003605
1765338960000,0.00036457
1765340280000,0.00036107
1765341240000,0.00035819
1765342020000,0.00035405
1765344600000,0.00035048
1765345320000,0.00035217
1765346640000,0.00035663
1765348560000,0.00035362
1765348980000,0.00035556
1765351020000,0.00035235
1765351140000,0.00034903
1765353000000,0.00034608
1765353720000,0.00034292
1765354200000,0.00034529
1765355940000,0.00034732
1765357560000,0.000352
1765360140000,0.00034866
1765361040000,0.00034402
1765361280000,0.00035587
1765362000000,0.00035024
1765366440000,0.00034692
1765366500000,0.00034336
1765366560000,0.00033954
1765367220000,0.00034308
1765369860000,0.00034313
1765370280000,0.00034656
1765371300000,0.00034264
1765371420000,0.00033869
1765372200000,0.00034205
1765373280000,0.0003384
1765376520000,0.00033894
1765377120000,0.00034172
1765377600000,0.00033727
1765377720000,0.00034065
1765379400000,0.00034318
1765380540000,0.00034625
1765380900000,0.00034162
1765380960000,0.00033661
1765381740000,0.00034199
1765382640000,0.00034474
1765383840000,0.00033949
1765386300000,0.00034205
1765387260000,0.00033788
1765387800000,0.00034373
1765390080000,0.0003448
1765390320000,0.00034096
1765390800000,0.00034747
1765391640000,0.00034287
1765391760000,0.00033813
1765391820000,0.00033292
1765391880000,0.0003278
1765392000000,0.00033039
1765393320000,0.00033655
1765393380000,0.00033082
1765395000000,0.00033117
1765395360000,0.00033702
1765397460000,0.00033094
1765397520000,0.00032502
1765397640000,0.00031928
1765397760000,0.0003137
1765397880000,0.00031306
1765399860000,0.00030752
1765400040000,0.00030215
1765400640000,0.00030337
1765402740000,0.00030944
1765404540000,0.00031366
1765405020000,0.00030852
1765405080000,0.00030321
1765405500000,0.00031388
1765409280000,0.00030894
1765409820000,0.00030491
1765411560000,0.00030676
1765413180000,0.00030306
1765413240000,0.00029951
1765413300000,0.00029591
1765413480000,0.0002917
1765413540000,0.00028706
1765413720000,0.00028248
1765413840000,0.00027769
1765416360000,0.00028361
1765418820000,0.00027975
1765419000000,0.00027582
1765419420000,0.00027174
1765419540000,0.00027061
1765422660000,0.00026589
1765423200000,0.00027107
1765424640000,0.00026921
1765425840000,0.0002737
1765426920000,0.00027611
1765428600000,0.00027312
1765428660000,0.00026985
1765429020000,0.00026642
1765431180000,0.0002669
1765434300000,0.00026439
1765434600000,0.00026824
1765437600000,0.00026985
1765439040000,0.00026751
1765439220000,0.00026535
1765441260000,0.00026747
1765442100000,0.00026473
1765443000000,0.00026655
1765443420000,0.00026384
1765447380000,0.00026413
1765448520000,0.00026186
1765448940000,0.00026344
1765451100000,0.00026161
1765451760000,0.00026159
1765453740000,0.00026177
1765455240000,0.00026205
1765455720000,0.00025979
1765455960000,0.00025747
1765456860000,0.00026058
1765459200000,0.00026115
1765462620000,0.00026202
1765463220000,0.00025973
1765463400000,0.00025725
1765463460000,0.00025443
1765463760000,0.00026026
1765464600000,0.00025546
1765464960000,0.00025578
1765466640000,0.00025125
1765467000000,0.00025805
1765468140000,0.00025612
1765469880000,0.00025209
1765470780000,0.00025508
1765471260000,0.00025149
1765471500000,0.00024794
1765473600000,0.00025105
1765473960000,0.00024808
1765474260000,0.00024498
1765476240000,0.00024188
1765476360000,0.00023865
1765476720000,0.00023535
1765476960000,0.00023201
1765477260000,0.00022869
1765478520000,0.00022542
1765478640000,0.00022176
1765478880000,0.00022148
1765481940000,0.0002227
1765483020000,0.00021946
1765483680000,0.00022352
1765486620000,0.00022027
1765486680000,0.00021683
1765486740000,0.00021643
1765491720000,0.00021339
1765492200000,0.00021672
1765493580000,0.00021357
1765494840000,0.00021588
1765496280000,0.00021363
1765496460000,0.00021133
1765497600000,0.00021377
1765499280000,0.00021661
1765500480000,0.00021425
1765500960000,0.00021562
1765501500000,0.00021996
1765503540000,0.00022072
1765504320000,0.0002184
1765505460000,0.00021612
1765505520000,0.00021375
1765505580000,0.00021136
1765506420000,0.00021437
1765507560000,0.00021212
1765507800000,0.00021346
1765509060000,0.00021513
1765509540000,0.00021315
1765509660000,0.00021101
1765511580000,0.00020914
1765512900000,0.0002094
1765513680000,0.00020973
1765515720000,0.00020806
1765516920000,0.00020631
1765517340000,0.00020732
1765518060000,0.00020559
1765518240000,0.0002038
1765518420000,0.00020187
1765519140000,0.00019954
1765519200000,0.00019702
1765519500000,0.00019438
1765519560000,0.00019156
1765519920000,0.00018861
1765522020000,0.00018645
1765525020000,0.00018846
1765527960000,0.00018693
1765528020000,0.00018525
1765528260000,0.0001834
1765528680000,0.00018152
1765530780000,0.00018359
1765531740000,0.00018208
1765532400000,0.00018052
1765533420000,0.00017875
1765534560000,0.00017948
1765536480000,0.00017925
1765536780000,0.00017766
1765538220000,0.0001761
1765539600000,0.00017624
1765540440000,0.00017485
1765540860000,0.00017542
1765542780000,0.0001739
1765543080000,0.00017243
1765543680000,0.00017075
1765544400000,0.00017235
1765545480000,0.00017379
1765548240000,0.00017438
1765549020000,0.00017559
1765549440000,0.00017686
1765551600000,0.00017564
1765552020000,0.00017279
1765552500000,0.00017244
1765553160000,0.0001695
1765553340000,0.00016638
1765553460000,0.0001633
1765555440000,0.00016322
1765556700000,0.0001658
1765559280000,0.00016278
1765560060000,0.00016655
1765560600000,0.00016367
1765561560000,0.00016771
1765562580000,0.0001656
1765563060000,0.00016858
1765563660000,0.00016586
1765564020000,0.00016887
1765566180000,0.00016679
1765568340000,0.00016447
1765568640000,0.00016237
1765568700000,0.00016019
1765568820000,0.00015787
1765569240000,0.00016277
1765571160000,0.00016363
1765572360000,0.00016429
1765577400000,0.00016306
1765578000000,0.00016162
1765580520000,0.00016021
1765580760000,0.00015884
1765583760000,0.00015773
1765584120000,0.00015837
1765590180000,0.00015721
1765591680000,0.00015614
1765593660000,0.00015631
1765598700000,0.00015538
1765599600000,0.00015543
1765600200000,0.00015553
1765600620000,0.00015581
1765602720000,0.0001549
1765603020000,0.00015495
1765603380000,0.00015403
1765604040000,0.00015314
1765604520000,0.0001522
1765604760000,0.00015287
1765606500000,0.00015196
1765607220000,0.00015171
1765608120000,0.00015075
1765610460000,0.00015091
1765611900000,0.00015096
1765613040000,0.00015008
1765613100000,0.00014905
1765613820000,0.00014797
1765613880000,0.00014692
1765614000000,0.00014579
1765614060000,0.00014455
1765615920000,0.00014332
1765616520000,0.00014204
1765617900000,0.00014095
1765618620000,0.00014208
1765620300000,0.00014243
1765622100000,0.00014133
1765622340000,0.00014028
1765623120000,0.00014046
1765623360000,0.00013946
1765624860000,0.00013846
1765625700000,0.00013754
1765626120000,0.00013664
1765626360000,0.00013566
1765626900000,0.00013661
1765628460000,0.0001373
1765628880000,0.00013624
1765628940000,0.0001352
1765629720000,0.00013401
1765629840000,0.00013294
1765630560000,0.00013393
1765632540000,0.00013274
1765632780000,0.00013398
1765635540000,0.00013392
1765635900000,0.00013287
1765635960000,0.00013185
1765636020000,0.00013076
1765636740000,0.00013257
1765638660000,0.00013355
1765639800000,0.00013455
1765640580000,0.00013533
1765641840000,0.00013419
1765642500000,0.00013579
1765643460000,0.00013464
1765645440000,0.00013363
1765645560000,0.00013254
1765645800000,0.00013141
1765646280000,0.00013031
1765647960000,0.00013118
1765649100000,0.00013136
1765651680000,0.00013194
1765652760000,0.00013238
1765653780000,0.00013147
1765657500000,0.00013171
1765658400000,0.00013179
1765658940000,0.00013094
1765659060000,0.00013005
1765659480000,0.00012914
1765661520000,0.00012813
1765661580000,0.00012696
1765661700000,0.00012913
1765663320000,0.00012795
1765664580000,0.00012891
1765666380000,0.00012789
1765666500000,0.00012856
1765667100000,0.00012951
1765668300000,0.00012978
1765669140000,0.00012894
1765669860000,0.00012803
1765670460000,0.00012721
1765670580000,0.00012633
1765671240000,0.00012746
1765672320000,0.00012642
1765672860000,0.00012674
1765674660000,0.00012581
1765674780000,0.00012496
1765676100000,0.00012406
1765676400000,0.00012321
1765680360000,0.00012388
1765681620000,0.00012395
1765682520000,0.00012319
1765683000000,0.00012245
1765683180000,0.00012172
1765685340000,0.00012217
1765686780000,0.00012138
1765688760000,0.00012151
1765689060000,0.00012072
1765689540000,0.00011997
1765690680000,0.00012023
1765690860000,0.00011943
1765693080000,0.00011867
1765693620000,0.00011985
1765694340000,0.00012034
1765695360000,0.00012037
1765695960000,0.00012076
1765698600000,0.00012008
1765698660000,0.00011937
1765699380000,0.00011867
1765701720000,0.00011791
1765701960000,0.00011713
1765702020000,0.00011638
1765704600000,0.00011558
1765704780000,0.00011632
1765706700000,0.00011658
1765707240000,0.00011531
1765707840000,0.00011838
1765710180000,0.00011735
1765710360000,0.00011836
1765712280000,0.00011698
1765712640000,0.00011562
1765712700000,0.00011406
1765712760000,0.00011364
1765715160000,0.00011514
1765717200000,0.0001141
1765717380000,0.00011305
1765720680000,0.00011207
1765720800000,0.00011115
1765721400000,0.00011174
1765721940000,0.00011223
1765722720000,0.00011126
1765722840000,0.00011029
1765722900000,0.00010928
1765723140000,0.00010816
1765724040000,0.00010919
1765725780000,0.00011011
1765727280000,0.00011045
1765728240000,0.00011096
1765729200000,0.00011013
1765729260000,0.00010925
1765729320000,0.00010828
1765729920000,0.0001095
1765732380000,0.00010848
1765732440000,0.00010724
1765733460000,0.00010571
1765736220000,0.00010458
1765737240000,0.00010562
1765738200000,0.00010607
1765740480000,0.00010597
1765741020000,0.00010636
1765743000000,0.00010538
1765743180000,0.00010704
1765743540000,0.00010797
1765746240000,0.00010716
1765746300000,0.00010625
1765746360000,0.00010537
1765746720000,0.00010611
1765749000000,0.00010647
1765750380000,0.00010703
1765751700000,0.00010805
1765752120000,0.0001088
1765753140000,0.00010759
1765753380000,0.00011031
1765754820000,0.00010885
1765755180000,0.00010933
1765757340000,0.00011143
1765758900000,0.00011241
1765759740000,0.00011292
1765760880000,0.00011356
1765762440000,0.00011233
1765762500000,0.00011106
1765762680000,0.00010973
1765763580000,0.00010947
1765764120000,0.00010819
1765764240000,0.00010686
1765764480000,0.00010549
1765765080000,0.00010411
1765765260000,0.00010257
1765765980000,0.00010455
1765766520000,0.00010317
1765766820000,0.00010183
1765768620000,0.00010276
1765772340000,0.00010275
1765772700000,0.00010183
1765773120000,0.00010311
1765774980000,0.00010353
1765776360000,0.00010271
1765776600000,0.00010348
1765778700000,0.0001027
1765780500000,0.00010327
1765780860000,0.00010239
1765784220000,0.00010269
1765784400000,0.00010307
1765786140000,0.00010341
1765789320000,0.0001034
1765789620000,0.00010264
1765789800000,0.0001031
1765791840000,0.00010301
1765792260000,0.0001022
1765792920000,0.00010242
1765794480000,0.00010155
1765794900000,0.00010253
1765798740000,0.00010236
1765798920000,0.00010156
1765799040000,0.00010075
1765799880000,0.00010096
1765800960000,0.00010183
1765801860000,0.000101
1765802340000,0.00010015
1765803840000,0.00009922
1765803960000,0.00009822
1765804080000,0.00009722
1765804140000,0.00009615
1765804320000,0.00009654
1765805820000,0.00009726
1765806060000,0.00009605
1765806780000,0.00009679
1765808040000,0.00009561
1765808100000,0.00009438
1765808160000,0.00009305
1765808220000,0.00009232
1765808520000,0.00009456
1765810140000,0.00009288
1765810620000,0.00009125
1765811100000,0.00009217
1765812000000,0.00009058
1765812300000,0.00008906
1765815360000,0.00009118
1765817400000,0.00009142
1765819980000,0.00009024
1765821060000,0.00008894
1765822020000,0.00009015
1765823700000,0.00008873
1765825260000,0.00008738
1765825320000,0.00008605
1765825440000,0.00008467
1765825740000,0.00008693
1765827480000,0.00008753
1765828020000,0.0000864
1765828800000,0.0000853
1765829400000,0.0000842
1765830960000,0.00008302
1765831140000,0.00008185
1765832220000,0.00008072
1765833960000,0.00007977
1765834080000,0.00007884
1765834620000,0.0000779
1765837380000,0.0000782
1765838340000,0.00007842
1765839180000,0.00007939
1765839720000,0.00007863
1765841760000,0.00007782
1765842240000,0.00007699
1765843500000,0.00007755
1765844760000,0.00007851
1765845420000,0.00007765
1765846500000,0.00007678
1765846620000,0.00007595
1765846800000,0.00007511
1765847400000,0.00007631
1765848420000,0.00007531
1765848780000,0.00007613
1765850280000,0.00007702
1765850760000,0.00007797
1765851000000,0.00007908
1765852020000,0.00007802
1765852740000,0.00007939
1765854420000,0.00007848
1765854720000,0.00007752
1765855260000,0.00007661
1765855920000,0.00007579
1765855980000,0.00007494
1765856040000,0.00007495
1765857600000,0.00007424
1765858380000,0.00007501
1765858860000,0.00007415
1765859760000,0.00007334
1765860180000,0.00007395
1765860540000,0.00007311
1765860600000,0.00007428
1765863660000,0.00007359
1765864260000,0.00007414
1765865340000,0.00007347
1765866120000,0.00007278
1765866360000,0.00007214
1765867140000,0.00007156
1765868100000,0.00007102
1765869360000,0.00007035
1765869600000,0.0000697
1765870800000,0.00006903
1765870980000,0.00006833
1765871460000,0.00006758
1765873080000,0.00006815
1765875180000,0.00006863
1765875420000,0.00006789
1765876140000,0.00006875
1765877100000,0.00006914
1765879980000,0.00006854
1765880400000,0.00006898
1765881360000,0.00006831
1765881480000,0.00006774
1765881540000,0.00006713
1765881660000,0.00006637
1765881720000,0.00006558
1765881780000,0.00006481
1765881960000,0.00006395
1765882500000,0.00006444
1765883940000,0.00006527
1765886880000,0.00006584
1765888680000,0.00006591
1765889460000,0.00006667
1765891260000,0.00006601
1765891800000,0.00006555
1765892040000,0.00006439
1765892100000,0.00006417
1765893000000,0.00006435
1765893660000,0.00006317
1765893900000,0.00006425
1765895280000,0.00006436
1765895400000,0.00006318
1765896060000,0.00006342
1765896600000,0.0000653
1765896960000,0.00006682
1765899960000,0.0000656
1765900320000,0.00006441
1765900560000,0.00006325
1765902960000,0.00006221
1765903860000,0.00006169
1765905840000,0.00006085
1765905900000,0.00006014
1765906920000,0.00005936
1765908180000,0.0000597
1765909860000,0.00006096
1765910700000,0.00006013
1765911840000,0.00005943
1765914300000,0.00005873
1765914660000,0.00005811
1765915500000,0.0000585
1765916580000,0.00005886
1765917960000,0.00005907
1765918320000,0.00005866
1765919160000,0.00005969
1765920660000,0.00006028
1765922460000,0.00005973
1765922940000,0.0000602
1765925160000,0.00006068
1765926240000,0.00006011
1765926600000,0.00006045
1765927200000,0.00005986
1765928760000,0.00006015
1765929240000,0.00005952
1765929480000,0.00005887
1765929720000,0.00006001
1765931700000,0.0000604
1765932060000,0.00006103
1765932900000,0.00006046
1765933800000,0.00006066
1765934280000,0.00006004
1765934460000,0.00006116
1765936380000,0.00006055
1765936740000,0.00006108
1765937400000,0.00006049
1765939800000,0.00005993
1765941000000,0.00006013
1765942440000,0.00005962
1765943700000,0.00005908
1765944420000,0.00005934
1765945080000,0.00005886
1765945200000,0.00005836
1765945500000,0.00005903
1765946400000,0.00005951
1765947900000,0.00005991
1765949100000,0.00005927
1765950000000,0.00005958
1765951200000,0.0000598
1765951560000,0.0000603
1765953900000,0.00005981
1765955040000,0.00005937
1765955400000,0.00005993
1765956840000,0.00005939
1765956900000,0.00005882
1765957500000,0.00005926
1765958580000,0.0000588
1765960080000,0.00005833
1765961280000,0.00005845
1765962420000,0.00005793
1765962720000,0.00005742
1765962840000,0.0000579
1765963560000,0.00005736
1765963620000,0.00005679
1765963920000,0.00005621
1765965960000,0.00005571
1765966320000,0.00005624
1765967520000,0.0000567
1765969980000,0.00005622
1765970220000,0.00005572
1765971540000,0.00005528
1765972320000,0.00005482
1765974720000,0.00005483
1765975680000,0.00005537
1765976880000,0.00005597
1765977840000,0.00005655
1765979040000,0.00005606
1765979100000,0.00005549
1765979280000,0.00005492
1765979340000,0.00005429
1765981440000,0.00005469
1765982160000,0.00005391
1765982520000,0.00005313
1765982760000,0.00005226
1765982820000,0.00005131
1765983060000,0.00005379
1765983180000,0.00005362
1765983240000,0.0000527
1765983360000,0.0000518
1765983540000,0.00005093
1765985220000,0.00005005
1765985280000,0.00004985
1765986060000,0.00004898
1765986240000,0.00004812
1765986720000,0.00004731
1765988100000,0.0000465
1765988400000,0.0000457
1765989180000,0.0000459
1765989660000,0.00004511
1765990020000,0.00004513
1765991880000,0.00004565
1765994040000,0.00004578
1765996020000,0.00004649
1765997280000,0.0000457
1765999740000,0.00004609
1766000700000,0.0000468
1766002680000,0.0000462
1766003040000,0.00004549
1766005380000,0.00004606
1766007240000,0.00004552
1766010000000,0.00004608
1766012640000,0.00004648
1766015340000,0.00004653
1766016900000,0.00004607
1766017200000,0.0000466
1766019600000,0.00004689
1766019960000,0.00004645
1766020740000,0.00004669
1766021640000,0.00004696
1766023980000,0.00004643
1766024340000,0.00004589
1766025180000,0.0000464
1766026980000,0.00004666
1766027880000,0.00004623
1766029980000,0.00004581
1766030160000,0.00004538
1766034360000,0.00004503
1766034600000,0.00004471
1766034900000,0.00004435
1766034960000,0.00004395
1766035140000,0.00004351
1766039580000,0.00004367
1766040960000,0.00004401
1766041620000,0.00004428
1766042640000,0.00004385
1766043540000,0.00004345
1766043600000,0.00004306
1766043660000,0.00004265
1766044500000,0.00004302
1766045160000,0.00004338
1766045700000,0.00004365
1766047080000,0.00004395
1766047560000,0.00004351
1766047980000,0.00004397
1766050320000,0.00004357
1766051040000,0.00004316
1766053920000,0.00004279
1766054520000,0.00004306
1766055840000,0.0000427
1766056200000,0.00004306
1766058420000,0.00004267
1766059140000,0.00004236
1766059260000,0.00004205
1766059620000,0.0000424
1766060520000,0.00004264
1766061420000,0.00004224
1766061540000,0.00004186
1766062140000,0.00004233
1766063340000,0.00004186
1766064660000,0.0000412
1766064900000,0.00004119
1766066700000,0.00004043
1766067060000,0.00004174
1766067720000,0.00004227
1766069040000,0.00004154
1766069160000,0.00004167
1766070660000,0.00004226
1766071800000,0.00004201
1766075460000,0.00004225
1766077380000,0.00004167
1766077500000,0.00004109
1766077560000,0.00004043
1766077620000,0.00003978
1766077680000,0.00003907
1766077740000,0.00003835
1766077980000,0.00003765
1766082120000,0.00003829
1766083920000,0.00003771
1766083980000,0.00003706
1766084640000,0.00003643
1766085660000,0.00003726
1766086500000,0.00003658
1766086560000,0.00003593
1766086620000,0.00003529
1766086800000,0.00003468
1766086860000,0.00003491
1766088540000,0.00003551
1766090580000,0.00003591
1766091540000,0.00003537
1766091600000,0.00003549
1766093400000,0.00003494
1766093640000,0.00003434
1766094960000,0.00003376
1766097420000,0.00003335
1766097960000,0.00003363
1766099520000,0.00003396
1766100660000,0.00003435
1766102640000,0.00003482
1766104620000,0.0000344
1766108280000,0.0000348
1766109180000,0.00003436
1766109780000,0.00003495
1766111580000,0.00003455
1766112300000,0.00003416
1766112420000,0.00003379
1766113200000,0.00003386
1766113380000,0.00003347
1766113440000,0.00003301
1766113920000,0.00003277
1766114760000,0.00003218
1766114820000,0.00003159
1766115120000,0.00003102
1766118960000,0.00003149
1766121120000,0.00003193
1766122020000,0.00003281
1766123520000,0.00003303
1766124900000,0.00003314
1766125500000,0.00003275
1766126220000,0.00003306
1766127360000,0.00003271
1766127600000,0.00003229
1766127780000,0.00003186
1766127900000,0.0000314
1766128080000,0.00003093
1766131440000,0.00003109
1766133120000,0.00003078
1766133360000,0.00003039
1766134140000,0.00002999
1766134740000,0.00003053
1766137440000,0.00003054
1766137860000,0.00003027
1766140860000,0.00003042
1766142000000,0.00003048
1766142660000,0.00003021
1766142780000,0.00002991
1766143380000,0.00003007
1766144160000,0.00003059
1766146200000,0.00003091
1766146860000,0.00003055
1766149200000,0.00003068
1766149980000,0.00003036
1766150280000,0.00003057
1766151180000,0.00003025
1766151420000,0.0000308
1766152860000,0.0000311
1766153820000,0.00003111
1766154600000,0.00003073
1766154660000,0.00003075
1766155380000,0.00003123
1766155500000,0.00003142
1766157180000,0.00003088
1766157360000,0.00003034
1766157540000,0.00003119
1766160060000,0.00003138
1766160360000,0.00003088
1766160720000,0.00003038
1766161980000,0.00002995
1766162160000,0.00003023
1766163120000,0.00002982
1766163360000,0.0000294
1766164020000,0.0000301
1766165460000,0.00002972
1766165580000,0.0000293
1766166060000,0.00002925
1766166660000,0.00003022
1766167800000,0.00003081
1766169120000,0.00003097
1766170380000,0.00003064
1766170440000,0.00003028
1766171340000,0.00002987
1766171940000,0.00002954
1766172720000,0.00002918
1766173800000,0.0000294
1766175300000,0.00002962
1766176500000,0.00002928
1766176740000,0.0000298
1766177400000,0.00002944
1766177460000,0.00002908
1766181120000,0.00002883
1766181720000,0.00002854
1766185380000,0.00002832
1766185560000,0.0000281
1766187720000,0.00002819
1766188920000,0.00002798
1766189220000,0.00002775
1766189760000,0.00002784
1766191920000,0.00002762
1766192940000,0.00002768
1766193600000,0.00002773
1766195880000,0.00002754
1766196060000,0.00002736
1766196720000,0.00002745
1766198580000,0.00002725
1766198640000,0.00002705
1766199180000,0.00002717
1766200260000,0.000027
1766200380000,0.00002681
1766200800000,0.00002697
1766201460000,0.00002677
1766201760000,0.00002657
1766203620000,0.00002637
1766204220000,0.00002655
1766206920000,0.00002658
1766207400000,0.0000267
1766208120000,0.00002676
1766209320000,0.00002676
1766214000000,0.00002677
1766214600000,0.00002658
1766215680000,0.00002651
1766216520000,0.00002632
1766218500000,0.00002614
1766218860000,0.00002593
1766219640000,0.00002604
1766221320000,0.00002601
1766222820000,0.00002598
1766223660000,0.00002603
1766224260000,0.00002585
1766224620000,0.00002567
1766225220000,0.00002549
1766226120000,0.00002532
1766226900000,0.00002517
1766227620000,0.00002523
1766228520000,0.00002509
1766229180000,0.0000251
1766229780000,0.00002497
1766230440000,0.00002481
1766231880000,0.00002465
1766232120000,0.00002472
1766235720000,0.00002458
1766236320000,0.0000244
1766236500000,0.00002421
1766237820000,0.0000243
1766239500000,0.00002413
1766239620000,0.00002394
1766240160000,0.00002407
1766241780000,0.00002392
1766241960000,0.00002375
1766242980000,0.00002367
1766244600000,0.00002382
1766245860000,0.00002367
1766247960000,0.00002373
1766248440000,0.00002358
1766250360000,0.0000236
1766250600000,0.00002344
1766251080000,0.0000235
1766253660000,0.00002348
1766253960000,0.00002335
1766254560000,0.00002341
1766255640000,0.00002348
1766257020000,0.00002334
1766257200000,0.00002345
1766260740000,0.00002345
1766262960000,0.00002333
1766264040000,0.0000232
1766264400000,0.00002307
1766267220000,0.00002312
1766268000000,0.00002312
1766268720000,0.00002299
1766268780000,0.00002285
1766269020000,0.00002271
1766269140000,0.00002257
1766269620000,0.00002265
1766271540000,0.00002275
1766271840000,0.00002259
1766272680000,0.00002259
1766274300000,0.00002263
1766276460000,0.0000225
1766276520000,0.00002235
1766277120000,0.0000224
1766278920000,0.00002246
1766280480000,0.00002231
1766280840000,0.00002218
1766281140000,0.00002205
1766281260000,0.00002189
1766282160000,0.00002174
1766282400000,0.00002159
1766282460000,0.00002142
1766282640000,0.00002161
1766284080000,0.0000218
1766285640000,0.00002179
1766286180000,0.00002161
1766287080000,0.00002143
1766287920000,0.00002148
1766289540000,0.00002148
1766291460000,0.00002146
1766292540000,0.00002132
1766294100000,0.00002118
1766295000000,0.00002103
1766296140000,0.00002091
1766297460000,0.00002096
1766298120000,0.00002109
1766300400000,0.00002108
1766301720000,0.00002096
1766302740000,0.00002082
1766303340000,0.00002084
1766304420000,0.0000207
1766304480000,0.00002056
1766305020000,0.00002065
1766305860000,0.00002051
1766306580000,0.00002032
1766306880000,0.0000205
1766307900000,0.00002065
1766309640000,0.00002047
1766310660000,0.00002028
1766311080000,0.00002035
1766313180000,0.00002018
1766313240000,0.00002001
1766313360000,0.00001983
1766315220000,0.0000199
1766316060000,0.00001994
1766316780000,0.00001979
1766318580000,0.00001968
1766318880000,0.00001955
1766320140000,0.00001959
1766320860000,0.00001944
1766320920000,0.00001928
1766320980000,0.00001911
1766321040000,0.00001892
1766321880000,0.00001905
1766322300000,0.00001883
1766323440000,0.00001858
1766323920000,0.00001832
1766325480000,0.00001833
1766325960000,0.00001807
1766326980000,0.00001824
1766330280000,0.0000181
1766331060000,0.00001794
1766331600000,0.00001825
1766332380000,0.00001804
1766333400000,0.00001806
1766334000000,0.00001824
1766334360000,0.00001807
1766335140000,0.00001815
1766336160000,0.00001816
1766336940000,0.00001802
1766337000000,0.00001786
1766337360000,0.00001768
1766339640000,0.00001755
1766340000000,0.00001742
1766340060000,0.00001729
1766340120000,0.00001715
1766340180000,0.000017
1766340360000,0.00001685
1766341920000,0.00001669
1766342160000,0.00001654
1766343060000,0.00001652
1766343540000,0.00001651
1766343660000,0.00001637
1766344380000,0.0000164
1766345820000,0.00001652
1766347740000,0.00001658
1766349180000,0.00001659
1766350020000,0.00001662
1766350500000,0.00001651
1766350800000,0.0000164
1766350860000,0.00001628
1766350920000,0.00001616
1766351460000,0.00001625
1766353500000,0.00001612
1766353560000,0.00001599
1766354520000,0.00001602
1766355300000,0.00001589
1766355600000,0.00001605
1766357520000,0.00001592
1766357700000,0.00001578
1766358000000,0.00001564
1766358120000,0.0000155
1766360340000,0.00001565
1766362200000,0.00001551
1766362260000,0.00001533
1766362380000,0.00001512
1766362440000,0.00001492
1766362500000,0.0000147
1766362620000,0.00001484
1766365320000,0.00001506
1766368260000,0.0000149
1766368320000,0.00001472
1766368380000,0.00001453
1766368920000,0.00001434
1766369160000,0.00001413
1766372760000,0.00001402
1766372820000,0.00001418
1766373780000,0.00001408
1766374200000,0.00001392
1766379720000,0.00001396
1766381400000,0.00001384
1766383200000,0.00001373
1766383800000,0.00001363
1766384760000,0.00001375
1766386740000,0.00001364
1766386800000,0.00001353
1766387280000,0.00001341
1766387880000,0.00001328
1766390820000,0.00001335
1766391600000,0.00001322
1766391660000,0.00001309
1766392140000,0.00001296
1766393460000,0.00001282
1766393700000,0.00001269
1766393820000,0.00001255
1766394000000,0.00001239
1766396460000,0.00001249
1766397660000,0.0000126
1766398620000,0.00001249
1766399700000,0.00001238
1766400480000,0.00001237
1766402760000,0.00001248
1766404020000,0.00001238
1766404500000,0.00001252
1766405580000,0.00001261
1766406720000,0.00001266
1766407140000,0.00001251
1766409600000,0.0000124
1766411340000,0.00001249
1766412240000,0.00001237
1766413080000,0.00001227
1766413440000,0.00001237
1766413980000,0.00001242
1766414460000,0.00001222
1766416200000,0.00001204
1766416320000,0.00001209
1766416980000,0.0000119
1766417040000,0.00001185
1766418960000,0.00001168
1766419680000,0.00001183
1766421060000,0.00001199
1766421300000,0.00001184
1766422200000,0.00001169
1766423160000,0.00001156
1766423760000,0.00001143
1766425920000,0.00001154
1766426700000,0.00001168
1766428860000,0.00001156
1766429400000,0.00001172
1766430060000,0.00001159
1766430300000,0.00001146
1766430420000,0.00001133
1766431620000,0.00001119
1766431860000,0.00001105
1766431980000,0.0000109
1766433780000,0.00001101
1766435580000,0.00001121
1766436600000,0.00001143
1766438940000,0.00001131
1766439540000,0.0000112
1766439960000,0.00001133
1766441880000,0.00001122
1766442840000,0.00001119
1766443440000,0.00001126
1766443980000,0.00001115
1766444460000,0.00001123
1766447520000,0.00001126
1766448120000,0.00001118
1766449680000,0.0000111
1766450220000,0.00001101
1766450580000,0.00001109
1766451360000,0.000011
1766453700000,0.0000109
1766453940000,0.0000108
1766454540000,0.00001084
1766455560000,0.00001095
1766457540000,0.00001085
1766457900000,0.00001072
1766459160000,0.00001061
1766459220000,0.0000105
1766459640000,0.0000106
1766461200000,0.0000105
1766461440000,0.0000104
1766463000000,0.0000103
1766463360000,0.00001038
1766464920000,0.0000103
1766466240000,0.00001021
1766466360000,0.00001013
1766467200000,0.00001015
1766467980000,0.00001006
1766468040000,0.00000996
1766468820000,0.00001008
1766469780000,0.00001012
1766471040000,0.00001001
1766472540000,0.00001005
1766474520000,0.00001017
1766477820000,0.00001008
1766479200000,0.00001008
1766479500000,0.00001
1766479560000,0.00000993
1766479740000,0.00000986
1766480400000,0.00000987
1766481600000,0.00000978
1766482080000,0.00000983
1766484720000,0.00000985
1766486460000,0.00000977
1766486580000,0.0000097
1766487000000,0.00000962
1766488020000,0.00000954
1766488740000,0.00000946
1766489160000,0.00000953
1766491320000,0.00000946
1766491740000,0.00000954
1766492220000,0.00000946
1766492280000,0.00000936
1766492340000,0.00000927
1766492460000,0.00000917
1766493180000,0.00000924
1766495640000,0.00000922
1766496060000,0.00000925
1766496300000,0.00000928
1766496900000,0.00000937
1766497860000,0.00000936
1766500200000,0.00000942
1766501700000,0.00000926
1766501820000,0.0000091
1766505600000,0.00000915
1766506200000,0.00000931
1766508120000,0.0000092
1766508720000,0.00000909
1766510220000,0.00000921
1766511420000,0.0000091
1766512440000,0.00000899
1766512500000,0.00000888
1766512740000,0.00000877
1766513160000,0.00000893
1766514420000,0.00000903
1766515140000,0.00000892
1766515620000,0.00000898
1766516700000,0.00000887
1766516940000,0.00000899
1766518380000,0.00000889
1766520360000,0.0000088
1766520900000,0.00000883
1766521980000,0.00000886
1766522400000,0.00000877
1766522460000,0.00000868
1766522640000,0.00000856
1766522700000,0.00000847
1766523300000,0.0000087
1766526000000,0.0000087
1766528580000,0.00000872
1766529360000,0.00000863
1766529660000,0.00000871
1766532300000,0.00000873
1766533020000,0.00000863
1766534760000,0.00000855
1766534940000,0.00000862
1766537100000,0.0000087
1766538720000,0.00000876
1766539800000,0.00000867
1766540160000,0.00000874
1766540580000,0.00000865
1766541780000,0.00000856
1766542080000,0.00000848
1766542140000,0.00000839
1766542860000,0.00000846
1766543940000,0.00000838
1766544120000,0.00000831
1766544660000,0.00000848
1766546460000,0.0000084
1766547420000,0.00000832
1766548980000,0.00000826
1766549340000,0.00000819
1766549520000,0.00000827
1766549760000,0.0000082
1766550600000,0.00000813
1766552460000,0.00000819
1766554080000,0.0000083
1766554560000,0.00000822
1766555160000,0.00000815
1766555340000,0.00000825
1766556360000,0.00000818
1766556420000,0.0000081
1766557260000,0.00000821
1766558880000,0.00000814
1766561640000,0.00000817
1766562540000,0.00000811
1766563920000,0.00000814
1766564640000,0.00000807
1766564820000,0.00000815
1766568600000,0.00000818
1766571720000,0.00000813
1766572440000,0.00000807
1766573820000,0.00000802
1766574960000,0.00000804
1766577840000,0.00000807
1766578560000,0.00000801
1766579940000,0.00000804
1766580960000,0.00000798
1766581200000,0.00000804
1766582340000,0.00000806
1766583180000,0.000008
1766583240000,0.00000795
1766583300000,0.00000789
1766584380000,0.00000791
1766585220000,0.00000785
1766586720000,0.0000078
1766586840000,0.00000773
1766586960000,0.00000766
1766587020000,0.00000758
1766587080000,0.00000749
1766587320000,0.00000777
1766590380000,0.00000768
1766590740000,0.00000763
1766592120000,0.00000757
1766593260000,0.00000762
1766593860000,0.00000775
1766594340000,0.00000792
1766598060000,0.00000785
1766598540000,0.00000793
1766599800000,0.00000786
1766600100000,0.00000792
1766602500000,0.00000796
1766603820000,0.00000791
1766604360000,0.00000795
1766606700000,0.00000797
1766609160000,0.00000792
1766609460000,0.00000787
1766612340000,0.00000783
1766613540000,0.00000784
1766613900000,0.00000784
1766614140000,0.0000078
1766614260000,0.00000776
1766616540000,0.00000779
1766618160000,0.00000782
1766618700000,0.00000776
1766619660000,0.00000771
1766620440000,0.00000766
1766620800000,0.00000762
1766621040000,0.00000757
1766622240000,0.0000076
1766624220000,0.00000755
1766625660000,0.00000751
1766626200000,0.00000746
1766630700000,0.00000742
1766632140000,0.00000738
1766632380000,0.00000741
1766633100000,0.00000742
1766633460000,0.00000738
1766633940000,0.00000734
1766636760000,0.00000736
1766638800000,0.00000737
1766639700000,0.00000733
1766640960000,0.00000729
1766641680000,0.00000731
1766643060000,0.00000727
1766643600000,0.00000728
1766646060000,0.00000727
1766646360000,0.00000724
1766646720000,0.0000072
1766647020000,0.00000717
1766649060000,0.00000717
1766649780000,0.00000713
1766650020000,0.00000709
1766650320000,0.00000714
1766650620000,0.00000709
1766650920000,0.00000703
1766653260000,0.00000704
1766654340000,0.00000709
1766655660000,0.0000071
1766656260000,0.00000706
1766657400000,0.00000702
1766657580000,0.00000698
1766658000000,0.00000702
1766659140000,0.00000697
1766661420000,0.00000692
1766662500000,0.00000693
1766663640000,0.00000695
1766665200000,0.00000691
1766666100000,0.00000692
1766667420000,0.00000688
1766668740000,0.00000685
1766669220000,0.00000688
1766670180000,0.00000684
1766670240000,0.0000068
1766670720000,0.00000676
1766672700000,0.00000672
1766672760000,0.00000667
1766673060000,0.00000672
1766674500000,0.00000673
1766675220000,0.00000674
1766676300000,0.0000067
1766676360000,0.00000664
1766677140000,0.00000659
1766677200000,0.00000653
1766677260000,0.00000646
1766677440000,0.00000639
1766677500000,0.0000063
1766678580000,0.0000063
1766679480000,0.00000624
1766679900000,0.00000618
1766681460000,0.00000612
1766682180000,0.00000606
1766683680000,0.00000599
1766685600000,0.00000594
1766685660000,0.0000059
1766685720000,0.00000585
1766686020000,0.0000058
1766687640000,0.00000582
1766688240000,0.00000586
1766690460000,0.00000581
1766691060000,0.00000577
1766692020000,0.00000573
1766692560000,0.00000574
1766693460000,0.00000575
1766694360000,0.00000571
1766694480000,0.00000567
1766695500000,0.00000567
1766695860000,0.00000562
1766696700000,0.00000562
1766697420000,0.00000562
1766699280000,0.00000559
1766699700000,0.00000556
1766700300000,0.00000561
1766702640000,0.00000557
1766702700000,0.00000552
1766702820000,0.00000547
1766702880000,0.00000541
1766702940000,0.00000534
1766703120000,0.00000527
1766703720000,0.00000519
1766705520000,0.00000514
1766705580000,0.00000508
1766705640000,0.00000501
1766705700000,0.00000494
1766705820000,0.00000487
1766706300000,0.0000048
1766708040000,0.00000487
1766710980000,0.00000481
1766712240000,0.00000476
1766713680000,0.00000471
1766714400000,0.00000475
1766715240000,0.00000469
1766715300000,0.00000463
1766715360000,0.00000455
1766715600000,0.00000448
1766715840000,0.0000044
1766717640000,0.00000447
1766718960000,0.00000441
1766719860000,0.00000435
1766721120000,0.00000438
1766721660000,0.00000433
1766721720000,0.00000429
1766722740000,0.0000043
1766723520000,0.00000426
1766723580000,0.00000421
1766724180000,0.00000417
1766724360000,0.00000413
1766724840000,0.00000408
1766726220000,0.00000409
1766727180000,0.0000041
1766727780000,0.00000406
1766727960000,0.00000402
1766728500000,0.00000398
1766729700000,0.00000394
1766733180000,0.00000397
1766733600000,0.000004
1766734740000,0.00000396
1766738400000,0.00000391
1766740020000,0.00000391
1766740920000,0.00000387
1766741040000,0.00000383
1766742360000,0.0000038
1766742480000,0.00000376
1766742540000,0.00000371
1766743320000,0.00000377
1766745960000,0.00000373
1766746620000,0.00000374
1766747520000,0.00000371
1766748120000,0.00000368
1766748420000,0.00000368
1766750040000,0.00000364
1766750700000,0.00000361
1766753520000,0.00000358
1766755200000,0.00000358
1766756400000,0.00000355
1766756820000,0.00000351
1766756880000,0.00000347
1766756940000,0.00000343
1766757000000,0.00000338
1766757840000,0.00000341
1766759100000,0.00000342
1766759460000,0.00000338
1766759640000,0.00000333
1766760180000,0.00000328
1766760540000,0.00000322
1766760600000,0.00000316
1766761200000,0.00000309
1766761320000,0.00000305
1766761440000,0.00000309
1766763360000,0.00000312
1766764320000,0.00000316
1766768160000,0.00000312
1766768700000,0.00000315
1766769960000,0.00000317
1766770200000,0.00000312
1766771520000,0.00000319
1766772060000,0.00000322
1766773860000,0.00000322
1766774940000,0.00000325
1766777460000,0.00000325
1766778720000,0.00000326
1766780460000,0.00000325
1766781900000,0.00000322
1766782440000,0.00000323
1766784480000,0.00000322
1766785740000,0.00000321
1766786400000,0.00000318
1766787180000,0.00000318
1766787840000,0.00000315
1766788200000,0.00000316
1766789220000,0.00000317
1766789940000,0.00000313
1766790120000,0.0000031
1766791800000,0.0000031
1766794440000,0.00000309
1766794860000,0.00000306
1766796600000,0.00000306
1766800200000,0.00000305
1766800740000,0.00000302
1766800800000,0.00000299
1766801760000,0.00000298
1766803500000,0.00000296
1766803680000,0.00000293
1766805660000,0.0000029
1766805780000,0.00000287
1766806860000,0.00000284
1766807160000,0.00000281
1766807280000,0.0000028
1766807340000,0.00000279
1766809500000,0.00000278
1766809800000,0.00000277
1766811240000,0.00000279
1766813880000,0.00000278
1766814840000,0.0000028
1766815560000,0.00000279
1766816160000,0.00000278
1766818800000,0.00000277
1766819760000,0.00000278
1766820240000,0.00000277
1766820360000,0.00000276
1766820960000,0.00000277
1766823120000,0.00000278
1766824140000,0.00000278
1766825040000,0.00000277
1766825280000,0.00000277
1766825400000,0.00000276
1766826780000,0.00000276
1766830080000,0.00000276
1766830860000,0.00000277
1766831580000,0.00000277
1766831700000,0.00000276
1766835180000,0.00000277
1766836440000,0.00000279
1766836980000,0.0000028
1766839860000,0.0000028
1766840400000,0.00000282
1766841240000,0.00000281
1766844360000,0.0000028
1766844720000,0.00000282
1766846640000,0.00000281
1766847480000,0.0000028
1766847780000,0.00000282
1766848500000,0.00000283
1766849460000,0.00000282
1766850360000,0.00000284
1766851500000,0.00000283
1766853000000,0.00000285
1766854380000,0.00000282
1766855340000,0.0000028
1766855460000,0.0000028
1766855700000,0.00000281
1766856720000,0.00000283
1766857620000,0.00000282
1766857740000,0.00000281
1766857800000,0.00000281
1766858160000,0.0000028
1766860560000,0.00000279
1766860740000,0.00000278
1766861100000,0.0000028
1766862420000,0.00000282
1766864100000,0.00000281
1766865540000,0.00000283
1766865840000,0.00000282
1766865960000,0.00000281
1766866500000,0.0000028
1766869440000,0.0000028
1766869800000,0.00000279
1766870100000,0.00000278
1766870160000,0.00000278
1766870280000,0.00000277
1766871960000,0.00000276
1766872200000,0.00000275
1766872260000,0.00000274
1766872800000,0.00000273
1766873160000,0.00000277
1766873700000,0.00000276
1766873760000,0.00000274
1766873880000,0.00000278
1766874720000,0.00000276
1766877660000,0.00000275
1766880180000,0.00000278
1766880900000,0.00000277
1766883120000,0.00000278
1766883720000,0.00000279
1766884080000,0.00000281
1766885040000,0.0000028
1766889180000,0.00000279
1766889600000,0.00000281
1766891400000,0.00000282
1766891640000,0.00000281
1766891880000,0.00000281
1766893080000,0.00000282
1766894820000,0.00000282
1766895900000,0.00000284
1766897640000,0.00000285
1766898120000,0.00000284
1766899200000,0.00000283
1766899920000,0.00000285
1766901360000,0.00000287
1766904300000,0.00000287
1766905320000,0.00000284
1766906280000,0.00000286
1766909340000,0.00000285
1766910180000,0.00000286
1766911140000,0.00000285
1766911200000,0.00000285
1766911380000,0.00000287
1766911920000,0.00000284
1766914680000,0.00000283
1766914740000,0.00000283
1766914920000,0.00000282
1766916180000,0.00000281
1766916360000,0.0000028
1766916960000,0.00000279
1766918280000,0.00000281
1766919720000,0.0000028
1766920440000,0.00000279
1766921940000,0.00000278
1766922480000,0.0000028
1766925000000,0.0000028
1766925480000,0.00000282
1766926620000,0.00000283
1766927160000,0.00000282
1766927280000,0.00000284
1766928960000,0.00000283
1766930040000,0.00000282
1766930280000,0.00000283
1766931060000,0.00000284
1766932920000,0.00000287
1766934240000,0.00000287
1766935440000,0.00000288
1766936040000,0.00000285
1766937300000,0.00000284
1766938680000,0.00000286
1766940000000,0.00000286
1766941620000,0.00000285
1766941680000,0.00000285
1766941800000,0.00000284
1766944920000,0.00000283
1766944980000,0.00000282
1766945640000,0.00000281
1766946420000,0.00000285
1766947620000,0.00000282
1766947860000,0.0000028
1766948100000,0.00000279
1766950020000,0.0000028
1766950320000,0.00000282
1766952300000,0.00000281
1766952420000,0.00000283
1766955420000,0.00000282
1766955600000,0.00000282
1766959440000,0.00000281
1766959920000,0.0000028
1766960820000,0.0000028
1766962200000,0.00000279
1766962380000,0.00000278
1766962800000,0.00000276
1766964600000,0.00000279
1766965380000,0.00000278
1766965800000,0.00000276
1766966520000,0.00000281
1766967780000,0.00000279
1766967840000,0.00000276
1766967900000,0.00000274
1766968200000,0.00000271
1766968260000,0.00000267
1766968320000,0.00000263
1766968380000,0.00000262
1766970120000,0.0000026
1766970240000,0.00000257
1766970660000,0.00000263
1766972400000,0.0000026
1766972460000,0.0000026
1766972520000,0.00000259
1766976780000,0.00000263
1766978340000,0.00000267
1766979600000,0.00000265
1766979960000,0.00000263
1766980560000,0.00000261
1766980680000,0.00000258
1766981280000,0.00000261
1766982120000,0.00000263
1766982780000,0.00000265
1766983260000,0.00000269
1766983740000,0.00000268
1766987280000,0.00000266
1766987460000,0.00000265
1766987640000,0.00000264
1766988240000,0.00000263
1766989800000,0.00000264
1766990520000,0.00000265
1766991780000,0.00000268
1766992080000,0.00000266
1766992200000,0.0000027
1766995380000,0.00000271
1766995800000,0.00000273
1766996640000,0.00000272
1766997300000,0.00000274
1766998440000,0.00000272
1766999100000,0.00000275
1767000660000,0.00000273
1767000720000,0.00000272
1767000780000,0.0000027
1767000840000,0.00000268
1767000900000,0.00000266
1767000960000,0.00000264
1767001020000,0.00000262
1767001260000,0.0000026
1767005280000,0.00000263
1767005820000,0.00000262
1767006120000,0.0000026
1767006240000,0.00000258
1767007080000,0.00000261
1767008880000,0.00000262
1767009600000,0.00000261
1767009960000,0.00000259
1767010020000,0.00000256
1767010380000,0.00000254
1767013380000,0.00000252
1767013560000,0.00000255
1767015600000,0.00000254
1767016140000,0.00000252
1767016200000,0.00000251
1767016500000,0.0000025
1767017760000,0.00000254
1767018720000,0.00000252
1767018900000,0.00000249
1767019020000,0.00000247
1767023700000,0.00000245
1767024480000,0.00000247
1767025560000,0.00000245
1767025620000,0.00000243
1767026280000,0.00000246
1767028020000,0.00000245
1767028200000,0.00000246
1767030060000,0.00000249
1767030720000,0.00000248
1767032700000,0.00000252
1767034500000,0.00000251
1767034860000,0.00000249
1767035100000,0.00000252
1767038340000,0.00000252
1767038940000,0.00000251
1767039300000,0.0000025
1767041580000,0.00000251
1767041820000,0.0000025
1767041880000,0.00000249
1767042420000,0.00000248
1767044640000,0.00000247
1767046200000,0.00000246
1767047040000,0.00000245
1767047880000,0.00000247
1767048960000,0.00000248
1767049260000,0.00000248
1767049620000,0.0000025
1767050940000,0.00000249
1767052500000,0.0000025
1767052920000,0.0000025
1767053280000,0.00000251
1767054600000,0.00000251
1767054780000,0.0000025
1767055500000,0.00000252
1767056520000,0.00000251
1767057060000,0.00000253
1767058080000,0.00000254
1767058560000,0.00000253
1767058740000,0.00000256
1767059220000,0.00000255
1767059820000,0.00000257
1767064020000,0.00000258
1767064560000,0.00000261
1767064860000,0.00000259
1767065100000,0.00000258
1767066780000,0.00000256
1767067320000,0.00000255
1767068520000,0.00000258
1767071820000,0.00000258
1767072660000,0.00000257
1767073560000,0.00000259
1767074880000,0.00000258
1767075180000,0.00000257
1767075240000,0.00000256
1767075300000,0.00000255
1767075780000,0.00000258
1767078480000,0.00000257
1767079020000,0.00000259
1767079980000,0.00000261
1767080280000,0.0000026
1767080340000,0.00000259
1767080820000,0.00000261
1767081780000,0.0000026
1767081840000,0.00000259
1767081900000,0.00000258
1767082020000,0.00000256
1767082200000,0.00000255
1767083820000,0.0000026
1767085620000,0.00000261
1767087180000,0.00000263
1767089040000,0.00000267
1767094380000,0.00000268
1767097260000,0.00000267
1767098400000,0.00000266
1767098520000,0.00000265
1767099180000,0.00000266
1767101160000,0.00000265
1767101460000,0.00000267
1767102000000,0.0000027
1767103260000,0.00000269
1767103320000,0.00000268
1767103380000,0.00000266
1767103620000,0.00000272
1767105420000,0.00000278
1767106320000,0.00000275
1767106980000,0.00000285
1767109260000,0.00000286
1767109860000,0.00000283
1767110220000,0.00000281
1767111540000,0.00000279
1767111660000,0.00000276
1767112440000,0.00000283
1767114840000,0.00000285
1767115620000,0.00000287
1767116760000,0.00000285
1767116820000,0.00000283
1767117780000,0.00000281
1767120120000,0.00000282
1767120960000,0.00000286
1767121560000,0.00000283
1767122400000,0.00000286
1767123720000,0.00000287
1767124080000,0.0000029
1767124440000,0.00000291
1767126120000,0.00000291
1767127500000,0.00000288
1767128340000,0.00000287
1767130020000,0.00000284
1767130260000,0.00000286
1767130680000,0.00000282
1767130800000,0.00000281
1767131040000,0.00000284
1767132660000,0.00000283
1767133200000,0.00000282
1767133920000,0.00000283
1767135480000,0.00000282
1767135720000,0.00000281
1767137340000,0.0000028
1767139200000,0.00000284
1767140400000,0.00000282
1767141180000,0.00000287
1767143100000,0.00000286
1767143400000,0.00000287
1767143580000,0.00000286
1767143700000,0.00000285
1767143760000,0.00000284
1767143940000,0.00000282
1767144600000,0.00000281
1767146460000,0.00000279
1767147180000,0.00000278
1767147780000,0.00000281
1767149160000,0.00000283
1767149640000,0.00000282
1767150420000,0.00000284
1767150960000,0.00000282
1767151320000,0.00000281
1767151920000,0.00000279
1767152640000,0.00000281
1767153600000,0.0000028
1767154740000,0.00000282
1767156900000,0.00000281
1767161820000,0.00000282
1767163080000,0.00000283
1767163860000,0.00000285
1767168060000,0.00000284
1767168300000,0.00000283
1767168660000,0.00000285
1767170340000,0.00000284
1767170400000,0.00000283
1767171420000,0.00000283
1767171900000,0.00000282
1767173340000,0.00000284
1767173940000,0.00000283
1767174720000,0.00000282
1767175020000,0.00000282
1767176040000,0.00000283
1767177300000,0.00000284
1767178620000,0.00000283
1767180960000,0.00000282
1767181440000,0.00000281
1767184620000,0.00000283
1767184980000,0.00000282
1767187260000,0.00000281
1767187620000,0.0000028
1767188340000,0.00000278
1767189660000,0.00000277
1767190080000,0.00000275
1767190140000,0.00000273
1767190740000,0.00000279
1767191760000,0.00000277
1767192240000,0.00000275
1767193140000,0.00000278
1767193920000,0.00000276
1767194700000,0.00000278
1767196740000,0.0000028
1767197340000,0.00000278
1767199380000,0.00000276
1767199980000,0.0000028
1767201960000,0.00000279
1767203160000,0.00000281
1767204420000,0.0000028
1767205800000,0.0000028
1767206820000,0.00000279
1767206880000,0.00000277
1767207000000,0.00000276
1767207720000,0.00000278
1767209940000,0.00000277
1767210420000,0.00000276
1767211440000,0.00000275
1767211680000,0.00000274
1767212640000,0.00000275
1767213120000,0.00000273
1767214320000,0.00000275
1767214620000,0.00000273
1767215400000,0.00000275
1767217080000,0.00000277
1767218580000,0.00000279
1767219180000,0.00000278
1767219660000,0.00000277
1767224700000,0.00000276
1767225420000,0.00000275
1767225900000,0.00000274
1767226560000,0.00000276
1767227640000,0.00000275
1767229440000,0.00000274
1767229620000,0.00000274
1767229680000,0.00000273
1767230100000,0.00000272
1767231720000,0.00000274
1767232680000,0.00000273
1767233820000,0.00000275
1767234420000,0.00000274
1767234720000,0.00000275
1767236880000,0.00000276
1767239520000,0.00000278
1767239760000,0.00000277
1767239820000,0.00000277
1767240360000,0.00000279
1767242580000,0.00000278
1767243300000,0.00000279
1767244380000,0.0000028
1767247020000,0.00000279
1767248040000,0.0000028
1767249420000,0.00000279
1767250680000,0.00000279
1767251100000,0.0000028
1767251880000,0.00000279
1767252540000,0.00000278
1767253740000,0.00000278
1767254100000,0.00000277
1767257400000,0.00000277
1767258420000,0.00000277
1767258660000,0.00000279
1767260340000,0.00000279
1767261180000,0.00000279
1767261660000,0.0000028
1767262260000,0.0000028
1767266100000,0.00000279
1767266340000,0.00000279
1767267060000,0.00000279
1767267600000,0.00000281
1767268020000,0.0000028
1767269160000,0.00000282
1767272040000,0.00000283
1767273360000,0.00000284
1767273720000,0.00000284
1767273900000,0.00000285
1767275340000,0.00000284
1767275580000,0.00000284
1767276180000,0.00000283
1767276720000,0.00000282
1767277260000,0.00000281
1767277680000,0.0000028
1767280620000,0.00000279
1767280920000,0.00000281
1767282060000,0.00000285
1767283260000,0.00000287
1767284160000,0.00000283
1767284460000,0.00000282
1767284820000,0.00000285
1767288000000,0.00000284
1767288060000,0.00000283
1767288600000,0.00000281
1767289380000,0.00000285
1767290400000,0.00000288
1767294240000,0.00000287
1767294540000,0.00000288
1767296280000,0.00000286
1767296340000,0.00000285
1767296400000,0.00000284
1767296460000,0.00000284
1767296940000,0.00000283
1767297840000,0.00000285
1767300300000,0.00000284
1767301980000,0.00000283
1767303420000,0.00000283
1767305160000,0.00000282
1767305280000,0.00000281
1767306360000,0.00000283
1767306900000,0.00000285
1767307200000,0.00000287
1767307320000,0.00000286
1767307980000,0.00000285
1767308400000,0.00000284
1767308580000,0.00000288
1767310080000,0.00000286
1767311220000,0.00000289
1767312000000,0.00000291
1767312540000,0.00000289
1767313260000,0.00000293
1767314760000,0.00000294
1767315780000,0.00000294
1767317040000,0.00000291
1767317700000,0.00000288
1767318600000,0.00000289
1767319560000,0.00000288
1767322140000,0.00000287
1767322200000,0.00000286
1767322260000,0.00000285
1767323220000,0.00000284
1767323580000,0.00000282
1767324240000,0.00000285
1767325140000,0.00000283
1767325200000,0.00000282
1767325260000,0.0000028
1767325920000,0.00000282
1767327600000,0.0000028
1767328320000,0.00000282
1767330420000,0.00000284
1767332100000,0.00000285
1767332940000,0.00000285
1767333300000,0.00000284
1767333420000,0.00000283
1767335760000,0.00000284
1767336420000,0.00000286
1767337560000,0.00000289
1767339060000,0.00000288
1767339720000,0.00000286
1767341160000,0.00000285
1767341340000,0.00000284
1767342600000,0.00000287
1767344580000,0.00000287
1767345000000,0.00000286
1767345060000,0.00000285
1767345120000,0.00000283
1767346020000,0.00000287
1767347280000,0.00000286
1767347340000,0.00000284
1767348420000,0.00000284
1767350460000,0.00000284
1767351240000,0.00000286
1767351780000,0.00000285
1767352560000,0.00000284
1767353760000,0.00000286
1767354060000,0.00000284
1767354900000,0.00000286
1767357240000,0.00000289
1767358020000,0.00000287
1767359220000,0.0000029
1767360060000,0.00000289
1767360240000,0.00000293
1767363120000,0.00000291
1767363420000,0.0000029
1767363480000,0.00000288
1767363540000,0.00000287
1767363600000,0.00000285
1767364620000,0.00000292
1767364980000,0.00000289
1767365400000,0.00000284
1767366060000,0.00000287
1767367740000,0.00000293
1767370380000,0.0000029
1767370500000,0.00000286
1767370920000,0.00000285
1767371580000,0.00000278
1767372120000,0.00000286
1767373560000,0.00000281
1767374100000,0.00000276
1767374640000,0.00000285
1767376140000,0.0000028
1767376500000,0.00000282
1767378720000,0.00000278
1767378960000,0.00000274
1767379740000,0.00000272
1767379800000,0.0000027
1767379860000,0.00000268
1767380580000,0.00000271
1767381360000,0.00000269
1767381780000,0.00000267
1767384420000,0.00000271
1767384960000,0.00000273
1767385500000,0.00000277
1767386820000,0.00000274
1767387000000,0.00000272
1767387180000,0.00000271
1767389100000,0.0000027
1767389160000,0.00000268
1767389400000,0.00000267
1767390060000,0.00000269
1767391440000,0.00000268
1767391500000,0.00000266
1767392520000,0.00000269
1767394320000,0.00000273
1767398280000,0.00000276
1767398520000,0.00000274
1767398760000,0.00000273
1767400500000,0.00000275
1767402120000,0.00000274
1767402600000,0.00000276
1767403140000,0.0000028
1767404460000,0.00000277
1767405720000,0.00000275
1767405840000,0.00000274
1767406620000,0.00000276
1767407160000,0.00000274
1767408180000,0.00000275
1767409080000,0.00000277
1767409740000,0.00000275
1767413880000,0.00000274
1767415080000,0.00000273
1767415140000,0.00000272
1767415440000,0.00000272
1767417000000,0.00000273
1767418560000,0.00000272
1767418800000,0.00000271
1767420960000,0.00000273
1767422460000,0.00000272
1767422640000,0.0000027
1767422940000,0.00000269
1767424560000,0.00000268
1767424680000,0.00000267
1767424800000,0.00000265
1767424860000,0.00000264
1767425280000,0.00000262
1767427740000,0.00000265
1767428520000,0.00000267
1767430500000,0.00000269
1767431640000,0.00000268
1767432660000,0.00000266
1767432780000,0.00000265
1767433080000,0.00000264
1767435840000,0.00000265
1767437220000,0.00000266
1767438060000,0.00000265
1767438480000,0.00000264
1767440220000,0.00000266
1767442140000,0.00000265
1767443160000,0.00000265
1767444360000,0.00000267
1767446520000,0.00000266
1767447600000,0.00000267
1767449940000,0.00000269
1767450360000,0.00000268
1767450420000,0.00000267
1767450660000,0.00000266
1767450720000,0.00000265
1767451440000,0.00000267
1767453660000,0.00000269
1767454560000,0.00000271
1767456060000,0.00000274
1767459480000,0.00000273
1767463560000,0.00000272
1767465540000,0.00000273
1767470580000,0.00000272
1767470700000,0.00000272
1767470760000,0.00000271
1767470820000,0.00000271
1767471600000,0.00000272
1767472500000,0.00000271
1767472560000,0.0000027
1767472860000,0.0000027
1767475200000,0.00000269
1767475260000,0.00000268
1767475320000,0.00000267
1767475500000,0.00000266
1767475560000,0.00000265
1767475860000,0.00000264
1767476700000,0.00000268
1767477660000,0.0000027
1767479820000,0.00000268
1767480240000,0.00000277
1767484800000,0.00000278
1767485040000,0.00000277
1767485100000,0.00000276
1767485160000,0.00000274
1767485220000,0.00000271
1767486000000,0.00000275
1767486840000,0.00000279
1767488100000,0.00000277
1767488520000,0.0000028
1767489600000,0.00000278
1767490080000,0.00000276
1767491100000,0.0000028
1767495540000,0.00000281
1767496320000,0.00000278
1767496980000,0.00000281
1767498360000,0.00000279
1767498480000,0.00000278
1767499080000,0.00000277
1767500640000,0.00000279
1767502080000,0.00000281
1767502860000,0.00000281
1767505620000,0.00000283
1767507000000,0.0000028
1767507420000,0.00000278
1767507780000,0.00000277
1767507900000,0.00000279
1767508980000,0.00000278
1767509340000,0.00000276
1767511740000,0.00000278
1767513780000,0.00000276
1767513840000,0.00000275
1767514560000,0.00000278
1767516060000,0.00000276
1767517080000,0.00000275
1767517320000,0.00000277
1767518460000,0.00000275
1767518640000,0.00000279
1767520560000,0.00000282
1767520680000,0.00000282
1767521160000,0.0000028
1767522660000,0.00000282
1767523620000,0.00000281
1767524400000,0.00000283
1767526980000,0.00000282
1767527520000,0.00000279
1767527760000,0.00000281
1767529200000,0.0000028
1767529380000,0.00000279
1767531900000,0.00000278
1767532020000,0.0000028
1767532680000,0.00000279
1767532800000,0.00000277
1767533520000,0.00000281
1767534780000,0.0000028
1767535080000,0.00000279
1767536760000,0.00000278
1767537060000,0.0000028
1767538860000,0.00000279
1767540120000,0.00000279
1767541380000,0.00000278
1767541920000,0.00000282
1767543420000,0.00000286
1767544920000,0.00000287
1767546240000,0.00000287
1767546900000,0.00000287
1767549000000,0.00000285
1767549600000,0.00000282
1767549900000,0.00000281
1767550800000,0.0000028
1767551460000,0.00000279
1767551880000,0.00000277
1767552120000,0.00000281
1767553380000,0.0000028
1767553440000,0.00000278
1767553500000,0.00000276
1767553680000,0.00000274
1767554460000,0.00000278
1767557520000,0.00000276
1767558060000,0.00000279
1767558840000,0.00000281
1767559920000,0.0000028
1767560220000,0.00000282
1767561180000,0.00000279
1767561840000,0.00000281
1767562800000,0.00000278
1767563580000,0.00000279
1767564300000,0.00000278
1767564780000,0.00000282
1767566760000,0.00000282
1767567540000,0.00000281
1767567660000,0.00000279
1767568260000,0.00000284
1767570600000,0.00000284
1767571260000,0.0000028
1767571320000,0.00000278
1767572340000,0.00000277
1767573900000,0.00000275
1767574080000,0.00000272
1767574140000,0.0000027
1767574620000,0.00000268
1767575280000,0.00000264
1767575700000,0.00000261
1767577020000,0.00000258
1767577080000,0.00000255
1767577140000,0.00000252
1767577860000,0.00000257
1767579840000,0.00000255
1767580140000,0.00000252
1767581280000,0.00000251
1767584040000,0.00000249
1767586080000,0.00000248
1767586440000,0.00000246
1767586740000,0.00000245
1767590820000,0.00000247
1767591660000,0.00000245
1767591840000,0.00000248
1767592440000,0.00000246
1767592740000,0.00000245
1767593400000,0.00000249
1767594480000,0.00000247
1767594600000,0.00000246
1767595020000,0.00000251
1767596700000,0.00000252
1767596880000,0.00000251
1767599280000,0.00000252
1767602340000,0.00000251
1767602880000,0.00000254
1767603720000,0.00000253
1767603780000,0.00000252
1767604680000,0.00000254
1767605940000,0.00000253
1767606360000,0.00000252
1767608100000,0.0000025
1767609960000,0.00000252
1767614460000,0.00000253
1767616200000,0.00000251
1767616920000,0.0000025
1767617760000,0.00000252
1767618900000,0.00000255
1767619140000,0.00000253
1767619200000,0.00000252
1767619260000,0.0000025
1767619740000,0.00000249
1767620400000,0.00000247
1767620460000,0.00000245
1767622020000,0.00000249
1767623880000,0.00000246
1767624480000,0.00000252
1767627120000,0.0000025
1767627660000,0.00000247
1767628440000,0.0000025
1767629940000,0.00000252
1767630360000,0.00000257
1767631800000,0.00000259
1767633720000,0.00000257
1767633960000,0.00000255
1767635100000,0.00000253
1767635880000,0.00000251
1767637500000,0.00000254
1767638700000,0.00000252
1767639300000,0.0000025
1767640920000,0.00000248
1767644280000,0.00000249
1767644940000,0.00000247
1767645120000,0.00000252
1767646500000,0.0000025
1767646980000,0.00000254
1767648420000,0.00000256
1767648900000,0.0000026
1767649980000,0.00000263
1767651660000,0.00000261
1767653220000,0.00000264
1767654600000,0.00000265
1767656220000,0.00000264
1767657000000,0.00000265
1767657960000,0.00000264
1767658020000,0.00000263
1767658140000,0.00000261
1767658440000,0.0000026
1767659940000,0.00000258
1767661620000,0.00000263
1767663420000,0.00000265
1767663960000,0.00000263
1767664860000,0.00000267
1767669300000,0.00000266
1767669720000,0.00000268
1767670260000,0.00000274
1767670740000,0.00000273
1767672420000,0.00000275
1767672660000,0.00000274
1767673200000,0.00000272
1767675780000,0.00000271
1767675840000,0.0000027
1767676020000,0.00000269
1767676620000,0.0000027
1767676800000,0.00000268
1767676980000,0.00000267
1767677460000,0.00000265
1767677520000,0.00000263
1767678300000,0.00000267
1767678780000,0.00000264
1767678840000,0.00000262
1767679680000,0.00000264
1767681180000,0.00000267
1767682080000,0.00000268
1767684120000,0.00000267
1767684180000,0.00000265
1767684240000,0.00000264
1767684540000,0.00000262
1767685860000,0.00000265
1767687480000,0.00000267
1767689580000,0.0000027
1767690300000,0.00000269
1767690900000,0.00000267
1767691740000,0.00000269
1767693480000,0.00000268
1767693600000,0.00000266
1767693660000,0.00000265
1767694260000,0.0000027
1767696960000,0.00000269
1767697380000,0.00000271
1767697800000,0.0000027
1767697860000,0.00000268
1767698460000,0.00000267
1767699540000,0.00000265
1767700140000,0.00000263
1767700980000,0.00000266
1767703860000,0.00000265
1767704880000,0.00000264
1767705240000,0.00000262
1767706200000,0.00000266
1767707640000,0.00000264
1767707700000,0.00000263
1767708180000,0.00000262
1767708420000,0.0000026
1767708720000,0.00000258
1767708780000,0.00000256
1767708840000,0.00000253
1767708900000,0.00000251
1767708960000,0.00000248
1767709140000,0.00000245
1767709260000,0.00000241
1767711000000,0.00000247
1767712980000,0.00000244
1767713940000,0.0000024
1767714120000,0.00000237
1767714360000,0.0000024
1767716400000,0.00000237
1767716760000,0.00000234
1767717180000,0.00000231
1767718260000,0.00000236
1767719700000,0.00000233
1767719880000,0.00000231
1767720420000,0.00000236
1767721680000,0.00000233
1767721740000,0.0000023
1767722160000,0.00000227
1767725880000,0.00000229
1767727260000,0.00000231
1767728640000,0.0000023
1767729660000,0.00000228
1767729720000,0.00000227
1767729900000,0.00000226
1767731040000,0.00000224
1767732180000,0.00000223
1767733860000,0.00000225
1767733980000,0.00000223
1767734100000,0.00000222
1767734160000,0.0000022
1767734220000,0.00000217
1767735240000,0.00000216
1767735540000,0.00000224
1767736320000,0.00000221
1767737940000,0.00000219
1767739680000,0.00000222
1767740400000,0.0000022
1767740820000,0.00000218
1767741000000,0.00000217
1767744900000,0.00000218
1767745500000,0.00000222
1767746280000,0.00000224
1767747120000,0.00000223
1767747540000,0.00000221
1767747840000,0.00000225
1767748560000,0.00000223
1767748800000,0.00000221
1767751320000,0.0000022
1767751500000,0.00000223
1767752940000,0.00000225
1767753180000,0.0000023
1767754560000,0.00000228
1767756000000,0.00000227
1767756360000,0.0000023
1767757260000,0.00000228
1767759120000,0.00000227
1767760200000,0.00000228
1767760740000,0.00000227
1767761940000,0.00000226
1767762360000,0.00000225
1767763620000,0.00000227
1767764460000,0.00000228
1767764880000,0.00000227
1767765600000,0.00000229
1767766920000,0.00000227
1767767520000,0.00000229
1767771060000,0.0000023
1767771600000,0.00000232
1767772920000,0.00000231
1767773220000,0.0000023
1767773520000,0.00000232
1767774660000,0.00000236
1767775740000,0.00000234
1767775800000,0.00000233
1767775860000,0.00000236
1767776820000,0.00000234
1767777240000,0.00000233
1767777480000,0.00000232
1767777720000,0.0000023
1767777900000,0.00000228
1767778200000,0.00000227
1767779640000,0.0000023
1767781320000,0.0000023
1767782040000,0.00000229
1767783060000,0.0000023
1767783960000,0.00000229
1767784320000,0.00000228
1767785580000,0.00000229
1767786240000,0.00000231
1767787800000,0.00000233
1767791220000,0.00000235
1767791820000,0.00000238
1767792660000,0.00000236
1767794340000,0.00000238
1767795180000,0.00000236
1767796260000,0.00000241
1767796380000,0.00000244
1767797460000,0.00000248
1767798000000,0.00000252
1767798180000,0.00000248
1767798900000,0.00000248
1767799080000,0.00000245
1767800160000,0.00000246
1767803700000,0.00000244
1767803760000,0.00000242
1767804300000,0.00000246
1767805500000,0.00000249
1767806520000,0.00000247
1767807420000,0.00000248
1767807780000,0.00000246
1767808200000,0.00000245
1767808320000,0.00000243
1767808860000,0.00000241
1767810300000,0.00000239
1767810480000,0.00000245
1767811380000,0.00000247
1767812520000,0.0000025
1767813420000,0.00000248
1767814440000,0.00000246
1767816180000,0.00000248
1767817320000,0.00000247
1767819240000,0.00000248
1767820380000,0.00000247
1767821760000,0.00000248
1767822540000,0.00000249
1767823320000,0.00000249
1767823980000,0.00000248
1767825060000,0.00000247
1767825180000,0.00000246
1767825600000,0.00000249
1767826860000,0.0000025
1767827580000,0.00000255
1767828060000,0.00000254
1767830520000,0.00000255
1767831300000,0.00000254
1767833100000,0.00000253
1767833160000,0.00000251
1767834120000,0.00000252
1767834780000,0.00000251
1767835740000,0.0000025
1767838080000,0.00000253
1767838260000,0.00000252
1767838380000,0.0000025
1767838440000,0.00000248
1767838680000,0.00000246
1767841800000,0.0000025
1767843840000,0.00000249
1767844080000,0.00000247
1767845640000,0.0000025
1767846300000,0.00000249
1767846360000,0.00000247
1767846540000,0.00000246
1767846660000,0.00000244
1767848160000,0.00000242
1767849900000,0.00000241
1767850560000,0.00000239
1767851220000,0.00000238
1767852000000,0.00000238
1767852300000,0.00000237
1767852720000,0.00000235
1767853500000,0.00000233
1767855540000,0.00000231
1767855660000,0.00000228
1767856200000,0.00000237
1767857940000,0.0000024
1767859380000,0.00000242
1767861180000,0.00000241
1767862320000,0.00000239
1767862380000,0.00000238
1767862560000,0.00000237
1767862980000,0.00000238
1767864000000,0.00000237
1767864180000,0.00000236
1767865440000,0.00000237
1767866460000,0.00000235
1767866520000,0.00000234
1767866580000,0.00000233
1767867180000,0.00000237
1767867960000,0.00000235
1767868740000,0.00000237
1767869520000,0.00000235
1767870300000,0.0000024
1767871980000,0.00000242
1767874080000,0.00000241
1767874260000,0.00000239
1767874800000,0.00000242
1767875700000,0.0000024
1767876420000,0.00000242
1767878280000,0.00000245
1767880380000,0.00000244
1767880500000,0.00000243
1767880860000,0.00000246
1767882660000,0.00000244
1767883500000,0.00000241
1767883560000,0.00000241
1767885360000,0.00000238
1767886800000,0.00000241
1767887880000,0.00000239
1767888000000,0.00000236
1767888720000,0.00000233
1767889920000,0.00000236
1767890760000,0.00000233
1767891540000,0.00000231
1767892260000,0.00000234
1767893460000,0.00000237
1767894900000,0.00000235
1767894960000,0.00000234
1767895500000,0.00000236
1767896340000,0.00000241
1767898500000,0.00000239
1767898860000,0.00000237
1767899040000,0.0000024
1767899760000,0.00000239
1767900600000,0.00000242
1767902400000,0.0000024
1767902460000,0.00000238
1767902580000,0.00000237
1767902820000,0.00000235
1767905700000,0.00000233
1767906240000,0.00000232
1767907020000,0.00000234
1767908160000,0.00000233
1767908280000,0.00000231
1767909060000,0.0000023
1767909420000,0.00000228
1767909780000,0.00000227
1767911880000,0.00000226
1767911940000,0.00000224
1767912600000,0.00000228
1767915240000,0.00000227
1767915660000,0.00000226
1767919500000,0.00000225
1767920160000,0.00000226
1767921540000,0.00000225
1767921840000,0.00000224
1767921900000,0.00000223
1767922020000,0.00000222
1767922080000,0.00000223
1767922440000,0.00000231
1767923340000,0.00000235
1767924300000,0.00000234
1767924480000,0.00000232
1767925620000,0.00000234
1767927120000,0.00000235
1767927840000,0.00000234
1767927960000,0.00000233
1767928440000,0.00000232
1767931260000,0.00000235
1767933180000,0.00000234
1767933540000,0.00000233
1767935880000,0.00000234
1767936000000,0.00000232
1767937140000,0.00000233
1767939180000,0.00000233
1767941280000,0.00000232
1767941340000,0.00000231
1767941400000,0.0000023
1767941460000,0.00000229
1767942180000,0.00000231
1767943140000,0.0000023
1767944040000,0.00000233
1767945000000,0.00000232
1767945840000,0.0000023
1767945960000,0.00000228
1767946920000,0.00000231
1767947520000,0.0000023
1767948120000,0.00000228
1767948480000,0.00000227
1767948840000,0.00000225
1767952920000,0.00000223
1767953220000,0.00000226
1767956340000,0.00000227
1767956940000,0.00000226
1767957060000,0.00000225
1767957120000,0.00000224
1767957540000,0.00000227
1767958500000,0.00000228
1767958800000,0.00000227
1767959340000,0.00000231
1767961860000,0.0000023
1767961980000,0.00000232
1767962640000,0.0000023
1767963000000,0.00000232
1767964140000,0.00000231
1767964200000,0.00000229
1767964260000,0.00000228
1767964320000,0.00000227
1767964980000,0.00000229
1767965400000,0.00000228
1767967680000,0.00000226
1767967740000,0.00000225
1767967920000,0.00000223
1767968460000,0.00000228
1767969420000,0.00000232
1767970080000,0.00000229
1767970920000,0.00000232
1767971400000,0.00000235
1767972060000,0.00000232
1767972120000,0.00000229
1767972240000,0.00000226
1767972420000,0.00000223
1767972720000,0.00000219
1767976020000,0.00000224
1767978660000,0.00000222
1767978780000,0.0000022
1767978900000,0.00000218
1767978960000,0.00000216
1767979080000,0.00000214
1767979200000,0.00000212
1767980940000,0.0000021
1767981840000,0.00000211
1767982380000,0.0000021
1767982680000,0.00000208
1767985620000,0.00000206
1767987180000,0.00000204
1767988200000,0.00000202
1767989040000,0.00000201
1767989220000,0.000002
1767991740000,0.00000202
1767994260000,0.00000201
1767994440000,0.00000204
1767997740000,0.00000207
1767998580000,0.00000208
1768000200000,0.0000021
1768001640000,0.00000209
1768001880000,0.00000213
1768004520000,0.00000212
1768005900000,0.00000214
1768007160000,0.00000213
1768007460000,0.00000215
1768009920000,0.00000216
1768010160000,0.00000215
1768010580000,0.00000215
1768011840000,0.00000216
1768012680000,0.00000215
1768013280000,0.00000217
1768014420000,0.00000217
1768015140000,0.00000218
1768016400000,0.00000219
1768017960000,0.00000218
1768018020000,0.00000218
1768018920000,0.00000219
1768020060000,0.0000022
1768020840000,0.00000221
1768023060000,0.00000221
1768023540000,0.00000221
1768023600000,0.0000022
1768024200000,0.00000222
1768024740000,0.00000221
1768024860000,0.00000221
1768025340000,0.00000222
1768027980000,0.00000223
1768029360000,0.00000224
1768031340000,0.00000225
1768032420000,0.00000226
1768033140000,0.00000227
1768035660000,0.00000227
1768035720000,0.00000226
1768036140000,0.00000228
1768038420000,0.00000227
1768038840000,0.00000227
1768039020000,0.00000226
1768041660000,0.00000226
1768041720000,0.00000225
1768041960000,0.00000224
1768045500000,0.00000224
1768046700000,0.00000223
1768047600000,0.00000222
1768048020000,0.00000224
1768049280000,0.00000224
1768050780000,0.00000224
1768050840000,0.00000223
1768050960000,0.00000223
1768053840000,0.00000222
1768054440000,0.00000224
1768056960000,0.00000225
1768059180000,0.00000227
1768061760000,0.00000226
1768062360000,0.00000228
1768063020000,0.00000227
1768063740000,0.00000228
1768066140000,0.00000229
1768066500000,0.00000228
1768067520000,0.00000228
1768068660000,0.00000227
1768069020000,0.00000228
1768071360000,0.00000229
1768072080000,0.00000228
1768072260000,0.00000228
1768072560000,0.00000229
1768073880000,0.0000023
1768075200000,0.0000023
1768079280000,0.00000229
1768080120000,0.0000023
1768080240000,0.0000023
1768081860000,0.00000231
1768082460000,0.0000023
1768082640000,0.0000023
1768083060000,0.0000023
1768083540000,0.0000023
1768084380000,0.00000229
1768085280000,0.0000023
1768085880000,0.00000229
1768086180000,0.00000231
1768088580000,0.00000231
1768089060000,0.0000023
1768090380000,0.00000229
1768090440000,0.00000229
1768090560000,0.00000228
1768091700000,0.00000229
1768093800000,0.0000023
1768094640000,0.0000023
1768095360000,0.00000229
1768097100000,0.0000023
1768097460000,0.00000231
1768097880000,0.00000231
1768098780000,0.0000023
1768099200000,0.00000231
1768100940000,0.0000023
1768103220000,0.0000023
1768103580000,0.00000229
1768104660000,0.0000023
1768105200000,0.00000229
1768105500000,0.00000229
1768106580000,0.0000023
1768109100000,0.00000231
1768110360000,0.00000233
1768110780000,0.00000234
1768111200000,0.00000235
1768112400000,0.00000234
1768113360000,0.00000235
1768114500000,0.00000235
1768114980000,0.00000234
1768115940000,0.00000234
1768118640000,0.00000233
1768119240000,0.00000234
1768120560000,0.00000234
1768120620000,0.00000233
1768120860000,0.00000232
1768121580000,0.00000231
1768122060000,0.00000233
1768124040000,0.00000234
1768124400000,0.00000233
1768125180000,0.00000234
1768125840000,0.00000235
1768125960000,0.00000235
1768126260000,0.00000237
1768127640000,0.00000236
1768127760000,0.00000236
1768128240000,0.00000237
1768131180000,0.00000237
1768134240000,0.00000236
1768135560000,0.00000235
1768135620000,0.00000235
1768137180000,0.00000234
1768138740000,0.00000235
1768140600000,0.00000234
1768141860000,0.00000233
1768142520000,0.00000232
1768142820000,0.00000231
1768143300000,0.0000023
1768143480000,0.00000228
1768143600000,0.00000227
1768146240000,0.00000225
1768146300000,0.00000224
1768147020000,0.00000227
1768148040000,0.00000229
1768148880000,0.00000228
1768148940000,0.00000226
1768149000000,0.00000223
1768149120000,0.00000221
1768150080000,0.00000223
1768150200000,0.0000022
1768151280000,0.00000222
1768152000000,0.0000022
1768152960000,0.00000218
1768153020000,0.00000217
1768153200000,0.0000022
1768155240000,0.00000219
1768156200000,0.00000218
1768156380000,0.00000217
1768157100000,0.00000216
1768158120000,0.00000218
1768159680000,0.0000022
1768160460000,0.00000219
1768160820000,0.00000218
1768161240000,0.00000219
1768162500000,0.00000217
1768162620000,0.00000215
1768163580000,0.00000217
1768165200000,0.00000219
1768166160000,0.00000222
1768167300000,0.00000224
1768168860000,0.00000227
1768169100000,0.00000226
1768169280000,0.00000224
1768170060000,0.00000226
1768172640000,0.00000225
1768172700000,0.00000224
1768172940000,0.0000023
1768173300000,0.00000227
1768173420000,0.00000225
1768173600000,0.00000222
1768175160000,0.0000022
1768176000000,0.00000222
1768176600000,0.0000022
1768177140000,0.00000218
1768177200000,0.00000216
1768177680000,0.00000214
1768179480000,0.00000211
1768179900000,0.00000209
1768181580000,0.00000211
1768182060000,0.00000215
1768183620000,0.00000213
1768184580000,0.00000218
1768186200000,0.00000216
1768186620000,0.00000214
1768187520000,0.00000213
1768187580000,0.00000211
1768187700000,0.00000209
1768188420000,0.00000212
1768188960000,0.0000021
1768189860000,0.00000211
1768190700000,0.00000213
1768194120000,0.00000212
1768194540000,0.00000214
1768196280000,0.00000215
1768197720000,0.00000216
1768198080000,0.00000215
1768198800000,0.00000219
1768199400000,0.00000217
1768202220000,0.00000219
1768203060000,0.00000218
1768204800000,0.00000217
1768205940000,0.00000215
1768206540000,0.00000218
1768206720000,0.00000216
1768206900000,0.00000214
1768206960000,0.00000212
1768207020000,0.0000021
1768207260000,0.00000208
1768210860000,0.0000021
1768211700000,0.00000208
1768212240000,0.00000212
1768215060000,0.00000211
1768217160000,0.0000021
1768217880000,0.00000211
1768219500000,0.0000021
1768220220000,0.00000212
1768220940000,0.00000214
1768223400000,0.00000217
1768227120000,0.00000216
1768227420000,0.0000022
1768227840000,0.00000218
1768228260000,0.00000223
1768228740000,0.0000022
1768228800000,0.00000219
1768231140000,0.00000217
1768231200000,0.00000214
1768231440000,0.00000212
1768232100000,0.00000209
1768234320000,0.00000211
1768235340000,0.00000209
1768235400000,0.00000207
1768236000000,0.00000212
1768237320000,0.00000213
1768237740000,0.00000215
1768238760000,0.00000213
1768239060000,0.00000211
1768239120000,0.00000209
1768239180000,0.00000207
1768239300000,0.00000205
1768241400000,0.00000203
1768242360000,0.00000205
1768242900000,0.00000203
1768242960000,0.00000201
1768243200000,0.00000199
1768243860000,0.00000204
1768246080000,0.00000203
1768246800000,0.00000205
1768247580000,0.00000203
1768248360000,0.00000202
1768248780000,0.00000205
1768249920000,0.00000203
1768249980000,0.00000202
1768250940000,0.00000203
1768251360000,0.00000202
1768251780000,0.00000201
1768252200000,0.00000203
1768254060000,0.00000203
1768254360000,0.00000202
1768254600000,0.00000201
1768254840000,0.000002
1768255200000,0.00000205
1768256820000,0.00000206
1768259160000,0.00000208
1768259400000,0.00000206
1768260000000,0.00000205
1768262460000,0.00000207
1768263660000,0.00000208
1768264860000,0.00000206
1768265280000,0.00000208
1768266420000,0.00000208
1768266900000,0.00000209
1768268100000,0.00000208
1768268880000,0.0000021
1768269840000,0.00000209
1768270020000,0.00000212
1768271940000,0.00000211
1768272180000,0.0000021
1768272240000,0.00000209
1768272780000,0.00000211
1768273680000,0.0000021
1768273800000,0.00000209
1768280460000,0.00000208
1768280700000,0.00000211
1768281240000,0.0000021
1768281480000,0.00000209
1768281540000,0.00000207
1768281600000,0.00000206
1768281660000,0.00000204
1768283520000,0.00000203
1768284360000,0.00000205
1768285500000,0.00000204
1768287780000,0.00000206
1768289040000,0.00000207
1768290780000,0.00000208
1768291200000,0.00000209
1768292040000,0.00000208
1768292160000,0.00000207
1768292580000,0.00000206
1768293420000,0.00000205
1768293780000,0.00000204
1768295280000,0.00000205
1768295940000,0.00000204
1768296000000,0.00000202
1768296060000,0.000002
1768296660000,0.00000205
1768297740000,0.00000209
1768298940000,0.00000207
1768299000000,0.00000206
1768299960000,0.00000209
1768301100000,0.00000208
1768301160000,0.00000207
1768301700000,0.00000209
1768303560000,0.0000021
1768304340000,0.00000209
1768305120000,0.00000212
1768306080000,0.00000213
1768306440000,0.00000211
1768306620000,0.00000214
1768308840000,0.00000213
1768309200000,0.00000214
1768309680000,0.00000216
1768311000000,0.00000215
1768311120000,0.00000213
1768311180000,0.00000214
1768312860000,0.00000212
1768313700000,0.00000215
1768314480000,0.00000213
1768315440000,0.00000216
1768316040000,0.00000213
1768316520000,0.0000021
1768318380000,0.00000208
1768318560000,0.00000205
1768319280000,0.0000021
1768320540000,0.00000214
1768321620000,0.00000219
1768324200000,0.00000217
1768324620000,0.00000214
1768324980000,0.00000219
1768327500000,0.00000217
1768327620000,0.00000215
1768330200000,0.00000219
1768332120000,0.00000217
1768332780000,0.00000216
1768334760000,0.00000217
1768336320000,0.00000216
1768336620000,0.00000214
1768337160000,0.00000217
1768337940000,0.00000216
1768338300000,0.00000214
1768340400000,0.00000213
1768341720000,0.00000214
1768342080000,0.00000213
1768342140000,0.00000211
1768342200000,0.00000208
1768342260000,0.00000211
1768344000000,0.00000217
1768346640000,0.00000214
1768346880000,0.00000212
1768347480000,0.00000211
1768347900000,0.00000209
1768350780000,0.00000206
1768351080000,0.0000021
1768352820000,0.00000208
1768353600000,0.0000021
1768354800000,0.00000213
1768355700000,0.00000218
1768357380000,0.00000221
1768358760000,0.00000222
1768359840000,0.00000225
1768360920000,0.00000224
1768360980000,0.00000225
1768361580000,0.00000224
1768361640000,0.00000223
1768361760000,0.00000221
1768362600000,0.00000222
1768363500000,0.00000224
1768363740000,0.00000223
1768364520000,0.00000225
1768365660000,0.00000225
1768366200000,0.00000224
1768366860000,0.00000223
1768368120000,0.00000226
1768368840000,0.00000227
1768369440000,0.00000233
1768371060000,0.00000235
1768372800000,0.00000234
1768373520000,0.00000233
1768374360000,0.00000232
1768374480000,0.00000231
1768375080000,0.00000233
1768375620000,0.00000232
1768375860000,0.00000231
1768376580000,0.00000233
1768378740000,0.00000234
1768379400000,0.00000233
1768380300000,0.00000234
1768381800000,0.00000233
1768382040000,0.00000232
1768385280000,0.00000231
1768385460000,0.00000231
1768385700000,0.00000232
1768386000000,0.00000231
1768386120000,0.0000023
1768386180000,0.00000229
1768386900000,0.00000228
1768388460000,0.00000227
1768388580000,0.00000226
1768389000000,0.00000225
1768389540000,0.00000223
1768390320000,0.00000226
1768391700000,0.00000225
1768392120000,0.00000223
1768395900000,0.00000223
1768396680000,0.00000224
1768396920000,0.00000223
1768397340000,0.00000222
1768398480000,0.0000022
1768398600000,0.00000219
1768399260000,0.0000022
1768399620000,0.00000219
1768399740000,0.00000218
1768400640000,0.00000218
1768400700000,0.00000216
1768401120000,0.00000222
1768402440000,0.00000218
1768402740000,0.00000224
1768405560000,0.00000227
1768406520000,0.00000224
1768408740000,0.00000229
1768410060000,0.00000227
1768411260000,0.0000023
1768412040000,0.00000228
1768412160000,0.00000226
1768412760000,0.00000231
1768415400000,0.00000229
1768419000000,0.00000228
1768420980000,0.0000023
1768421220000,0.00000228
1768421460000,0.00000226
1768421760000,0.0000023
1768423500000,0.00000233
1768425240000,0.00000232
1768427700000,0.00000231
1768427940000,0.00000234
1768429980000,0.00000233
1768430340000,0.00000231
1768430880000,0.00000234
1768431720000,0.00000233
1768432320000,0.00000232
1768433820000,0.00000234
1768435020000,0.00000236
1768435560000,0.00000235
1768437120000,0.00000234
1768438020000,0.00000233
1768438800000,0.00000231
1768438980000,0.0000023
1768440120000,0.00000229
1768440540000,0.00000228
1768440660000,0.00000226
1768440720000,0.00000224
1768441980000,0.00000227
1768444440000,0.00000226
1768444560000,0.00000224
1768444860000,0.00000228
1768447560000,0.00000226
1768447740000,0.00000225
1768448340000,0.00000223
1768450200000,0.00000222
1768451040000,0.0000022
1768451280000,0.00000223
1768453320000,0.00000222
1768453380000,0.00000224
1768455420000,0.00000226
1768456860000,0.00000228
1768457940000,0.00000227
1768458900000,0.00000226
1768459740000,0.00000227
1768461780000,0.00000226
1768462860000,0.00000225
1768463100000,0.00000224
1768463400000,0.00000226
1768464420000,0.0000023
1768464540000,0.00000228
1768464660000,0.00000227
1768465260000,0.00000231
1768467660000,0.00000232
1768469160000,0.00000231
1768469760000,0.00000231
1768470000000,0.00000229
1768470180000,0.00000228
1768472340000,0.00000229
1768475040000,0.0000023
1768476660000,0.00000232
1768476840000,0.00000231
1768477440000,0.0000023
1768479720000,0.00000229
1768480080000,0.00000228
1768481640000,0.00000228
1768482120000,0.00000229
1768483560000,0.00000228
1768485720000,0.00000227
1768487280000,0.00000226
1768487520000,0.00000224
1768487640000,0.00000222
1768487760000,0.0000022
1768487940000,0.00000218
1768488120000,0.00000215
1768490700000,0.00000212
1768491480000,0.00000209
1768492680000,0.00000206
1768492740000,0.00000204
1768493820000,0.00000204
1768494480000,0.00000208
1768496820000,0.00000206
1768497720000,0.00000207
1768498500000,0.00000206
1768498920000,0.00000204
1768499580000,0.00000203
1768499700000,0.00000201
1768499940000,0.00000199
1768501620000,0.00000202
1768502460000,0.000002
1768503000000,0.00000199
1768503720000,0.00000197
1768504200000,0.00000201
1768505520000,0.00000203
1768506300000,0.00000206
1768509240000,0.00000209
1768510380000,0.00000211
1768511880000,0.0000021
1768513260000,0.00000211
1768514040000,0.00000213
1768518300000,0.00000212
1768518480000,0.00000211
1768519200000,0.00000211
1768519740000,0.00000213
1768523040000,0.00000213
1768524360000,0.00000214
1768525260000,0.00000213
1768525500000,0.00000213
1768525800000,0.00000212
1768527060000,0.00000211
1768527180000,0.0000021
1768528920000,0.00000209
1768529040000,0.00000209
1768529100000,0.00000208
1768529700000,0.00000207
1768530240000,0.00000209
1768531020000,0.0000021
1768533120000,0.0000021
1768533300000,0.00000212
1768534860000,0.00000213
1768536240000,0.00000214
1768537020000,0.00000213
1768537140000,0.00000213
1768537500000,0.00000212
1768537620000,0.00000211
1768538280000,0.0000021
1768539120000,0.00000209
1768539660000,0.00000211
1768541760000,0.00000211
1768541880000,0.0000021
1768542180000,0.00000209
1768542360000,0.00000208
1768542480000,0.00000207
1768542600000,0.00000206
1768543500000,0.00000207
1768548180000,0.00000206
1768548600000,0.00000206
1768549020000,0.00000205
1768551000000,0.00000204
1768552200000,0.00000204
1768552500000,0.00000205
1768554540000,0.00000206
1768557180000,0.00000206
1768557480000,0.00000207
1768558260000,0.00000208
1768559940000,0.00000208
1768560240000,0.00000209
1768560420000,0.00000208
1768562040000,0.00000207
1768562280000,0.00000209
1768563240000,0.00000209
1768563720000,0.00000211
1768564020000,0.00000213
1768565160000,0.00000212
1768565760000,0.00000214
1768566240000,0.00000213
1768566300000,0.00000212
1768566960000,0.00000213
1768568340000,0.00000215
1768570320000,0.00000214
1768570740000,0.00000213
1768571340000,0.00000216
1768572480000,0.00000218
1768573080000,0.00000217
1768573740000,0.00000216
1768573800000,0.00000215
1768576260000,0.00000213
1768576800000,0.00000211
1768576920000,0.00000209
1768578060000,0.00000209
1768578420000,0.00000206
1768580340000,0.00000204
1768581120000,0.00000206
1768583640000,0.00000208
1768584480000,0.00000206
1768584840000,0.00000204
1768587060000,0.00000206
1768588200000,0.00000205
1768589100000,0.00000203
1768589760000,0.00000206
1768591260000,0.00000205
1768592040000,0.00000203
1768592160000,0.00000202
1768593900000,0.00000201
1768594140000,0.000002
1768595400000,0.00000199
1768596240000,0.00000198
1768597440000,0.00000197
1768598040000,0.00000198
1768598940000,0.00000197
1768599120000,0.00000196
1768600860000,0.00000195
1768600920000,0.00000194
1768601820000,0.00000195
1768603020000,0.00000194
1768603440000,0.00000196
1768604880000,0.00000197
1768606500000,0.00000197
1768610040000,0.00000197
1768611000000,0.00000196
1768611420000,0.00000197
1768612620000,0.00000197
1768615500000,0.00000196
1768615620000,0.00000196
1768616100000,0.00000195
1768616820000,0.00000196
1768618800000,0.00000195
1768620540000,0.00000196
1768620780000,0.00000195
1768621260000,0.00000196
1768621860000,0.00000197
1768623360000,0.00000198
1768624380000,0.00000198
1768624500000,0.00000198
1768625040000,0.00000199
1768625820000,0.00000198
1768627560000,0.00000199
1768629180000,0.00000199
1768631340000,0.00000199
1768631520000,0.000002
1768632060000,0.00000199
1768634160000,0.000002
1768635420000,0.00000201
1768636080000,0.000002
1768636140000,0.000002
1768636200000,0.000002
1768636560000,0.000002
1768638120000,0.000002
1768638540000,0.00000199
1768639320000,0.000002
1768641240000,0.00000199
1768641360000,0.00000199
1768642560000,0.00000199
1768645500000,0.00000198
1768645920000,0.00000198
1768646280000,0.00000197
1768646580000,0.00000197
1768648080000,0.00000196
1768648500000,0.00000198
1768650180000,0.00000197
1768650360000,0.00000197
1768653120000,0.00000197
1768654080000,0.00000198
1768655220000,0.00000199
1768655880000,0.00000198
1768656180000,0.000002
1768660740000,0.000002
1768665000000,0.000002
1768666500000,0.00000201
1768666920000,0.000002
1768666980000,0.000002
1768667340000,0.00000202
1768670460000,0.00000202
1768671120000,0.00000203
1768671780000,0.00000204
1768672320000,0.00000204
1768672500000,0.00000203
1768674900000,0.00000204
1768675800000,0.00000204
1768677720000,0.00000204
1768678500000,0.00000204
1768678620000,0.00000203
1768679220000,0.00000204
1768681080000,0.00000204
1768681200000,0.00000203
1768681860000,0.00000205
1768682940000,0.00000204
1768683420000,0.00000205
1768685280000,0.00000205
1768685640000,0.00000206
1768687380000,0.00000206
1768687680000,0.00000206
1768687860000,0.00000205
1768688700000,0.00000205
1768688820000,0.00000204
1768689420000,0.00000204
1768689660000,0.00000206
1768692060000,0.00000205
1768692660000,0.00000206
1768696200000,0.00000207
1768696740000,0.00000208
1768697280000,0.00000208
1768698540000,0.00000207
1768698660000,0.00000206
1768698720000,0.00000204
1768699440000,0.00000207
1768701960000,0.00000208
1768702620000,0.00000207
1768702860000,0.00000209
1768703160000,0.00000208
1768703520000,0.00000207
1768704360000,0.00000209
1768707060000,0.00000208
1768707120000,0.00000208
1768707900000,0.00000208
1768709760000,0.00000208
1768711800000,0.00000207
1768712400000,0.00000208
1768714260000,0.00000208
1768715040000,0.0000021
1768716900000,0.00000211
1768718940000,0.00000212
1768719420000,0.00000212
1768720320000,0.00000212
1768720980000,0.00000213
1768721760000,0.00000213
1768722360000,0.00000214
1768723500000,0.00000213
1768723620000,0.00000212
1768724040000,0.00000214
1768729260000,0.00000215
1768730640000,0.00000214
1768731480000,0.00000214
1768734840000,0.00000214
1768736040000,0.00000215
1768736580000,0.00000214
1768736640000,0.00000214
1768737420000,0.00000215
1768738740000,0.00000215
1768739100000,0.00000215
1768739280000,0.00000215
1768739640000,0.00000216
1768740180000,0.00000215
1768743300000,0.00000216
1768743660000,0.00000215
1768743900000,0.00000215
1768745100000,0.00000214
1768746300000,0.00000216
1768747500000,0.00000215
1768748280000,0.00000215
1768748520000,0.00000214
1768749120000,0.00000216
1768751640000,0.00000217
1768752180000,0.00000218
1768753500000,0.00000219
1768755900000,0.0000022
1768756800000,0.00000221
1768758000000,0.00000223
1768759140000,0.00000223
1768759380000,0.00000224
1768760880000,0.00000223
1768761000000,0.00000222
1768761240000,0.00000222
1768762380000,0.00000221
1768763460000,0.00000223
1768764780000,0.00000223
1768765620000,0.00000222
1768765680000,0.00000221
1768765980000,0.0000022
1768767480000,0.00000221
1768770900000,0.00000221
1768772100000,0.00000221
1768773060000,0.00000222
1768774320000,0.00000222
1768775820000,0.00000223
1768777200000,0.00000224
1768777380000,0.00000223
1768777440000,0.00000222
1768777500000,0.00000221
1768777740000,0.0000022
1768778880000,0.00000218
1768779000000,0.00000215
1768779360000,0.00000215
1768780560000,0.00000211
1768780860000,0.00000208
1768780920000,0.00000205
1768780980000,0.00000211
1768789560000,0.00000214
1768792920000,0.00000216
1768793880000,0.00000218
1768795320000,0.00000221
1768796940000,0.00000222
1768799700000,0.00000222
1768800540000,0.00000223
1768800660000,0.00000222
1768801440000,0.00000224
1768803360000,0.00000223
1768804260000,0.00000224
1768804680000,0.00000223
1768805100000,0.00000226
1768807260000,0.00000227
1768809300000,0.00000228
1768810080000,0.0000023
1768810980000,0.00000229
1768811400000,0.00000232
1768814100000,0.00000233
1768817460000,0.00000234
1768820940000,0.00000236
1768821900000,0.00000235
1768822020000,0.00000234
1768822680000,0.00000233
1768823640000,0.00000235
1768824120000,0.00000234
1768824180000,0.00000233
1768824960000,0.00000234
1768826880000,0.00000234
1768827540000,0.00000236
1768828800000,0.00000235
1768828860000,0.00000234
1768828920000,0.00000233
1768830000000,0.00000232
1768830480000,0.00000234
1768831620000,0.00000233
1768831740000,0.00000232
1768832280000,0.00000234
1768833300000,0.00000235
1768834020000,0.00000237
1768835100000,0.0000024
1768837020000,0.00000243
1768838640000,0.00000242
1768838820000,0.00000244
1768840020000,0.00000243
1768840680000,0.00000242
1768841580000,0.00000241
1768841640000,0.0000024
1768842180000,0.00000244
1768845600000,0.00000245
1768846080000,0.00000244
1768848120000,0.00000243
1768848540000,0.00000244
1768850280000,0.00000244
1768850880000,0.00000245
1768851660000,0.00000247
1768853880000,0.00000247
1768853940000,0.00000246
1768854060000,0.00000245
1768854360000,0.00000244
1768854840000,0.00000246
1768856820000,0.00000246
1768857420000,0.00000244
1768858440000,0.00000243
1768859520000,0.00000243
1768859700000,0.00000244
1768860300000,0.00000246
1768860720000,0.00000245
1768860900000,0.00000249
1768862940000,0.00000252
1768863540000,0.00000251
1768863600000,0.00000256
1768864020000,0.00000253
1768865580000,0.00000252
1768866240000,0.00000253
1768868100000,0.00000256
1768869060000,0.0000026
1768869840000,0.00000258
1768871460000,0.00000257
1768871580000,0.0000026
1768872540000,0.00000258
1768873740000,0.0000026
1768874700000,0.00000259
1768874940000,0.00000258
1768876260000,0.00000257
1768876500000,0.00000255
1768877460000,0.00000256
1768878420000,0.00000255
1768880700000,0.00000253
1768880760000,0.00000252
1768880880000,0.0000025
1768881420000,0.00000254
1768882320000,0.00000253
1768882500000,0.00000251
1768882680000,0.0000025
1768884780000,0.00000249
1768885020000,0.00000251
1768885500000,0.00000255
1768885980000,0.00000253
1768886700000,0.00000257
1768889820000,0.00000255
1768889940000,0.00000253
1768890000000,0.0000025
1768892700000,0.00000253
1768894800000,0.00000254
1768895700000,0.00000256
1768895820000,0.00000254
1768896180000,0.00000252
1768897320000,0.00000261
1768898100000,0.00000258
1768898760000,0.00000254
1768904040000,0.00000252
1768906500000,0.00000251
1768906920000,0.00000253
1768907640000,0.00000257
1768910760000,0.00000256
1768910820000,0.00000255
1768911180000,0.00000254
1768914180000,0.00000253
1768914240000,0.00000252
1768914720000,0.00000251
1768915800000,0.00000253
1768916040000,0.00000252
1768916400000,0.0000025
1768918740000,0.00000249
1768919340000,0.00000254
1768919940000,0.00000251
1768920420000,0.00000259
1768920600000,0.00000264
1768921620000,0.00000261
1768921740000,0.00000257
1768921860000,0.00000257
1768925340000,0.00000261
1768926180000,0.00000265
1768926660000,0.00000263
1768927260000,0.00000259
1768929540000,0.00000261
1768930200000,0.00000259
1768930560000,0.00000257
1768931280000,0.00000261
1768932780000,0.00000258
1768938060000,0.00000262
1768939200000,0.00000263
1768940160000,0.00000262
1768940940000,0.0000026
1768944780000,0.00000259
1768945680000,0.00000257
1768946460000,0.00000259
1768946820000,0.00000258
1768948020000,0.00000257
1768948380000,0.00000256
1768948440000,0.00000253
1768948500000,0.00000257
1768950120000,0.0000026
1768950420000,0.00000263
1768951800000,0.00000267
1768953120000,0.00000265
1768953180000,0.00000263
1768953600000,0.00000267
1768954380000,0.0000027
1768955700000,0.00000268
1768955760000,0.00000266
1768955880000,0.00000264
1768956660000,0.00000262
1768958460000,0.00000263
1768959360000,0.00000262
1768960800000,0.00000264
1768962180000,0.00000265
1768962420000,0.00000264
1768962480000,0.00000263
1768962600000,0.00000262
1768962900000,0.00000261
1768965360000,0.00000259
1768965720000,0.00000258
1768967040000,0.00000257
1768967100000,0.00000259
1768970160000,0.0000026
1768970880000,0.00000261
1768972500000,0.0000026
1768973760000,0.00000259
1768973820000,0.00000258
1768974240000,0.00000257
1768975380000,0.00000255
1768976700000,0.00000254
1768977960000,0.00000253
1768978920000,0.00000252
1768980900000,0.00000251
1768980960000,0.0000025
1768981140000,0.00000249
1768981620000,0.00000248
1768984560000,0.00000247
1768984680000,0.00000246
1768985520000,0.00000247
1768986000000,0.00000249
1768987320000,0.00000248
1768987500000,0.00000247
1768990620000,0.00000248
1768991880000,0.00000247
1768991940000,0.00000246
1768992000000,0.00000245
1768992720000,0.00000247
1768993380000,0.00000246
1768995900000,0.00000248
1768996560000,0.00000247
1768996620000,0.00000246
1768997220000,0.00000249
1768997520000,0.00000247
1768997580000,0.00000244
1768999560000,0.00000248
1769002440000,0.00000251
1769003580000,0.00000254
1769003940000,0.00000259
1769004600000,0.00000256
1769004660000,0.00000253
1769004780000,0.0000025
1769005500000,0.00000255
1769005980000,0.00000256
1769007780000,0.00000252
1769008020000,0.00000251
1769008560000,0.00000247
1769008620000,0.00000244
1769009040000,0.0000025
1769011320000,0.00000255
1769011500000,0.00000253
1769012580000,0.00000251
1769013180000,0.00000252
1769013360000,0.00000249
1769013480000,0.00000246
1769013600000,0.00000243
1769013840000,0.00000239
1769015040000,0.00000244
1769017380000,0.0000024
1769019780000,0.00000243
1769021400000,0.0000024
1769023080000,0.00000243
1769023680000,0.0000024
1769023800000,0.00000237
1769024040000,0.00000233
1769027460000,0.0000023
1769029200000,0.00000231
1769030640000,0.00000238
1769033460000,0.00000236
1769034000000,0.00000241
1769034300000,0.00000239
1769035140000,0.00000238
1769035500000,0.0000024
1769037420000,0.00000242
1769038260000,0.00000241
1769038800000,0.0000024
1769038920000,0.00000238
1769039160000,0.00000237
1769041020000,0.00000238
1769041980000,0.00000237
1769043600000,0.00000236
1769044740000,0.00000235
1769044800000,0.00000234
1769047320000,0.00000232
1769048520000,0.00000233
1769049000000,0.00000235
1769049120000,0.00000233
1769049300000,0.00000232
1769050440000,0.00000231
1769051040000,0.00000233
1769053380000,0.00000235
1769054820000,0.00000235
1769055360000,0.00000236
1769057940000,0.00000237
1769060100000,0.00000236
1769060220000,0.00000237
1769061660000,0.00000239
1769065380000,0.00000241
1769068500000,0.0000024
1769068920000,0.00000243
1769069700000,0.00000242
1769070420000,0.00000244
1769072460000,0.00000246
1769074560000,0.00000246
1769075460000,0.00000246
1769077140000,0.00000247
1769080380000,0.00000251
1769082180000,0.00000252
1769083020000,0.00000251
1769086800000,0.00000252
1769087700000,0.00000253
1769088480000,0.00000252
1769088600000,0.00000251
1769088780000,0.00000259
1769089440000,0.00000256
1769089980000,0.00000254
1769091780000,0.00000253
1769092200000,0.00000257
1769093340000,0.00000254
1769094420000,0.00000251
1769095860000,0.00000247
1769097180000,0.00000254
1769100900000,0.00000258
1769102040000,0.00000261
1769103720000,0.00000263
1769104740000,0.00000261
1769106240000,0.00000263
1769107980000,0.00000261
1769108460000,0.0000026
1769110260000,0.00000258
1769110500000,0.00000256
1769110620000,0.00000255
1769111160000,0.00000253
1769115060000,0.00000255
1769116140000,0.00000257
1769116920000,0.00000255
1769117400000,0.00000259
1769119320000,0.00000257
1769120220000,0.0000026
1769121180000,0.00000259
1769121600000,0.00000261
1769123580000,0.00000264
1769125140000,0.00000265
1769126520000,0.00000267
1769128860000,0.00000269
1769130240000,0.00000269
1769130720000,0.0000027
1769132040000,0.00000269
1769132280000,0.00000268
1769133420000,0.00000266
1769134200000,0.00000269
1769136600000,0.00000268
1769136900000,0.00000267
1769138160000,0.00000266
1769138280000,0.00000265
1769139720000,0.00000267
1769141520000,0.00000266
1769141640000,0.00000266
1769141880000,0.00000269
1769143560000,0.00000268
1769144340000,0.00000269
1769145720000,0.00000268
1769145840000,0.00000267
1769145900000,0.00000266
1769145960000,0.00000265
1769146620000,0.00000268
1769147880000,0.0000027
1769149200000,0.00000269
1769149620000,0.00000267
1769150160000,0.00000266
1769151240000,0.00000264
1769151420000,0.00000263
1769151480000,0.00000262
1769152260000,0.00000265
1769154960000,0.00000266
1769156820000,0.00000265
1769157480000,0.00000264
1769160240000,0.00000267
1769161500000,0.00000268
1769163000000,0.0000027
1769164500000,0.00000273
1769167260000,0.00000275
1769168640000,0.00000275
1769170440000,0.00000274
1769170500000,0.00000274
1769171040000,0.00000276
1769171880000,0.00000278
1769172780000,0.0000028
1769173800000,0.00000282
1769175480000,0.0000028
1769175840000,0.00000283
1769176860000,0.00000282
1769178660000,0.00000284
1769179020000,0.00000282
1769179140000,0.00000279
1769179560000,0.00000278
1769181600000,0.00000281
1769181720000,0.00000278
1769182680000,0.00000274
1769183100000,0.00000272
1769183340000,0.00000269
1769184060000,0.00000269
1769184840000,0.00000269
1769185920000,0.00000266
1769187060000,0.00000264
1769189400000,0.00000261
1769190720000,0.00000258
1769193120000,0.00000256
1769193720000,0.0000026
1769194920000,0.00000258
1769195520000,0.00000263
1769195820000,0.0000026
1769196060000,0.00000266
1769200200000,0.00000264
1769200260000,0.00000262
1769200620000,0.00000259
1769204580000,0.00000258
1769204940000,0.0000026
1769206320000,0.00000258
1769209860000,0.0000026
1769212080000,0.00000261
1769212920000,0.0000026
1769213220000,0.00000263
1769215260000,0.00000264
1769216760000,0.00000263
1769217540000,0.00000263
1769218200000,0.00000263
1769218860000,0.00000264
1769220420000,0.00000264
1769221020000,0.00000263
1769222760000,0.00000265
1769223960000,0.00000264
1769224320000,0.00000263
1769225820000,0.00000266
1769227320000,0.00000268
1769229420000,0.00000267
1769230440000,0.00000267
1769233440000,0.00000267
1769236440000,0.00000267
1769236980000,0.00000267
1769238540000,0.00000267
1769239080000,0.00000267
1769239320000,0.00000266
1769239680000,0.00000265
1769242500000,0.00000266
1769244120000,0.00000266
1769244720000,0.00000266
1769248320000,0.00000265
1769250000000,0.00000265
1769250180000,0.00000264
1769250300000,0.00000266
1769253480000,0.00000265
1769254140000,0.00000266
1769255820000,0.00000265
1769258100000,0.00000267
1769260140000,0.00000267
1769260800000,0.00000266
1769261700000,0.00000267
1769262480000,0.00000267
1769263200000,0.00000266
1769263920000,0.0000027
1769264880000,0.00000271
1769265960000,0.00000272
1769267100000,0.00000272
1769267640000,0.00000271
1769268060000,0.00000273
1769269140000,0.00000273
1769269920000,0.00000272
1769273460000,0.00000271
1769274240000,0.00000272
1769275500000,0.00000272
1769276640000,0.00000272
1769279340000,0.00000273
1769279820000,0.00000273
1769280360000,0.00000274
1769281680000,0.00000275
1769282100000,0.00000274
1769282820000,0.00000275
1769283480000,0.00000275
1769283720000,0.00000274
1769284980000,0.00000275
1769287560000,0.00000275
1769289420000,0.00000276
1769290200000,0.00000276
1769291100000,0.00000276
1769293740000,0.00000277
1769294400000,0.00000279
1769294700000,0.0000028
1769296620000,0.00000279
1769298240000,0.00000279
1769299200000,0.00000279
1769299500000,0.00000279
1769300700000,0.00000278
1769300880000,0.00000277
1769301300000,0.00000276
1769302740000,0.00000275
1769302800000,0.00000275
1769303460000,0.00000276
1769304600000,0.00000275
1769304780000,0.00000274
1769306520000,0.00000274
1769306640000,0.00000273
1769307300000,0.00000275
1769309040000,0.00000275
1769309100000,0.00000274
1769310060000,0.00000275
1769310660000,0.00000276
1769310900000,0.00000275
1769310960000,0.00000275
1769311260000,0.00000274
1769311860000,0.00000273
1769311920000,0.00000272
1769313720000,0.00000271
1769315520000,0.0000027
1769316240000,0.00000272
1769317200000,0.00000271
1769317860000,0.00000272
1769318520000,0.00000271
1769318820000,0.00000272
1769320380000,0.00000272
1769321280000,0.00000271
1769321520000,0.00000271
1769321880000,0.0000027
1769323680000,0.00000271
1769324880000,0.0000027
1769325300000,0.0000027
1769325540000,0.00000269
1769327760000,0.00000269
1769328480000,0.00000268
1769329860000,0.00000268
1769330460000,0.00000267
1769333340000,0.00000266
1769333760000,0.00000267
1769333940000,0.00000266
1769334660000,0.00000268
1769336520000,0.00000267
1769336640000,0.00000266
1769336940000,0.00000265
1769337480000,0.00000267
1769338920000,0.00000266
1769339760000,0.00000267
1769341980000,0.00000266
1769342220000,0.00000268
1769345580000,0.0000027
1769347260000,0.00000271
1769347680000,0.0000027
1769347740000,0.00000269
1769347860000,0.00000268
1769349060000,0.00000267
1769349720000,0.00000269
1769350080000,0.00000268
1769350980000,0.00000267
1769351160000,0.00000266
1769351280000,0.00000264
1769351940000,0.00000268
1769356620000,0.00000267
1769356800000,0.00000265
1769356860000,0.00000264
1769356920000,0.00000262
1769356980000,0.00000258
1769357160000,0.00000254
1769357520000,0.0000025
1769360820000,0.00000248
1769361240000,0.00000245
1769364000000,0.00000244
1769364480000,0.00000247
1769364780000,0.00000245
1769365920000,0.00000242
1769366640000,0.0000024
1769368680000,0.00000238
1769368800000,0.00000236
1769369160000,0.00000234
1769370000000,0.00000239
1769370900000,0.00000239
1769371680000,0.00000239
1769374800000,0.00000235
1769375220000,0.0000024
1769377320000,0.00000244
1769377980000,0.00000242
1769379660000,0.00000241
1769380260000,0.00000246
1769382060000,0.00000243
1769382120000,0.00000246
1769382480000,0.00000243
1769385180000,0.00000249
1769388180000,0.00000247
1769388420000,0.00000251
1769389320000,0.00000249
1769389620000,0.00000247
1769389800000,0.00000244
1769390220000,0.00000241
1769392560000,0.00000239
1769392860000,0.00000247
1769394660000,0.00000245
1769397780000,0.00000243
1769397840000,0.00000241
1769398260000,0.00000239
1769399940000,0.00000243
1769401200000,0.00000242
1769401320000,0.0000024
1769401500000,0.00000238
1769402160000,0.00000243
1769405760000,0.00000245
1769406720000,0.00000245
1769407380000,0.00000244
1769407620000,0.00000248
1769410440000,0.0000025
1769411460000,0.00000252
1769411880000,0.00000251
1769412300000,0.00000253
1769414880000,0.00000255
1769415660000,0.00000259
1769416620000,0.00000263
1769417820000,0.00000265
1769418180000,0.00000263
1769418660000,0.00000262
1769419140000,0.00000265
1769421660000,0.00000267
1769422680000,0.00000269
1769423520000,0.00000268
1769427060000,0.00000267
1769428860000,0.00000266
1769428920000,0.00000266
1769429400000,0.00000268
1769431260000,0.00000267
1769431860000,0.00000268
1769432640000,0.00000271
1769433420000,0.0000027
1769433480000,0.00000268
1769434140000,0.00000271
1769435820000,0.00000269
1769436120000,0.00000268
1769436180000,0.00000267
1769436540000,0.0000027
1769437620000,0.00000272
1769438100000,0.0000027
1769438160000,0.00000267
1769439060000,0.00000271
1769440260000,0.00000267
1769440380000,0.00000264
1769440500000,0.0000026
1769441100000,0.00000267
1769442600000,0.00000272
1769443500000,0.00000278
1769445480000,0.0000028
1769446740000,0.00000284
1769447820000,0.00000281
1769447880000,0.00000279
1769448660000,0.00000277
1769451840000,0.00000274
1769451960000,0.00000272
1769452200000,0.00000269
1769452560000,0.00000276
1769454600000,0.00000279
1769456040000,0.00000281
1769456820000,0.0000028
1769458260000,0.00000278
1769458920000,0.00000282
1769460840000,0.0000028
1769461320000,0.00000283
1769463000000,0.00000282
1769463480000,0.00000285
1769464620000,0.00000287
1769467200000,0.00000288
1769468520000,0.00000284
1769469660000,0.00000286
1769470680000,0.00000285
1769470920000,0.00000288
1769472960000,0.00000287
1769475120000,0.00000287
1769475600000,0.00000288
1769475720000,0.00000285
1769476440000,0.00000285
1769476860000,0.00000284
1769477520000,0.00000282
1769478000000,0.00000285
1769479320000,0.00000283
1769479860000,0.00000287
1769481540000,0.00000284
1769481600000,0.00000282
1769483100000,0.00000284
1769483640000,0.00000283
1769483940000,0.00000281
1769485620000,0.00000282
1769486940000,0.00000281
1769487000000,0.0000028
1769487120000,0.00000278
1769489460000,0.00000277
1769490000000,0.00000279
1769491380000,0.0000028
1769493720000,0.0000028
1769494020000,0.00000283
1769495400000,0.00000282
1769495460000,0.00000281
1769495640000,0.00000281
1769496240000,0.0000028
1769497920000,0.00000279
1769500920000,0.00000278
1769501340000,0.00000277
1769502240000,0.00000276
1769503140000,0.00000275
1769504400000,0.00000274
1769504820000,0.00000273
1769505000000,0.00000271
1769505900000,0.00000273
1769506980000,0.00000272
1769507580000,0.00000274
1769510460000,0.00000273
1769513280000,0.00000274
1769516760000,0.00000275
1769517480000,0.00000275
1769517660000,0.00000274
1769519400000,0.00000273
1769519760000,0.00000272
1769520720000,0.00000275
1769522520000,0.00000276
1769523000000,0.00000275
1769523060000,0.00000273
1769524200000,0.00000277
1769524560000,0.00000275
1769524680000,0.00000272
1769525340000,0.00000276
1769526600000,0.00000275
1769526960000,0.0000028
1769528700000,0.00000277
1769528880000,0.00000275
1769528940000,0.00000273
1769529420000,0.00000271
1769529840000,0.00000269
1769530200000,0.00000265
1769531460000,0.00000272
1769533740000,0.0000027
1769533860000,0.00000267
1769533920000,0.00000265
1769534040000,0.00000262
1769534280000,0.00000259
1769536380000,0.00000261
1769536980000,0.00000259
1769537880000,0.00000256
1769538840000,0.00000259
1769539680000,0.00000256
1769540100000,0.00000254
1769540220000,0.00000252
1769540760000,0.00000259
1769542560000,0.00000262
1769543040000,0.0000026
1769543580000,0.00000264
1769545020000,0.00000262
1769546160000,0.00000265
1769547960000,0.00000263
1769548680000,0.00000265
1769551320000,0.00000263
1769551980000,0.00000265
1769553420000,0.00000264
1769553480000,0.00000263
1769556120000,0.00000264
1769557440000,0.00000266
1769558040000,0.00000265
1769559660000,0.00000267
1769561760000,0.00000266
1769563920000,0.00000264
1769564580000,0.00000267
1769565720000,0.00000268
1769566200000,0.00000272
1769569740000,0.00000274
1769570580000,0.00000276
1769571420000,0.00000279
1769573280000,0.00000278
1769573640000,0.00000276
1769577360000,0.00000275
1769579160000,0.00000274
1769580120000,0.00000273
1769580180000,0.00000272
1769581200000,0.00000273
1769583000000,0.00000277
1769583180000,0.00000276
1769583900000,0.00000278
1769586540000,0.0000028
1769587980000,0.00000281
1769588460000,0.00000283
1769589180000,0.00000282
1769589900000,0.00000281
1769591880000,0.00000279
1769591940000,0.00000278
1769592000000,0.00000277
1769592360000,0.00000276
1769593080000,0.00000274
1769593920000,0.00000272
1769595300000,0.0000027
1769599980000,0.00000272
1769600700000,0.00000271
1769600940000,0.0000027
1769601120000,0.00000268
1769601240000,0.00000266
1769601840000,0.0000027
1769602740000,0.00000267
1769603040000,0.00000266
1769606040000,0.00000269
1769606340000,0.00000267
1769606760000,0.00000268
1769607540000,0.00000273
1769610060000,0.00000272
1769610480000,0.00000275
1769610900000,0.00000273
1769611020000,0.00000278
1769613000000,0.00000275
1769613240000,0.00000272
1769613300000,0.00000269
1769614020000,0.00000277
1769617200000,0.0000028
1769618280000,0.00000284
1769619000000,0.0000029
1769621100000,0.00000286
1769621460000,0.00000284
1769621760000,0.00000289
1769622720000,0.00000286
1769622840000,0.00000284
1769623200000,0.00000293
1769623980000,0.00000295
1769624760000,0.00000298
1769625780000,0.00000298
1769626800000,0.00000294
1769626860000,0.0000029
1769627580000,0.00000296
1769628900000,0.00000297
1769629620000,0.00000303
1769632140000,0.00000299
1769632260000,0.00000301
1769633820000,0.00000301
1769634060000,0.00000297
1769634120000,0.00000292
1769634540000,0.00000299
1769636520000,0.00000303
1769639100000,0.00000304
1769641980000,0.00000304
1769643180000,0.00000301
1769644680000,0.00000297
1769647500000,0.00000294
1769650020000,0.0000029
1769652180000,0.00000292
1769652900000,0.00000293
1769653920000,0.00000288
1769654820000,0.00000283
1769657400000,0.00000279
1769659980000,0.00000277
1769660820000,0.0000028
1769662920000,0.00000279
1769663280000,0.00000282
1769664720000,0.00000283
1769665200000,0.00000284
1769665860000,0.00000281
1769666220000,0.0000028
1769667300000,0.00000283
1769668260000,0.00000282
1769673900000,0.00000281
1769674020000,0.0000028
1769675340000,0.00000279
1769675760000,0.00000282
1769676840000,0.00000281
1769678640000,0.00000283
1769680020000,0.00000285
1769681100000,0.00000285
1769683740000,0.00000283
1769684580000,0.00000282
1769686080000,0.0000028
1769690280000,0.00000283
1769691360000,0.00000284
1769691660000,0.00000281
1769691840000,0.0000028
1769692500000,0.00000282
1769693400000,0.00000285
1769694780000,0.00000282
1769695140000,0.00000284
1769696940000,0.00000281
1769697000000,0.00000279
1769697180000,0.00000277
1769697240000,0.00000275
1769697660000,0.00000272
1769698680000,0.00000269
1769698800000,0.00000266
1769698920000,0.00000262
1769698980000,0.00000258
1769699160000,0.00000257
1769699340000,0.00000254
1769701320000,0.0000025
1769701860000,0.00000254
1769703840000,0.00000261
1769705760000,0.00000257
1769705940000,0.00000254
1769706600000,0.00000252
1769707560000,0.00000258
1769708820000,0.00000255
1769711160000,0.00000252
1769712720000,0.00000248
1769712780000,0.0000025
1769714940000,0.00000253
1769715900000,0.0000025
1769716800000,0.00000253
1769717880000,0.00000258
1769718240000,0.00000255
1769719920000,0.00000259
1769722200000,0.00000261
1769723280000,0.0000026
1769723340000,0.00000258
1769724300000,0.00000257
1769727540000,0.00000259
1769728260000,0.00000258
1769729100000,0.00000257
1769729760000,0.00000256
1769731740000,0.00000255
1769732400000,0.00000254
1769734260000,0.00000256
1769735040000,0.00000255
1769736120000,0.00000253
1769736600000,0.00000251
1769737140000,0.00000248
1769737260000,0.00000245
1769737320000,0.00000241
1769737380000,0.00000246
1769738100000,0.0000025
1769739840000,0.00000247
1769745600000,0.00000249
1769746740000,0.00000247
1769747880000,0.0000025
1769749680000,0.00000254
1769750880000,0.00000252
1769751540000,0.00000254
1769752800000,0.00000253
1769753100000,0.00000252
1769753760000,0.0000025
1769754360000,0.00000249
1769754420000,0.00000247
1769754480000,0.00000245
1769755320000,0.00000242
1769755860000,0.00000251
1769756940000,0.00000249
1769757000000,0.00000246
1769757060000,0.00000244
1769758080000,0.00000246
1769759400000,0.00000244
1769760000000,0.00000248
1769761980000,0.00000246
1769762220000,0.00000244
1769765100000,0.00000242
1769765520000,0.00000247
1769765820000,0.00000245
1769768400000,0.00000242
1769768940000,0.00000246
1769770380000,0.00000244
1769773320000,0.00000243
1769773500000,0.00000245
1769773860000,0.00000251
1769773980000,0.00000249
1769774040000,0.00000247
1769774820000,0.00000252
1769775900000,0.00000251
1769776320000,0.00000254
1769777340000,0.00000257
1769777940000,0.00000259
1769778840000,0.00000262
1769780340000,0.00000265
1769781900000,0.00000263
1769782200000,0.00000261
1769782260000,0.00000259
1769782800000,0.00000265
1769783520000,0.0000027
1769783640000,0.00000269
1769784180000,0.00000265
1769784600000,0.00000274
1769785380000,0.00000278
1769786760000,0.00000274
1769787060000,0.0000027
1769787180000,0.00000273
1769789760000,0.00000277
1769790420000,0.00000282
1769794380000,0.00000289
1769796540000,0.00000286
1769796600000,0.00000283
1769796960000,0.0000028
1769797200000,0.00000277
1769798640000,0.00000273
1769798820000,0.00000268
1769799180000,0.00000271
1769802240000,0.00000275
1769803560000,0.00000272
1769804160000,0.00000277
1769804580000,0.00000279
1769806020000,0.00000286
1769807760000,0.00000283
1769808480000,0.00000287
1769809560000,0.00000291
1769812200000,0.00000292
1769815080000,0.00000295
1769816280000,0.00000296
1769816640000,0.00000293
1769816940000,0.00000291
1769817720000,0.00000294
1769818620000,0.00000296
1769820300000,0.00000295
1769821320000,0.00000297
1769821920000,0.00000293
1769823720000,0.00000296
1769825280000,0.00000292
1769826900000,0.00000291
1769827200000,0.00000289
1769828160000,0.0000029
1769829840000,0.00000289
1769831760000,0.00000291
1769832240000,0.0000029
1769832480000,0.00000289
1769835180000,0.00000288
1769835780000,0.00000286
1769837880000,0.00000285
1769838960000,0.00000287
1769840760000,0.00000286
1769840940000,0.00000284
1769841660000,0.00000287
1769842560000,0.00000286
1769844060000,0.00000284
1769844720000,0.00000283
1769844780000,0.00000281
1769845020000,0.0000028
1769845080000,0.00000278
1769845140000,0.00000276
1769847000000,0.00000274
1769847060000,0.00000273
1769847300000,0.00000271
1769847360000,0.00000269
1769847420000,0.00000267
1769848380000,0.00000263
1769849400000,0.00000268
1769851800000,0.00000271
1769852040000,0.00000269
1769852820000,0.00000273
1769855460000,0.00000271
1769856660000,0.00000273
1769857320000,0.00000271
1769857800000,0.0000027
1769858340000,0.00000269
1769859960000,0.00000267
1769861040000,0.00000268
1769861460000,0.00000266
1769861580000,0.00000264
1769861940000,0.00000269
1769863260000,0.00000271
1769864940000,0.00000271
1769865540000,0.00000269
1769866320000,0.00000267
1769866380000,0.00000265
1769866440000,0.00000263
1769866560000,0.0000026
1769866680000,0.00000257
1769867580000,0.0000026
1769868120000,0.00000263
1769868480000,0.00000266
1769868600000,0.00000263
1769869020000,0.0000026
1769869080000,0.00000256
1769869140000,0.00000252
1769869320000,0.00000248
1769869380000,0.00000245
1769869560000,0.00000241
1769869620000,0.00000241
1769872080000,0.00000241
1769875020000,0.00000238
1769875320000,0.00000234
1769875740000,0.00000231
1769875800000,0.00000232
1769876220000,0.00000236
1769878020000,0.00000232
1769878080000,0.00000233
1769878620000,0.00000229
1769879400000,0.00000226
1769879460000,0.00000223
1769879520000,0.00000227
1769879580000,0.00000229
1769881920000,0.00000229
1769883900000,0.00000232
1769884800000,0.00000229
1769884860000,0.00000231
1769885040000,0.0000024
1769888520000,0.00000237
1769890140000,0.00000237
1769890980000,0.0000024
1769892900000,0.0000024
1769893320000,0.0000024
1769894880000,0.00000237
1769895300000,0.00000237
1769898600000,0.00000234
1769899020000,0.00000237
1769900220000,0.00000235
1769900820000,0.00000234
1769901540000,0.00000231
1769901660000,0.00000228
1769901720000,0.00000225
1769901780000,0.00000222
1769902440000,0.00000228
1769904900000,0.00000225
1769904960000,0.00000222
1769905320000,0.00000225
1769906640000,0.00000222
1769907960000,0.0000022
1769908020000,0.00000218
1769908500000,0.00000216
1769910420000,0.00000219
1769911800000,0.00000217
1769912460000,0.00000223
1769914680000,0.00000226
1769915880000,0.00000223
1769917620000,0.00000227
1769918580000,0.00000228
1769919600000,0.00000227
1769922780000,0.00000229
1769924100000,0.00000231
1769925600000,0.00000233
1769926020000,0.00000232
1769926920000,0.0000023
1769927580000,0.00000232
1769927880000,0.0000023
1769928180000,0.00000236
1769929680000,0.00000234
1769929920000,0.00000232
1769930100000,0.0000023
1769930340000,0.00000227
1769931060000,0.00000231
1769931660000,0.00000228
1769932440000,0.00000234
1769934180000,0.00000236
1769935080000,0.00000234
1769935680000,0.00000237
1769937420000,0.00000235
1769938260000,0.00000236
1769939820000,0.00000235
1769940180000,0.00000237
1769942040000,0.00000236
1769942160000,0.00000234
1769942280000,0.00000231
1769943420000,0.00000229
1769944020000,0.00000233
1769945700000,0.00000231
1769945760000,0.0000023
1769946120000,0.00000227
1769948160000,0.00000226
1769948640000,0.00000224
1769949360000,0.00000222
1769949840000,0.00000227
1769950800000,0.00000225
1769950860000,0.00000223
1769950920000,0.00000221
1769950980000,0.0000022
1769952120000,0.00000225
1769953860000,0.00000223
1769953920000,0.00000221
1769954160000,0.00000218
1769955420000,0.00000215
1769955720000,0.00000213
1769956260000,0.0000021
1769956560000,0.00000207
1769956680000,0.00000204
1769956920000,0.00000204
1769958960000,0.00000201
1769959500000,0.00000198
1769961720000,0.00000203
1769962380000,0.00000203
1769966580000,0.00000201
1769967000000,0.00000209
1769968740000,0.00000206
1769968860000,0.00000204
1769968920000,0.00000201
1769968980000,0.00000198
1769969280000,0.00000195
1769972340000,0.00000198
1769973360000,0.00000196
1769973780000,0.000002
1769975100000,0.00000198
1769975160000,0.00000196
1769976180000,0.00000193
1769977560000,0.00000191
1769977620000,0.00000188
1769978040000,0.00000194
1769978400000,0.00000191
1769980080000,0.00000189
1769980560000,0.00000189
1769983020000,0.00000187
1769983320000,0.0000019
1769983860000,0.00000187
1769983980000,0.00000184
1769986860000,0.00000182
1769986920000,0.00000179
1769987100000,0.00000176
1769987220000,0.00000174
1769987400000,0.00000171
1769987520000,0.00000176
1769990640000,0.00000177
1769992740000,0.00000178
1769994600000,0.00000175
1769994720000,0.00000172
1769994960000,0.00000172
1769996940000,0.00000172
1769998500000,0.00000173
1769999700000,0.00000171
1770000240000,0.00000171
1770001860000,0.00000169
1770001920000,0.00000166
1770002040000,0.00000164
1770002280000,0.00000161
1770002460000,0.00000159
1770002580000,0.00000156
1770002640000,0.00000156
1770004140000,0.00000154
1770004200000,0.00000154
1770004380000,0.00000152
1770006000000,0.00000152
1770006300000,0.0000015
1770006780000,0.00000148
1770008640000,0.00000148
1770008940000,0.00000146
1770009360000,0.00000144
1770009960000,0.00000141
1770010020000,0.00000141
1770010440000,0.00000141
1770010800000,0.00000142
1770012180000,0.00000139
1770013500000,0.00000141
1770014220000,0.00000139
1770014460000,0.00000139
1770014580000,0.00000137
1770016320000,0.00000139
1770018300000,0.00000137
1770020340000,0.00000136
1770022860000,0.00000135
1770023040000,0.00000138
1770024120000,0.00000137
1770024540000,0.00000135
1770025020000,0.00000133
1770025380000,0.00000136
1770026100000,0.00000138
1770027420000,0.0000014
1770029460000,0.00000141
1770030480000,0.0000014
1770033780000,0.00000142
1770035100000,0.00000141
1770035460000,0.00000144
1770037200000,0.00000145
1770038520000,0.00000144
1770038880000,0.00000146
1770039420000,0.00000144
1770039600000,0.00000148
1770040920000,0.0000015
1770041460000,0.00000149
1770042000000,0.00000152
1770042600000,0.0000015
1770042900000,0.0000015
1770043200000,0.00000148
1770043260000,0.00000148
1770045660000,0.00000147
1770046200000,0.0000015
1770047160000,0.00000154
1770047820000,0.00000152
1770049500000,0.00000155
1770050460000,0.00000158
1770051660000,0.00000162
1770053520000,0.00000164
1770054060000,0.00000163
1770054480000,0.00000166
1770055620000,0.00000164
1770056160000,0.00000163
1770057060000,0.00000167
1770057240000,0.00000165
1770057780000,0.00000169
1770059040000,0.00000172
1770061860000,0.00000171
1770062100000,0.00000173
1770062400000,0.00000176
1770064860000,0.00000177
1770065820000,0.00000176
1770066060000,0.00000174
1770067980000,0.00000173
1770068940000,0.00000174
1770069300000,0.00000175
1770069960000,0.00000174
1770073080000,0.00000175
1770073860000,0.00000177
1770074700000,0.00000176
1770075240000,0.00000178
1770077040000,0.00000177
1770077220000,0.00000175
1770077520000,0.00000174
1770081720000,0.00000175
1770084120000,0.00000176
1770084600000,0.00000175
1770084660000,0.00000173
1770085260000,0.00000176
1770086400000,0.00000176
1770087000000,0.00000175
1770089760000,0.00000173
1770091380000,0.00000176
1770093660000,0.00000174
1770093720000,0.00000173
1770094380000,0.00000175
1770095700000,0.00000174
1770097800000,0.00000175
1770098280000,0.00000174
1770098700000,0.00000173
1770098820000,0.00000172
1770099480000,0.00000175
1770102660000,0.00000173
1770102780000,0.00000172
1770104040000,0.00000171
1770104100000,0.00000169
1770105120000,0.00000171
1770106080000,0.00000172
1770106440000,0.0000017
1770106740000,0.00000172
1770107220000,0.00000171
1770108000000,0.00000173
1770108840000,0.00000172
1770109020000,0.00000171
1770109800000,0.0000017
1770109860000,0.00000169
1770109980000,0.00000167
1770110100000,0.00000166
1770110160000,0.00000164
1770113880000,0.00000163
1770114180000,0.00000165
1770117840000,0.00000165
1770118320000,0.00000166
1770118740000,0.00000168
1770120180000,0.00000167
1770120720000,0.00000171
1770122040000,0.00000173
1770123540000,0.00000175
1770123900000,0.00000176
1770124980000,0.00000175
1770125340000,0.00000178
1770127080000,0.00000177
1770127320000,0.00000176
1770127740000,0.00000178
1770128700000,0.00000181
1770129540000,0.00000178
1770129660000,0.00000178
1770130620000,0.00000175
1770132420000,0.00000176
1770132720000,0.00000176
1770135360000,0.00000173
1770135780000,0.00000171
1770138720000,0.00000168
1770138840000,0.00000166
1770139320000,0.0000017
1770140400000,0.00000167
1770140640000,0.00000165
1770141780000,0.00000165
1770141960000,0.00000168
1770142740000,0.00000166
1770143400000,0.00000163
1770144420000,0.00000162
1770145800000,0.0000016
1770145860000,0.00000157
1770145980000,0.00000155
1770146340000,0.00000153
1770148320000,0.00000152
1770150360000,0.0000015
1770150420000,0.00000148
1770150600000,0.00000145
1770150660000,0.00000143
1770150720000,0.00000144
1770152640000,0.00000142
1770152940000,0.00000142
1770155340000,0.0000014
1770156120000,0.00000139
1770156420000,0.00000137
1770156960000,0.00000137
1770158700000,0.00000136
1770158760000,0.00000134
1770158940000,0.00000132
1770159780000,0.00000133
1770159960000,0.00000131
1770160140000,0.00000131
1770163140000,0.00000135
1770164700000,0.00000133
1770165180000,0.00000131
1770166740000,0.0000013
1770167760000,0.00000128
1770169200000,0.00000129
1770169680000,0.00000127
1770170040000,0.00000131
1770171420000,0.00000132
1770171780000,0.00000135
1770172380000,0.00000133
1770173340000,0.00000133
1770174660000,0.00000132
1770174720000,0.0000013
1770175500000,0.00000133
1770176340000,0.00000131
1770176520000,0.0000013
1770178200000,0.00000132
1770179700000,0.00000133
1770180240000,0.00000132
1770180300000,0.00000131
1770180360000,0.0000013
1770180780000,0.00000129
1770181800000,0.00000132
1770183660000,0.00000131
1770184260000,0.0000013
1770184380000,0.00000129
1770185040000,0.00000132
1770187080000,0.00000131
1770187320000,0.00000129
1770188580000,0.00000128
1770188760000,0.00000127
1770189420000,0.00000129
1770190740000,0.00000128
1770191160000,0.00000129
1770192180000,0.00000128
1770192960000,0.00000131
1770194340000,0.00000134
1770196320000,0.00000136
1770196920000,0.00000134
1770200400000,0.00000135
1770201960000,0.00000134
1770202260000,0.00000136
1770203040000,0.00000134
1770203100000,0.00000132
1770203160000,0.0000013
1770203280000,0.00000131
1770204960000,0.00000129
1770205260000,0.00000133
1770207480000,0.00000132
1770207660000,0.0000013
1770211200000,0.00000129
1770211440000,0.00000128
1770212280000,0.00000126
1770212460000,0.00000124
1770213480000,0.00000126
1770214620000,0.00000125
1770215460000,0.00000124
1770215580000,0.00000122
1770215700000,0.00000124
1770217200000,0.00000122
1770217320000,0.0000012
1770217380000,0.00000122
1770219300000,0.0000012
1770219360000,0.00000118
1770219480000,0.00000119
1770222240000,0.0000012
1770223800000,0.00000122
1770228240000,0.00000123
1770228600000,0.00000124
1770230220000,0.00000123
1770230400000,0.00000121
1770231840000,0.00000119
1770232200000,0.00000117
1770234480000,0.00000115
1770234600000,0.00000116
1770236220000,0.00000118
1770238560000,0.00000119
1770239160000,0.00000118
1770239880000,0.00000116
1770241620000,0.00000114
1770241740000,0.00000113
1770242220000,0.00000112
1770242760000,0.0000011
1770242820000,0.0000011
1770243840000,0.00000109
1770245100000,0.0000011
1770246360000,0.00000109
1770247080000,0.00000109
1770247440000,0.00000107
1770249960000,0.00000109
1770251280000,0.00000107
1770251820000,0.00000106
1770253800000,0.00000105
1770254160000,0.00000108
1770254400000,0.00000106
1770254460000,0.00000104
1770254640000,0.00000105
1770257580000,0.00000103
1770257880000,0.00000103
1770259500000,0.00000104
1770260340000,0.00000103
1770260940000,0.00000106
1770261600000,0.00000109
1770264480000,0.00000107
1770264540000,0.00000109
1770265080000,0.00000109
1770266580000,0.00000108
1770267180000,0.0000011
1770268620000,0.00000109
1770268920000,0.00000107
1770269520000,0.00000108
1770270060000,0.00000106
1770270300000,0.00000106
1770271440000,0.00000105
1770271500000,0.00000103
1770271800000,0.00000104
1770274560000,0.00000106
1770274920000,0.00000104
1770275220000,0.00000104
1770276960000,0.00000106
1770277800000,0.00000106
1770278580000,0.00000109
1770279960000,0.00000108
1770280020000,0.00000107
1770280200000,0.00000106
1770280260000,0.00000104
1770281100000,0.00000107
1770282480000,0.00000105
1770282960000,0.00000104
1770285900000,0.00000103
1770285960000,0.00000102
1770286560000,0.00000103
1770288000000,0.00000102
1770288120000,0.00000101
1770288360000,0.000001
1770288540000,9.9e-7
1770288720000,9.8e-7
1770288900000,9.7e-7
1770289560000,0.00000101
1770290640000,9.9e-7
1770290700000,9.9e-7
1770291600000,9.8e-7
1770293940000,9.6e-7
1770294240000,9.6e-7
1770297300000,9.5e-7
1770297960000,9.3e-7
1770300060000,9.2e-7
1770300720000,9.4e-7
1770301860000,9.2e-7
1770302100000,9.1e-7
1770302220000,9e-7
1770302460000,9e-7
1770303780000,8.9e-7
1770304200000,8.7e-7
1770304980000,8.6e-7
1770305040000,8.7e-7
1770308100000,8.7e-7
1770308700000,8.7e-7
1770309000000,8.5e-7
1770310080000,8.6e-7
1770312180000,8.7e-7
1770314460000,8.7e-7
1770315660000,8.5e-7
1770315840000,8.7e-7
1770316440000,8.7e-7
1770317760000,8.6e-7
1770318180000,8.6e-7
1770319860000,8.7e-7
1770322020000,8.7e-7
1770322500000,8.6e-7
1770322860000,8.5e-7
1770322980000,8.5e-7
1770323160000,8.6e-7
1770325440000,8.4e-7
1770325560000,8.4e-7
1770327120000,8.5e-7
1770328620000,8.5e-7
1770329700000,8.5e-7
1770329880000,8.5e-7
1770332640000,8.4e-7
1770333000000,8.3e-7
1770333360000,8.4e-7
1770334260000,8.5e-7
1770336000000,8.5e-7
1770336300000,8.4e-7
1770336360000,8.5e-7
1770336540000,8.4e-7
1770336660000,8.2e-7
1770336780000,8.1e-7
1770336840000,7.9e-7
1770336900000,7.8e-7
1770336960000,7.9e-7
1770337080000,7.7e-7
1770337200000,7.7e-7
1770337260000,7.9e-7
1770342360000,7.8e-7
1770342480000,7.7e-7
1770343200000,7.6e-7
1770343920000,7.5e-7
1770344100000,7.4e-7
1770344160000,7.4e-7
1770345840000,7.4e-7
1770351540000,7.3e-7
1770354360000,7.2e-7
1770354660000,7.2e-7
1770355200000,7.2e-7
1770355980000,7.1e-7
1770356460000,7e-7
1770357060000,6.9e-7
1770357180000,6.8e-7
1770357240000,6.7e-7
1770357300000,6.8e-7
1770359640000,6.8e-7
1770361260000,6.7e-7
1770361560000,6.9e-7
1770362040000,6.9e-7
1770363660000,6.8e-7
1770363720000,6.8e-7
1770364920000,6.7e-7
1770367080000,6.8e-7
1770369360000,6.7e-7
1770369660000,6.7e-7
1770370260000,6.6e-7
1770370500000,6.5e-7
1770370560000,6.5e-7
1770371460000,6.4e-7
1770373260000,6.4e-7
1770376200000,6.6e-7
1770377760000,6.5e-7
1770377820000,6.5e-7
1770378180000,6.7e-7
1770380640000,6.6e-7
1770381060000,6.8e-7
1770383040000,6.7e-7
1770383520000,6.6e-7
1770383940000,6.7e-7
1770384060000,6.6e-7
1770384300000,6.6e-7
1770386160000,6.7e-7
1770386700000,6.6e-7
1770388080000,6.7e-7
1770388380000,6.6e-7
1770388440000,6.5e-7
1770388560000,6.4e-7
1770388680000,6.4e-7
1770393120000,6.4e-7
1770393960000,6.6e-7
1770394740000,6.5e-7
1770395760000,6.4e-7
1770396180000,6.4e-7
1770397200000,6.5e-7
1770398160000,6.5e-7
1770398820000,6.4e-7
1770399060000,6.3e-7
1770399240000,6.3e-7
1770400560000,6.3e-7
1770401160000,6.2e-7
1770401280000,6.1e-7
1770401760000,6.1e-7
1770403080000,6e-7
1770403680000,6e-7
1770405360000,5.9e-7
1770407340000,5.8e-7
1770408000000,5.9e-7
1770408780000,5.9e-7
1770408900000,6e-7
1770410100000,5.9e-7
1770410280000,6e-7
1770411660000,6.1e-7
1770412800000,6e-7
1770415260000,6e-7
1770415560000,6e-7
1770415980000,6e-7
1770417240000,5.9e-7
1770417300000,5.8e-7
1770417480000,5.7e-7
1770417900000,5.9e-7
1770418980000,6.1e-7
1770419400000,6e-7
1770419700000,5.9e-7
1770419880000,5.8e-7
1770422460000,5.8e-7
1770422700000,5.7e-7
1770423240000,5.8e-7
1770424680000,5.8e-7
1770425460000,5.7e-7
1770426000000,5.8e-7
1770427380000,6e-7
1770428700000,5.9e-7
1770428820000,5.8e-7
1770429540000,5.9e-7
1770431580000,6e-7
1770432360000,5.9e-7
1770432960000,6e-7
1770433860000,6e-7
1770434520000,6.1e-7
1770436260000,6.1e-7
1770436980000,6.1e-7
1770437460000,6e-7
1770437640000,5.9e-7
1770438300000,6.1e-7
1770439440000,6e-7
1770441480000,6e-7
1770443100000,6e-7
1770444180000,6e-7
1770446700000,6e-7
1770447060000,5.9e-7
1770447300000,5.9e-7
1770447540000,5.8e-7
1770447900000,5.7e-7
1770448560000,5.7e-7
1770449100000,5.8e-7
1770450660000,5.9e-7
1770451500000,6.1e-7
1770454260000,6e-7
1770456720000,6e-7
1770457860000,6e-7
1770458820000,6.1e-7
1770460260000,6.2e-7
1770460680000,6.1e-7
1770460740000,6.1e-7
1770461400000,6.2e-7
1770463200000,6.3e-7
1770465420000,6.3e-7
1770465480000,6.2e-7
1770465660000,6.1e-7
1770466080000,6e-7
1770466140000,5.9e-7
1770466380000,5.9e-7
1770466680000,5.8e-7
1770466740000,5.7e-7
1770466800000,5.8e-7
1770471540000,5.7e-7
1770473460000,5.7e-7
1770473700000,5.8e-7
1770475080000,5.7e-7
1770475620000,5.7e-7
1770476280000,5.8e-7
1770476700000,5.8e-7
1770477420000,5.8e-7
1770477660000,5.8e-7
1770478380000,5.7e-7
1770480300000,5.7e-7
1770480360000,5.6e-7
1770480480000,5.6e-7
1770483960000,5.6e-7
1770484680000,5.7e-7
1770486660000,5.7e-7
1770487620000,5.7e-7
1770488040000,5.8e-7
1770488400000,5.7e-7
1770488460000,5.7e-7
1770489180000,5.7e-7
1770489300000,5.6e-7
1770489780000,5.6e-7
1770490500000,5.8e-7
1770493020000,5.9e-7
1770494460000,6e-7
1770495600000,6e-7
1770496020000,6e-7
1770496500000,5.9e-7
1770497520000,5.9e-7
1770497760000,6e-7
1770499500000,6e-7
1770500700000,6e-7
1770501300000,6e-7
1770502140000,5.9e-7
1770504000000,6e-7
1770504600000,6e-7
1770505560000,6e-7
1770505620000,5.9e-7
1770506340000,5.9e-7
1770506760000,6e-7
1770508860000,6e-7
1770509040000,6e-7
1770510120000,6e-7
1770511200000,6.1e-7
1770513720000,6.1e-7
1770515220000,6.2e-7
1770515760000,6.2e-7
1770517320000,6.2e-7
1770517620000,6.4e-7
1770518220000,6.3e-7
1770519060000,6.4e-7
1770519540000,6.5e-7
1770522480000,6.5e-7
1770522600000,6.4e-7
1770522960000,6.4e-7
1770526740000,6.3e-7
1770527520000,6.3e-7
1770528000000,6.4e-7
1770529560000,6.4e-7
1770530520000,6.5e-7
1770531180000,6.5e-7
1770532320000,6.6e-7
1770533520000,6.6e-7
1770534000000,6.6e-7
1770534360000,6.7e-7
1770534600000,6.6e-7
1770535020000,6.7e-7
1770535260000,6.6e-7
1770535560000,6.8e-7
1770537480000,6.7e-7
1770537840000,6.7e-7
1770538200000,6.8e-7
1770538920000,6.9e-7
1770539040000,6.9e-7
1770539280000,6.8e-7
1770539580000,6.7e-7
1770539640000,6.6e-7
1770540360000,6.8e-7
1770541680000,6.7e-7
1770542580000,6.8e-7
1770543300000,6.7e-7
1770543360000,6.6e-7
1770543780000,6.5e-7
1770545280000,6.5e-7
1770546120000,6.4e-7
1770546180000,6.3e-7
1770546300000,6.2e-7
1770547080000,6.4e-7
1770548700000,6.3e-7
1770549000000,6.4e-7
1770549360000,6.3e-7
1770549420000,6.3e-7
1770550260000,6.3e-7
1770550380000,6.2e-7
1770551460000,6.1e-7
1770553200000,6.1e-7
1770554280000,6e-7
1770555780000,6.1e-7
1770556200000,6.2e-7
1770556980000,6.1e-7
1770557640000,6.2e-7
1770559740000,6.4e-7
1770560340000,6.3e-7
1770561000000,6.4e-7
1770563580000,6.4e-7
1770564360000,6.4e-7
1770564480000,6.3e-7
1770565380000,6.4e-7
1770566040000,6.5e-7
1770568620000,6.4e-7
1770568740000,6.4e-7
1770568860000,6.3e-7
1770568980000,6.2e-7
1770569460000,6.1e-7
1770571800000,6.2e-7
1770573840000,6.2e-7
1770574740000,6.1e-7
1770575400000,6.1e-7
1770575460000,6e-7
1770575580000,6e-7
1770575700000,5.9e-7
1770575760000,5.9e-7
1770576540000,6e-7
1770578700000,6e-7
1770580200000,6e-7
1770580800000,6e-7
1770580920000,6e-7
1770580980000,5.9e-7
1770581760000,6e-7
1770582480000,6e-7
1770583680000,5.9e-7
1770583740000,5.9e-7
1770584040000,5.8e-7
1770584640000,5.9e-7
1770585960000,5.9e-7
1770586380000,5.9e-7
1770586620000,5.9e-7
1770587280000,5.9e-7
1770589080000,5.9e-7
1770590460000,6e-7
1770591780000,6e-7
1770591840000,5.9e-7
1770591900000,5.8e-7
1770591960000,5.8e-7
1770592020000,5.7e-7
1770592080000,5.7e-7
1770593040000,5.7e-7
1770593100000,5.7e-7
1770595620000,5.7e-7
1770596880000,5.8e-7
1770598020000,5.9e-7
1770600120000,5.8e-7
1770600240000,5.8e-7
1770600780000,5.9e-7
1770601200000,5.8e-7
1770601680000,5.8e-7
1770603480000,5.9e-7
1770604740000,5.8e-7
1770604800000,5.8e-7
1770604860000,5.7e-7
1770605520000,5.9e-7
1770607320000,6e-7
1770608040000,5.9e-7
1770608400000,5.9e-7
1770611400000,5.9e-7
1770613020000,6e-7
1770615300000,5.9e-7
1770615780000,6e-7
1770616860000,5.9e-7
1770617160000,5.9e-7
1770617880000,5.9e-7
1770617940000,5.8e-7
1770618060000,5.8e-7
1770620400000,5.8e-7
1770620760000,5.9e-7
1770622620000,5.9e-7
1770622680000,5.8e-7
1770622860000,5.8e-7
1770623040000,5.7e-7
1770625620000,5.7e-7
1770625920000,5.6e-7
1770625980000,5.5e-7
1770626520000,5.7e-7
1770629100000,5.8e-7
1770630600000,5.8e-7
1770632880000,5.7e-7
1770633360000,5.6e-7
1770633660000,5.6e-7
1770635460000,5.7e-7
1770636720000,5.8e-7
1770638820000,5.7e-7
1770639660000,5.7e-7
1770640800000,5.7e-7
1770640860000,5.7e-7
1770641400000,5.7e-7
1770643320000,5.7e-7
1770644880000,5.7e-7
1770645660000,5.7e-7
1770646380000,5.8e-7
1770647400000,5.9e-7
1770648000000,5.8e-7
1770648360000,5.8e-7
1770649500000,5.7e-7
1770649860000,5.8e-7
1770651480000,5.8e-7
1770652260000,5.8e-7
1770653340000,5.8e-7
1770655320000,5.7e-7
1770655380000,5.6e-7
1770655440000,5.6e-7
1770655500000,5.5e-7
1770655560000,5.4e-7
1770655740000,5.4e-7
1770657240000,5.4e-7
1770658260000,5.3e-7
1770658320000,5.2e-7
1770658500000,5.2e-7
1770659760000,5.1e-7
1770660360000,5e-7
1770660840000,5.2e-7
1770661920000,5.3e-7
1770663720000,5.2e-7
1770664680000,5.3e-7
1770665700000,5.2e-7
1770666420000,5.3e-7
1770667500000,5.4e-7
1770667740000,5.5e-7
1770668220000,5.4e-7
1770668760000,5.3e-7
1770671700000,5.3e-7
1770672660000,5.2e-7
1770672720000,5.2e-7
1770672780000,5.2e-7
1770673620000,5.1e-7
1770674040000,5.1e-7
1770674940000,5.1e-7
1770676680000,5e-7
1770678720000,5.1e-7
1770680700000,5.2e-7
1770682260000,5.2e-7
1770683460000,5.3e-7
1770684780000,5.3e-7
1770685620000,5.3e-7
1770685800000,5.3e-7
1770689460000,5.2e-7
1770689820000,5.3e-7
1770690600000,5.2e-7
1770690900000,5.2e-7
1770692760000,5.1e-7
1770693420000,5.1e-7
1770693960000,5.1e-7
1770694260000,5e-7
1770695160000,5.1e-7
1770696360000,5e-7
1770696720000,5e-7
1770698400000,5.1e-7
1770699240000,5e-7
1770699720000,5.1e-7
1770701160000,5e-7
1770701640000,5.1e-7
1770702060000,5.3e-7
1770704460000,5.2e-7
1770704820000,5.2e-7
1770705660000,5.1e-7
1770705960000,5.1e-7
1770706020000,5e-7
1770706080000,5e-7
1770706200000,4.9e-7
1770706860000,5e-7
1770711360000,5e-7
1770711720000,5e-7
1770714180000,5e-7
1770715140000,4.9e-7
1770717000000,4.9e-7
1770717660000,5e-7
1770719040000,5e-7
1770719460000,5.1e-7
1770721380000,5.1e-7
1770721680000,5.2e-7
1770723180000,5.2e-7
1770723480000,5.3e-7
1770723720000,5.2e-7
1770723840000,5.2e-7
1770726840000,5.3e-7
1770727560000,5.2e-7
1770730260000,5.2e-7
1770731340000,5.2e-7
1770732540000,5.2e-7
1770733020000,5.2e-7
1770733080000,5.1e-7
1770733380000,5.3e-7
1770733920000,5.5e-7
1770734400000,5.4e-7
1770735120000,5.5e-7
1770736380000,5.6e-7
1770739860000,5.7e-7
1770740520000,5.9e-7
1770741780000,6e-7
1770744060000,5.9e-7
1770744720000,5.8e-7
1770745740000,5.9e-7
1770747480000,5.9e-7
1770747900000,5.8e-7
1770748020000,5.8e-7
1770748440000,5.7e-7
1770749220000,5.7e-7
1770749820000,5.8e-7
1770751740000,5.8e-7
1770752100000,5.7e-7
1770753000000,5.8e-7
1770753780000,5.7e-7
1770754380000,5.7e-7
1770755640000,5.7e-7
1770756240000,5.8e-7
1770758940000,5.8e-7
1770759060000,5.7e-7
1770759420000,5.7e-7
1770762780000,5.7e-7
1770763380000,5.7e-7
1770765600000,5.7e-7
1770766260000,5.7e-7
1770767460000,5.7e-7
1770768300000,5.7e-7
1770768540000,5.7e-7
1770770100000,5.6e-7
1770773460000,5.7e-7
1770775260000,5.7e-7
1770775320000,5.6e-7
1770776040000,5.7e-7
1770776580000,5.6e-7
1770777900000,5.6e-7
1770778080000,5.6e-7
1770778740000,5.5e-7
1770779760000,5.5e-7
1770779820000,5.5e-7
1770779880000,5.4e-7
1770779940000,5.4e-7
1770780360000,5.5e-7
1770781260000,5.5e-7
1770781920000,5.6e-7
1770783180000,5.5e-7
1770783420000,5.5e-7
1770784320000,5.5e-7
1770785280000,5.5e-7
1770786060000,5.7e-7
1770789060000,5.7e-7
1770790020000,5.7e-7
1770790140000,5.6e-7
1770790320000,5.6e-7
1770790500000,5.5e-7
1770791040000,5.7e-7
1770792480000,5.6e-7
1770792720000,5.6e-7
1770793500000,5.6e-7
1770794100000,5.6e-7
1770796020000,5.5e-7
1770797340000,5.5e-7
1770800040000,5.5e-7
1770801300000,5.6e-7
1770802920000,5.6e-7
1770804060000,5.6e-7
1770806100000,5.6e-7
1770806700000,5.7e-7
1770807900000,5.6e-7
1770808800000,5.6e-7
1770809100000,5.5e-7
1770814980000,5.6e-7
1770816000000,5.6e-7
1770816660000,5.6e-7
1770816780000,5.5e-7
1770817320000,5.7e-7
1770818580000,5.6e-7
1770819000000,5.5e-7
1770819660000,5.6e-7
1770820740000,5.6e-7
1770820920000,5.5e-7
1770822000000,5.4e-7
1770822060000,5.4e-7
1770822600000,5.4e-7
1770824880000,5.4e-7
1770826260000,5.4e-7
1770826500000,5.3e-7
1770827820000,5.2e-7
1770828540000,5.1e-7
1770829320000,5e-7
1770829800000,5.2e-7
1770832320000,5.3e-7
1770834240000,5.2e-7
1770836220000,5.3e-7
1770836940000,5.2e-7
1770838200000,5.2e-7
1770838560000,5.3e-7
1770840780000,5.4e-7
1770841140000,5.5e-7
1770841740000,5.4e-7
1770843900000,5.4e-7
1770844200000,5.3e-7
1770845160000,5.3e-7
1770845340000,5.2e-7
1770847860000,5.2e-7
1770848400000,5.1e-7
1770849960000,5.2e-7
1770850740000,5.1e-7
1770852000000,5.1e-7
1770852120000,5e-7
1770852780000,5.1e-7
1770855720000,5.1e-7
1770857280000,5.2e-7
1770858120000,5.2e-7
1770858840000,5.1e-7
1770860220000,5.1e-7
1770860820000,5.2e-7
1770862740000,5.1e-7
1770863580000,5.1e-7
1770863700000,5e-7
1770864360000,5.1e-7
1770866580000,5.1e-7
1770867180000,5.1e-7
1770867600000,5.1e-7
1770868860000,5.1e-7
1770868980000,5.1e-7
1770869280000,5.1e-7
1770871740000,5.1e-7
1770872220000,5.1e-7
1770873060000,5.1e-7
1770873180000,5e-7
1770873240000,5e-7
1770873420000,5e-7
1770873660000,5.1e-7
1770876240000,5.1e-7
1770877140000,5.2e-7
1770877980000,5.3e-7
1770881100000,5.2e-7
1770881460000,5.2e-7
1770883080000,5.2e-7
1770883320000,5.3e-7
1770883860000,5.3e-7
1770884580000,5.3e-7
1770885300000,5.4e-7
1770887460000,5.3e-7
1770887640000,5.3e-7
1770888420000,5.3e-7
1770888780000,5.2e-7
1770889320000,5.3e-7
1770890580000,5.3e-7
1770893700000,5.2e-7
1770895380000,5.3e-7
1770895800000,5.2e-7
1770896280000,5.3e-7
1770897840000,5.2e-7
1770898020000,5.2e-7
1770898980000,5.2e-7
1770899520000,5.1e-7
1770899580000,5.1e-7
1770900360000,5.1e-7
1770900900000,5e-7
1770901740000,5.1e-7
1770902760000,5.1e-7
1770903000000,5.1e-7
1770904920000,5.3e-7
1770906900000,5.3e-7
1770908760000,5.2e-7
1770908940000,5.1e-7
1770910920000,5e-7
1770912600000,4.9e-7
1770914100000,5.1e-7
1770914760000,5.2e-7
1770915720000,5.2e-7
1770916020000,5.2e-7
1770919320000,5.3e-7
1770920220000,5.4e-7
1770920880000,5.3e-7
1770923460000,5.2e-7
1770923820000,5.4e-7
1770924240000,5.3e-7
1770924720000,5.3e-7
1770926040000,5.2e-7
1770927780000,5.2e-7
1770930000000,5.3e-7
1770931260000,5.3e-7
1770932160000,5.3e-7
1770933840000,5.3e-7
1770934680000,5.3e-7
1770934860000,5.3e-7
1770935040000,5.4e-7
1770936300000,5.3e-7
1770937020000,5.3e-7
1770938580000,5.3e-7
1770941100000,5.3e-7
1770941340000,5.4e-7
1770942120000,5.3e-7
1770942720000,5.3e-7
1770944040000,5.4e-7
1770944820000,5.4e-7
1770945660000,5.4e-7
1770946200000,5.5e-7
1770947160000,5.4e-7
1770947640000,5.5e-7
1770951180000,5.5e-7
1770951900000,5.6e-7
1770953400000,5.5e-7
1770953460000,5.5e-7
1770954000000,5.6e-7
1770956460000,5.7e-7
1770957120000,5.6e-7
1770957600000,5.6e-7
1770959160000,5.5e-7
1770959640000,5.5e-7
1770961500000,5.5e-7
1770962340000,5.4e-7
1770963840000,5.4e-7
1770964680000,5.4e-7
1770965760000,5.4e-7
1770966060000,5.4e-7
1770967500000,5.4e-7
1770968280000,5.4e-7
1770968520000,5.3e-7
1770969960000,5.3e-7
1770971940000,5.3e-7
1770972420000,5.3e-7
1770973260000,5.4e-7
1770974460000,5.4e-7
1770976860000,5.5e-7
1770977700000,5.4e-7
1770977880000,5.4e-7
1770978060000,5.5e-7
1770980340000,5.6e-7
1770982680000,5.6e-7
1770984060000,5.6e-7
1770984300000,5.6e-7
1770984720000,5.7e-7
1770987480000,5.7e-7
1770988620000,5.8e-7
1770989100000,5.8e-7
1770989340000,5.7e-7
1770993060000,5.7e-7
1770993240000,5.6e-7
1770993600000,5.8e-7
1770994560000,5.8e-7
1770995460000,5.7e-7
1770996300000,5.7e-7
1770996420000,5.6e-7
1770996600000,5.6e-7
1770996780000,5.5e-7
1770998820000,5.4e-7
1770999420000,5.4e-7
1771000320000,5.3e-7
1771000440000,5.4e-7
1771002120000,5.3e-7
1771002840000,5.4e-7
1771003860000,5.4e-7
1771005720000,5.4e-7
1771005960000,5.3e-7
1771006440000,5.4e-7
1771007760000,5.3e-7
1771008120000,5.3e-7
1771010520000,5.3e-7
1771011660000,5.3e-7
1771013940000,5.4e-7
1771016160000,5.5e-7
1771017480000,5.5e-7
1771019100000,5.5e-7
1771021620000,5.5e-7
1771023960000,5.5e-7
1771024680000,5.5e-7
1771025700000,5.5e-7
1771028040000,5.6e-7
1771029060000,5.5e-7
1771029180000,5.5e-7
1771029660000,5.5e-7
1771029720000,5.4e-7
1771030380000,5.4e-7
1771032120000,5.5e-7
1771035900000,5.5e-7
1771037520000,5.5e-7
1771039020000,5.5e-7
1771040040000,5.5e-7
1771040100000,5.5e-7
1771040640000,5.5e-7
1771042620000,5.5e-7
1771043100000,5.6e-7
1771045320000,5.6e-7
1771045860000,5.6e-7
1771047540000,5.6e-7
1771048200000,5.6e-7
1771048920000,5.6e-7
1771051920000,5.6e-7
1771052040000,5.5e-7
1771053780000,5.6e-7
1771055340000,5.5e-7
1771055460000,5.5e-7
1771056120000,5.5e-7
1771056360000,5.5e-7
1771057020000,5.5e-7
1771058280000,5.4e-7
1771058340000,5.4e-7
1771058700000,5.3e-7
1771060260000,5.4e-7
1771063260000,5.4e-7
1771063860000,5.4e-7
1771065000000,5.5e-7
1771065720000,5.5e-7
1771067220000,5.5e-7
1771067400000,5.5e-7
1771067460000,5.4e-7
1771067580000,5.4e-7
1771067640000,5.4e-7
1771067760000,5.3e-7
1771068600000,5.4e-7
1771069980000,5.4e-7
1771070280000,5.3e-7
1771071660000,5.4e-7
1771072620000,5.4e-7
1771073400000,5.3e-7
1771075020000,5.4e-7
1771075740000,5.3e-7
1771077120000,5.4e-7
1771078800000,5.3e-7
1771079040000,5.5e-7
1771080900000,5.4e-7
1771081800000,5.5e-7
1771082700000,5.4e-7
1771083120000,5.5e-7
1771083900000,5.6e-7
1771086000000,5.5e-7
1771086360000,5.6e-7
1771087440000,5.5e-7
1771088520000,5.6e-7
1771090020000,5.6e-7
1771091400000,5.6e-7
1771092540000,5.6e-7
1771093920000,5.7e-7
1771095660000,5.7e-7
1771096260000,5.7e-7
1771096560000,5.7e-7
1771096740000,5.8e-7
1771098540000,5.8e-7
1771098900000,5.8e-7
1771099620000,5.9e-7
1771100460000,5.8e-7
1771102740000,5.8e-7
1771103160000,5.8e-7
1771103460000,5.9e-7
1771104240000,5.8e-7
1771104660000,5.8e-7
1771106460000,5.7e-7
1771108200000,5.8e-7
1771108620000,5.8e-7
1771108740000,5.7e-7
1771108800000,5.7e-7
1771110480000,5.7e-7
1771111140000,5.8e-7
1771113660000,5.8e-7
1771113900000,5.9e-7
1771114500000,5.9e-7
1771117500000,5.9e-7
1771117680000,5.8e-7
1771118220000,5.9e-7
1771118460000,5.9e-7
1771118880000,5.8e-7
1771120620000,5.8e-7
1771122780000,5.7e-7
1771126440000,5.7e-7
1771126500000,5.6e-7
1771126680000,5.6e-7
1771127700000,5.6e-7
1771128600000,5.5e-7
1771128960000,5.4e-7
1771133520000,5.4e-7
1771134180000,5.3e-7
1771134900000,5.4e-7
1771138140000,5.3e-7
1771139040000,5.4e-7
1771139760000,5.3e-7
1771140360000,5.4e-7
1771140960000,5.4e-7
1771141020000,5.3e-7
1771141080000,5.2e-7
1771142100000,5.3e-7
1771143060000,5.3e-7
1771144140000,5.3e-7
1771144260000,5.2e-7
1771144320000,5.1e-7
1771145220000,5.2e-7
1771146360000,5.1e-7
1771146420000,5.1e-7
1771146600000,5e-7
1771149000000,5e-7
1771149300000,5e-7
1771150020000,5e-7
1771150560000,4.9e-7
1771152120000,5e-7
1771153440000,5e-7
1771153980000,5.1e-7
1771155960000,5.1e-7
1771156800000,5.2e-7
1771157340000,5.2e-7
1771158660000,5.3e-7
1771159680000,5.3e-7
1771159740000,5.2e-7
1771159860000,5.2e-7
1771160040000,5.1e-7
1771160100000,5.1e-7
1771160340000,5e-7
1771162020000,4.9e-7
1771162140000,4.9e-7
1771162320000,4.8e-7
1771162440000,4.7e-7
1771163400000,4.7e-7
1771164300000,4.7e-7
1771168620000,4.8e-7
1771171320000,4.9e-7
1771171620000,4.8e-7
1771171920000,5e-7
1771175400000,5e-7
1771176960000,5e-7
1771177500000,5e-7
1771177620000,4.9e-7
1771178580000,4.9e-7
1771180500000,4.9e-7
1771182000000,4.9e-7
1771182300000,4.9e-7
1771183200000,4.9e-7
1771183440000,4.9e-7
1771183800000,5e-7
1771184400000,4.9e-7
1771185720000,4.9e-7
1771185960000,4.9e-7
1771187880000,4.8e-7
1771189320000,4.8e-7
1771189440000,4.8e-7
1771190100000,4.8e-7
1771191120000,4.8e-7
1771191420000,4.8e-7
1771193280000,4.8e-7
1771193340000,4.8e-7
1771196460000,4.7e-7
1771196520000,4.7e-7
1771196580000,4.7e-7
1771196700000,4.6e-7
1771196820000,4.6e-7
1771196880000,4.5e-7
1771197660000,4.5e-7
1771199400000,4.5e-7
1771200540000,4.5e-7
1771200840000,4.6e-7
1771204020000,4.5e-7
1771204260000,4.5e-7
1771205220000,4.5e-7
1771205940000,4.4e-7
1771206720000,4.5e-7
1771207500000,4.5e-7
1771207800000,4.6e-7
1771210500000,4.5e-7
1771211220000,4.6e-7
1771212360000,4.6e-7
1771212540000,4.5e-7
1771213440000,4.6e-7
1771214940000,4.6e-7
1771215660000,4.5e-7
1771216260000,4.5e-7
1771217160000,4.5e-7
1771217640000,4.5e-7
1771220160000,4.5e-7
1771220220000,4.4e-7
1771221180000,4.5e-7
1771221840000,4.4e-7
1771222920000,4.4e-7
1771223520000,4.4e-7
1771224420000,4.4e-7
1771225500000,4.4e-7
1771226700000,4.4e-7
1771227000000,4.5e-7
1771228020000,4.5e-7
1771228980000,4.6e-7
1771230720000,4.7e-7
1771232640000,4.6e-7
1771233420000,4.7e-7
1771234020000,4.7e-7
1771234140000,4.6e-7
1771234740000,4.6e-7
1771235220000,4.7e-7
1771236540000,4.7e-7
1771237560000,4.7e-7
1771238040000,4.7e-7
1771240200000,4.7e-7
1771240260000,4.7e-7
1771240320000,4.6e-7
1771240860000,4.6e-7
1771242840000,4.5e-7
1771242900000,4.5e-7
1771243500000,4.6e-7
1771244700000,4.7e-7
1771244940000,4.6e-7
1771245540000,4.6e-7
1771246440000,4.7e-7
1771246980000,4.6e-7
1771247460000,4.8e-7
1771248060000,4.7e-7
1771248360000,4.7e-7
1771248480000,4.6e-7
1771248900000,4.5e-7
1771252020000,4.4e-7
1771252320000,4.5e-7
1771255860000,4.4e-7
1771255920000,4.4e-7
1771256100000,4.3e-7
1771258740000,4.4e-7
1771260060000,4.5e-7
1771261500000,4.4e-7
1771261860000,4.5e-7
1771262880000,4.5e-7
1771263720000,4.5e-7
1771264560000,4.5e-7
1771265880000,4.5e-7
1771266360000,4.5e-7
1771266660000,4.5e-7
1771267920000,4.6e-7
1771269600000,4.6e-7
1771269780000,4.7e-7
1771270500000,4.6e-7
1771272360000,4.6e-7
1771273500000,4.6e-7
1771273620000,4.5e-7
1771274340000,4.6e-7
1771275660000,4.7e-7
1771276500000,4.6e-7
1771276920000,4.6e-7
1771277400000,4.7e-7
1771279260000,4.6e-7
1771279980000,4.7e-7
1771281120000,4.7e-7
1771281300000,4.7e-7
1771283700000,4.7e-7
1771284840000,4.7e-7
1771286460000,4.8e-7
1771288260000,4.9e-7
1771288980000,4.9e-7
1771289700000,5.1e-7
1771292040000,5.1e-7
1771293180000,5.1e-7
1771293360000,5.1e-7
1771294200000,5e-7
1771294320000,5e-7
1771295040000,4.9e-7
1771296720000,4.9e-7
1771297860000,4.9e-7
1771300020000,4.8e-7
1771300920000,4.8e-7
1771301460000,4.9e-7
1771302600000,5e-7
1771302720000,4.9e-7
1771303200000,5.1e-7
1771305360000,5e-7
1771305540000,5e-7
1771305780000,4.9e-7
1771306320000,4.9e-7
1771306500000,4.9e-7
1771306860000,5e-7
1771308420000,5e-7
1771309140000,5e-7
1771309920000,5.1e-7
1771311900000,5.1e-7
1771312500000,5e-7
1771313940000,5e-7
1771315080000,5e-7
1771315260000,5e-7
1771316040000,5.1e-7
1771318320000,5e-7
1771320300000,5.1e-7
1771321500000,5.1e-7
1771323180000,5.1e-7
1771323300000,5.1e-7
1771323360000,5e-7
1771323480000,5e-7
1771323540000,5e-7
1771324020000,4.9e-7
1771325940000,4.9e-7
1771326420000,5e-7
1771327620000,5.1e-7
1771328940000,5.1e-7
1771331040000,5.2e-7
1771331760000,5.1e-7
1771332180000,5.2e-7
1771332300000,5.2e-7
1771332420000,5.1e-7
1771332660000,5.1e-7
1771335000000,5.2e-7
1771336260000,5.1e-7
1771336320000,5.1e-7
1771336680000,5.2e-7
1771338660000,5.2e-7
1771338720000,5.2e-7
1771339260000,5.2e-7
1771339320000,5.1e-7
1771339440000,5e-7
1771339500000,5e-7
1771339800000,4.9e-7
1771342380000,4.9e-7
1771342800000,5e-7
1771343940000,4.9e-7
1771344120000,4.8e-7
1771344300000,4.7e-7
1771345080000,4.8e-7
1771346160000,4.7e-7
1771346820000,4.9e-7
1771348320000,4.8e-7
1771349040000,4.9e-7
1771350300000,4.9e-7
1771352400000,4.8e-7
1771352520000,4.8e-7
1771352880000,4.7e-7
1771353600000,4.6e-7
1771354320000,4.6e-7
1771355940000,4.7e-7
1771356480000,4.7e-7
1771358580000,4.7e-7
1771360440000,4.8e-7
1771361160000,4.8e-7
1771365420000,4.7e-7
1771365720000,4.7e-7
1771366920000,4.8e-7
1771367940000,4.8e-7
1771369620000,4.8e-7
1771370820000,4.9e-7
1771372620000,4.8e-7
1771373940000,4.9e-7
1771374600000,5e-7
1771375860000,4.9e-7
1771376580000,4.9e-7
1771376880000,4.9e-7
1771378020000,4.8e-7
1771378920000,4.9e-7
1771380060000,4.8e-7
1771380360000,4.8e-7
1771380420000,4.8e-7
1771380540000,4.7e-7
1771381140000,4.8e-7
1771382820000,4.9e-7
1771384500000,4.9e-7
1771386300000,4.9e-7
1771387080000,4.9e-7
1771389780000,4.9e-7
1771392480000,4.9e-7
1771392840000,4.9e-7
1771395660000,4.9e-7
1771396380000,5e-7
1771397280000,5e-7
1771398360000,5e-7
1771399320000,4.9e-7
1771399620000,5e-7
1771400580000,5e-7
1771400820000,4.9e-7
1771402680000,4.9e-7
1771403100000,4.9e-7
1771403520000,5e-7
1771406940000,5e-7
1771407120000,5e-7
1771408440000,5e-7
1771409040000,5e-7
1771409100000,4.9e-7
1771410780000,4.9e-7
1771411380000,4.9e-7
1771411560000,4.9e-7
1771411740000,4.8e-7
1771411860000,4.8e-7
1771412760000,4.8e-7
1771412880000,4.7e-7
1771412940000,4.7e-7
1771413000000,4.6e-7
1771413900000,4.7e-7
1771415220000,4.7e-7
1771415700000,4.7e-7
1771416360000,4.8e-7
1771417980000,4.8e-7
1771418040000,4.7e-7
1771418160000,4.7e-7
1771418460000,4.8e-7
1771420740000,4.9e-7
1771422180000,4.8e-7
1771423200000,4.9e-7
1771424580000,4.9e-7
1771425060000,4.9e-7
1771426380000,5e-7
1771429020000,4.9e-7
1771429200000,4.9e-7
1771429740000,5e-7
1771430700000,5e-7
1771431660000,5e-7
1771434300000,5e-7
1771434360000,5e-7
1771434720000,5.1e-7
1771437600000,5.2e-7
1771438860000,5.1e-7
1771438920000,5.1e-7
1771439460000,5e-7
1771440900000,5.2e-7
1771442700000,5.1e-7
1771443480000,5.1e-7
1771443780000,5.2e-7
1771446960000,5.1e-7
1771447860000,5.2e-7
1771448580000,5.1e-7
1771449180000,5.2e-7
1771451040000,5.2e-7
1771451580000,5.2e-7
1771452300000,5.2e-7
1771453080000,5.3e-7
1771454400000,5.2e-7
1771456440000,5.3e-7
1771458420000,5.3e-7
1771459800000,5.3e-7
1771459980000,5.3e-7
1771460280000,5.3e-7
1771461060000,5.4e-7
1771462920000,5.4e-7
1771463820000,5.4e-7
1771465200000,5.5e-7
1771467120000,5.6e-7
1771468140000,5.6e-7
1771468740000,5.6e-7
1771469400000,5.6e-7
1771470540000,5.7e-7
1771473720000,5.6e-7
1771473840000,5.6e-7
1771475220000,5.6e-7
1771475520000,5.6e-7
1771476180000,5.7e-7
1771478520000,5.8e-7
1771480560000,5.8e-7
1771481040000,5.7e-7
1771485420000,5.7e-7
1771486980000,5.7e-7
1771488660000,5.7e-7
1771489140000,5.8e-7
1771489620000,5.7e-7
1771489920000,5.7e-7
1771491000000,5.7e-7
1771491960000,5.7e-7
1771492140000,5.8e-7
1771493520000,5.8e-7
1771494420000,5.8e-7
1771494480000,5.8e-7
1771495380000,5.7e-7
1771495920000,5.7e-7
1771496100000,5.6e-7
1771496400000,5.6e-7
1771497540000,5.6e-7
1771498920000,5.7e-7
1771501020000,5.6e-7
1771501140000,5.6e-7
1771501800000,5.6e-7
1771502880000,5.5e-7
1771504740000,5.5e-7
1771504800000,5.6e-7
1771505820000,5.6e-7
1771506300000,5.5e-7
1771506360000,5.5e-7
1771506780000,5.6e-7
1771508040000,5.6e-7
1771508400000,5.6e-7
1771508580000,5.5e-7
1771509000000,5.5e-7
1771510140000,5.4e-7
1771510680000,5.5e-7
1771511400000,5.6e-7
1771511760000,5.6e-7
1771512240000,5.5e-7
1771512420000,5.5e-7
1771514460000,5.5e-7
1771516080000,5.6e-7
1771516500000,5.7e-7
1771517400000,5.9e-7
1771518240000,6.1e-7
1771521420000,6e-7
1771521480000,5.9e-7
1771522020000,6.1e-7
1771523580000,6e-7
1771525440000,6e-7
1771525500000,5.9e-7
1771526520000,5.9e-7
1771527360000,5.8e-7
1771528200000,5.9e-7
1771530600000,5.9e-7
1771530660000,5.8e-7
1771531500000,5.8e-7
1771532160000,6e-7
1771534620000,6.1e-7
1771536540000,6e-7
1771537980000,6e-7
1771539120000,6e-7
1771539540000,6.1e-7
1771542180000,6.1e-7
1771543800000,6.1e-7
1771545480000,6.1e-7
1771545840000,6.2e-7
1771546440000,6.1e-7
1771546500000,6.1e-7
1771546560000,6e-7
1771546620000,6e-7
1771547160000,6e-7
1771549500000,6.1e-7
1771550580000,6.2e-7
1771553520000,6.3e-7
1771554840000,6.4e-7
1771555740000,6.4e-7
1771557120000,6.4e-7
1771557900000,6.4e-7
1771558800000,6.5e-7
1771560060000,6.5e-7
1771560780000,6.4e-7
1771560960000,6.5e-7
1771561140000,6.4e-7
1771561200000,6.4e-7
1771561980000,6.5e-7
1771564020000,6.5e-7
1771564920000,6.5e-7
1771565460000,6.5e-7
1771565520000,6.5e-7
1771565580000,6.4e-7
1771565640000,6.4e-7
1771566660000,6.4e-7
1771567680000,6.5e-7
1771569060000,6.6e-7
1771569900000,6.7e-7
1771572840000,6.7e-7
1771573620000,6.7e-7
1771574580000,6.7e-7
1771576320000,6.8e-7
1771577040000,6.7e-7
1771578120000,6.7e-7
1771578240000,6.6e-7
1771578600000,6.6e-7
1771582080000,6.5e-7
1771582200000,6.5e-7
1771583820000,6.6e-7
1771585320000,6.5e-7
1771587300000,6.6e-7
1771588560000,6.7e-7
1771589940000,6.8e-7
1771591680000,6.9e-7
1771592580000,6.8e-7
1771592700000,6.8e-7
1771593780000,6.7e-7
1771593840000,6.6e-7
1771594140000,6.7e-7
1771594320000,6.7e-7
1771594500000,6.6e-7
1771594680000,6.5e-7
1771594800000,6.4e-7
1771595520000,6.6e-7
1771597260000,6.7e-7
1771597500000,6.6e-7
1771597860000,6.6e-7
1771597920000,6.5e-7
1771598100000,6.4e-7
1771598280000,6.4e-7
1771599660000,6.3e-7
1771599720000,6.4e-7
1771599960000,6.4e-7
1771602900000,6.3e-7
1771603320000,6.2e-7
1771606020000,6.3e-7
1771606620000,6.2e-7
1771607160000,6.4e-7
1771607460000,6.3e-7
1771607640000,6.2e-7
1771607880000,6.2e-7
1771609740000,6.1e-7
1771609980000,6e-7
1771611720000,6e-7
1771612380000,5.9e-7
1771612500000,5.9e-7
1771613400000,6.1e-7
1771615920000,6.2e-7
1771618620000,6.2e-7
1771619520000,6.2e-7
1771623600000,6.3e-7
1771626060000,6.4e-7
1771626780000,6.3e-7
1771628820000,6.4e-7
1771629600000,6.4e-7
1771631580000,6.4e-7
1771631760000,6.4e-7
1771633140000,6.4e-7
1771634760000,6.4e-7
1771635480000,6.4e-7
1771637940000,6.4e-7
1771638660000,6.4e-7
1771640460000,6.4e-7
1771641120000,6.4e-7
1771642860000,6.4e-7
1771642920000,6.3e-7
1771643100000,6.3e-7
1771646340000,6.3e-7
1771647720000,6.3e-7
1771647900000,6.3e-7
1771649580000,6.4e-7
1771650960000,6.4e-7
1771652880000,6.4e-7
1771654200000,6.4e-7
1771654500000,6.3e-7
1771655280000,6.3e-7
1771655340000,6.3e-7
1771655400000,6.3e-7
1771655460000,6.2e-7
1771655640000,6.2e-7
1771657620000,6.2e-7
1771659420000,6.3e-7
1771659780000,6.3e-7
1771661340000,6.3e-7
1771663260000,6.3e-7
1771664040000,6.3e-7
1771664580000,6.3e-7
1771665360000,6.3e-7
1771665420000,6.2e-7
1771665600000,6.2e-7
1771665660000,6.1e-7
1771666440000,6.2e-7
1771670160000,6.2e-7
1771670400000,6.2e-7
1771671780000,6.2e-7
1771672080000,6.2e-7
1771672200000,6.1e-7
1771672440000,6.1e-7
1771674420000,6.1e-7
1771674660000,6.1e-7
1771676400000,6.2e-7
1771680120000,6.2e-7
1771680840000,6.3e-7
1771681920000,6.3e-7
1771682220000,6.2e-7
1771683300000,6.3e-7
1771683660000,6.3e-7
1771684620000,6.4e-7
1771685700000,6.5e-7
1771686780000,6.4e-7
1771687560000,6.5e-7
1771687800000,6.5e-7
1771688460000,6.5e-7
1771689540000,6.5e-7
1771689840000,6.5e-7
1771689960000,6.5e-7
1771690020000,6.4e-7
1771691520000,6.4e-7
1771693560000,6.3e-7
1771694040000,6.4e-7
1771694760000,6.4e-7
1771696200000,6.4e-7
1771699620000,6.4e-7
1771700280000,6.5e-7
1771702620000,6.5e-7
1771703520000,6.5e-7
1771703760000,6.5e-7
1771704180000,6.4e-7
1771704840000,6.4e-7
1771705140000,6.5e-7
1771706400000,6.4e-7
1771706460000,6.4e-7
1771706580000,6.3e-7
1771707420000,6.5e-7
1771710240000,6.5e-7
1771711260000,6.5e-7
1771713060000,6.5e-7
1771714380000,6.6e-7
1771715580000,6.5e-7
1771718460000,6.5e-7
1771718940000,6.6e-7
1771719720000,6.5e-7
1771720380000,6.5e-7
1771721640000,6.6e-7
1771722120000,6.5e-7
1771722780000,6.6e-7
1771723800000,6.5e-7
1771724040000,6.6e-7
1771726140000,6.6e-7
1771726620000,6.6e-7
1771728300000,6.7e-7
1771731240000,6.7e-7
1771732500000,6.8e-7
1771732980000,6.7e-7
1771733700000,6.8e-7
1771734780000,6.8e-7
1771736880000,6.8e-7
1771737060000,6.8e-7
1771737720000,6.8e-7
1771739220000,6.8e-7
1771739340000,6.8e-7
1771742040000,6.8e-7
1771744080000,6.9e-7
1771745640000,6.8e-7
1771746300000,6.8e-7
1771748640000,6.8e-7
1771748760000,6.8e-7
1771749360000,6.8e-7
1771751940000,6.8e-7
1771752360000,6.8e-7
1771753980000,6.8e-7
1771754520000,6.8e-7
1771755420000,6.9e-7
1771756200000,6.9e-7
1771758180000,6.9e-7
1771758240000,6.9e-7
1771759080000,6.8e-7
1771760460000,6.8e-7
1771761060000,6.8e-7
1771761900000,6.8e-7
1771761960000,6.8e-7
1771762920000,6.8e-7
1771763160000,6.8e-7
1771765080000,6.8e-7
1771765500000,6.9e-7
1771766220000,7e-7
1771767720000,6.9e-7
1771768440000,7e-7
1771769580000,7.1e-7
1771771260000,7.1e-7
1771771740000,7.1e-7
1771773420000,7e-7
1771773480000,7e-7
1771773900000,7.2e-7
1771776420000,7.1e-7
1771777140000,7.2e-7
1771778760000,7.1e-7
1771778820000,7.1e-7
1771779300000,7.1e-7
1771780560000,7.1e-7
1771781580000,7e-7
1771781640000,7e-7
1771782480000,7e-7
1771784340000,7.1e-7
1771787220000,7.1e-7
1771787460000,7.1e-7
1771788000000,7.2e-7
1771788960000,7.2e-7
1771789740000,7.1e-7
1771791240000,7.1e-7
1771791420000,7.2e-7
1771793400000,7.2e-7
1771794060000,7.3e-7
1771795920000,7.3e-7
1771796280000,7.3e-7
1771796340000,7.2e-7
1771796880000,7.2e-7
1771798380000,7.2e-7
1771798860000,7.3e-7
1771799280000,7.4e-7
1771799640000,7.5e-7
1771801560000,7.5e-7
1771801740000,7.5e-7
1771801920000,7.4e-7
1771802100000,7.4e-7
1771804440000,7.5e-7
1771804920000,7.6e-7
1771806480000,7.5e-7
1771806840000,7.5e-7
1771808280000,7.4e-7
1771808400000,7.3e-7
1771808460000,7.2e-7
1771808520000,7.1e-7
1771808580000,7.2e-7
1771808940000,7.1e-7
1771811220000,7.1e-7
1771811760000,7.2e-7
1771813860000,7.4e-7
1771815540000,7.5e-7
1771816260000,7.7e-7
1771817760000,7.9e-7
1771819020000,8e-7
1771819560000,7.9e-7
1771819920000,8e-7
1771821540000,8e-7
1771822440000,8e-7
1771823400000,8e-7
1771823880000,7.9e-7
1771825920000,7.9e-7
1771827180000,7.8e-7
1771827720000,7.8e-7
1771828620000,7.7e-7
1771828680000,7.6e-7
1771829220000,7.6e-7
1771830000000,7.5e-7
1771832400000,7.4e-7
1771833300000,7.5e-7
1771833780000,7.5e-7
1771833960000,7.4e-7
1771834800000,7.3e-7
1771835040000,7.3e-7
1771836360000,7.2e-7
1771837560000,7.2e-7
1771839060000,7.1e-7
1771839120000,7.1e-7
1771839180000,7e-7
1771839360000,7e-7
1771839900000,6.9e-7
1771843980000,7e-7
1771845720000,7e-7
1771846920000,7e-7
1771847160000,6.9e-7
1771849200000,7e-7
1771850040000,7.1e-7
1771850160000,7e-7
1771850220000,6.9e-7
1771850280000,6.9e-7
1771851000000,7e-7
1771853220000,7.1e-7
1771854240000,7e-7
1771854660000,7.1e-7
1771855500000,7.2e-7
1771856580000,7.2e-7
1771857660000,7.1e-7
1771857720000,7.1e-7
1771859460000,7.2e-7
1771861020000,7.3e-7
1771861920000,7.2e-7
1771862460000,7.2e-7
1771862640000,7.1e-7
1771862760000,7e-7
1771863000000,7.1e-7
1771867680000,7e-7
1771868160000,6.9e-7
1771868220000,6.8e-7
1771868640000,6.8e-7
1771869120000,6.9e-7
1771871760000,6.8e-7
1771872300000,7e-7
1771873560000,7.1e-7
1771874940000,7e-7
1771875900000,7.1e-7
1771877820000,7e-7
1771882860000,7.1e-7
1771883040000,7.2e-7
1771884300000,7.2e-7
1771885800000,7.2e-7
1771887300000,7.1e-7
1771887540000,7.1e-7
1771888020000,7.2e-7
1771889520000,7.1e-7
1771890240000,7.1e-7
1771891920000,7e-7
1771893720000,7e-7
1771893960000,7e-7
1771894980000,6.9e-7
1771895340000,6.9e-7
1771895520000,6.8e-7
1771895580000,6.8e-7
1771895700000,6.7e-7
1771895760000,6.6e-7
1771895820000,6.5e-7
1771895880000,6.7e-7
1771899420000,6.8e-7
1771900620000,7e-7
1771902120000,7e-7
1771902180000,6.9e-7
1771902240000,6.9e-7
1771904400000,7e-7
1771906380000,6.9e-7
1771906500000,6.8e-7
1771906860000,7e-7
1771909500000,6.9e-7
1771909620000,6.9e-7
1771910220000,6.9e-7
1771910640000,6.9e-7
1771911180000,7.1e-7
1771913280000,7.2e-7
1771913580000,7.3e-7
1771916580000,7.4e-7
1771917180000,7.3e-7
1771917660000,7.4e-7
1771918920000,7.4e-7
1771919760000,7.4e-7
1771920540000,7.6e-7
1771921920000,7.5e-7
1771923480000,7.6e-7
1771924860000,7.5e-7
1771925580000,7.5e-7
1771926000000,7.8e-7
1771928100000,7.8e-7
1771929600000,7.8e-7
1771930200000,8e-7
1771932720000,7.9e-7
1771933140000,8e-7
1771935120000,8e-7
1771935480000,8.1e-7
1771936440000,8.2e-7
1771937280000,8.1e-7
1771939980000,8.2e-7
1771943400000,8.3e-7
1771943700000,8.2e-7
1771944000000,8.1e-7
1771944480000,8e-7
1771946820000,8.1e-7
1771948920000,8e-7
1771949040000,7.9e-7
1771949820000,8e-7
1771950720000,7.9e-7
1771951200000,8.1e-7
1771952880000,8e-7
1771956360000,8.1e-7
1771957140000,8.3e-7
1771959300000,8.3e-7
1771960020000,8.3e-7
1771960200000,8.4e-7
1771963260000,8.3e-7
1771963740000,8.5e-7
1771967040000,8.4e-7
1771967520000,8.5e-7
1771970100000,8.5e-7
1771970520000,8.4e-7
1771970580000,8.4e-7
1771970820000,8.3e-7
1771974720000,8.4e-7
1771975800000,8.3e-7
1771976700000,8.4e-7
1771977060000,8.4e-7
1771978320000,8.4e-7
1771980240000,8.4e-7
1771980840000,8.3e-7
1771981620000,8.3e-7
1771981800000,8.2e-7
1771981860000,8.1e-7
1771981920000,7.9e-7
1771981980000,7.8e-7
1771982220000,7.7e-7
1771985160000,7.6e-7
1771985220000,7.5e-7
1771985640000,7.5e-7
1771988400000,7.6e-7
1771989780000,7.5e-7
1771992120000,7.4e-7
1771992660000,7.6e-7
1771993320000,7.5e-7
1771994400000,7.4e-7
1771997040000,7.4e-7
1771997520000,7.3e-7
1771998420000,7.5e-7
1772000580000,7.4e-7
1772000640000,7.4e-7
1772000820000,7.3e-7
1772001900000,7.4e-7
1772002500000,7.3e-7
1772003040000,7.4e-7
1772003700000,7.3e-7
1772003760000,7.3e-7
1772003820000,7.2e-7
1772003940000,7.2e-7
1772007420000,7.2e-7
1772007660000,7.2e-7
1772007720000,7.2e-7
1772008740000,7.2e-7
1772010180000,7.2e-7
1772014500000,7.1e-7
1772016660000,7.2e-7
1772017020000,7.1e-7
1772017500000,7.1e-7
1772019180000,7.1e-7
1772020260000,7.1e-7
1772021040000,7.2e-7
1772022120000,7.2e-7
1772023020000,7.2e-7
1772023740000,7.2e-7
1772023800000,7.1e-7
1772023920000,7.1e-7
1772024640000,7.2e-7
1772026380000,7.2e-7
1772027220000,7.1e-7
1772027460000,7.2e-7
1772028960000,7.2e-7
1772030400000,7.1e-7
1772030820000,7e-7
1772030940000,6.9e-7
1772031120000,6.9e-7
1772033580000,6.8e-7
1772033640000,6.8e-7
1772034300000,6.7e-7
1772036280000,6.6e-7
1772036520000,6.5e-7
1772036700000,6.4e-7
1772038980000,6.4e-7
1772039460000,6.3e-7
1772039880000,6.3e-7
1772042520000,6.2e-7
1772043000000,6.4e-7
1772044620000,6.3e-7
1772045100000,6.4e-7
1772046600000,6.3e-7
1772046900000,6.5e-7
1772048940000,6.4e-7
1772049840000,6.5e-7
1772050380000,6.4e-7
1772050500000,6.4e-7
1772051460000,6.4e-7
1772051640000,6.3e-7
1772051700000,6.3e-7
1772052480000,6.2e-7
1772053020000,6.3e-7
1772053620000,6.5e-7
1772055240000,6.4e-7
1772055300000,6.3e-7
1772055360000,6.2e-7
1772055420000,6.3e-7
1772058720000,6.2e-7
1772059200000,6.2e-7
1772059440000,6.2e-7
1772060280000,6.3e-7
1772062740000,6.3e-7
1772062920000,6.2e-7
1772063520000,6.3e-7
1772064540000,6.2e-7
1772066340000,6.1e-7
1772067240000,6.2e-7
1772067840000,6.1e-7
1772068920000,6.1e-7
1772069400000,6.1e-7
1772069580000,6e-7
1772070000000,6.2e-7
1772071560000,6.1e-7
1772071980000,6e-7
1772075160000,6e-7
1772076000000,5.9e-7
1772078040000,6e-7
1772079000000,5.9e-7
1772079660000,6e-7
1772080860000,6e-7
1772082120000,5.9e-7
1772082300000,5.9e-7
1772082420000,5.9e-7
1772082480000,5.8e-7
1772082600000,5.8e-7
1772082660000,5.7e-7
1772083020000,5.6e-7
1772085900000,5.7e-7
1772086140000,5.8e-7
1772087760000,5.7e-7
1772088300000,5.8e-7
1772089320000,5.9e-7
1772091420000,5.8e-7
1772091600000,5.8e-7
1772092080000,5.9e-7
1772093040000,5.9e-7
1772093820000,6e-7
1772094060000,5.9e-7
1772094480000,6e-7
1772096700000,6e-7
1772097120000,6e-7
1772097960000,6.1e-7
1772098620000,6.1e-7
1772099580000,6.1e-7
1772100600000,6.1e-7
1772100840000,6.1e-7
1772101020000,6e-7
1772101740000,6e-7
1772102700000,6e-7
1772103060000,6e-7
1772104620000,6e-7
1772104740000,5.9e-7
1772105640000,6e-7
1772106420000,5.9e-7
1772107200000,6e-7
1772107860000,6e-7
1772110140000,5.9e-7
1772113620000,5.9e-7
1772113920000,6e-7
1772115660000,6.1e-7
1772116440000,6.2e-7
1772116560000,6.4e-7
1772117220000,6.3e-7
1772117760000,6.5e-7
1772118960000,6.4e-7
1772119560000,6.5e-7
1772120160000,6.5e-7
1772120580000,6.5e-7
1772121360000,6.6e-7
1772122560000,6.7e-7
1772123520000,6.8e-7
1772123640000,6.7e-7
1772123700000,6.6e-7
1772124300000,6.6e-7
1772125320000,6.7e-7
1772128380000,6.8e-7
1772129220000,6.7e-7
1772129760000,6.9e-7
1772130960000,6.8e-7
1772131800000,6.9e-7
1772132520000,6.8e-7
1772132640000,6.7e-7
1772133720000,6.8e-7
1772135160000,6.9e-7
1772136180000,6.8e-7
1772136840000,6.9e-7
1772137860000,6.9e-7
1772139060000,6.8e-7
1772139480000,6.9e-7
1772143980000,6.9e-7
1772145120000,7e-7
1772145780000,7e-7
1772147460000,7e-7
1772149920000,7.1e-7
1772151300000,7.1e-7
1772152500000,7.2e-7
1772152680000,7.1e-7
1772153100000,7.1e-7
1772153400000,7.3e-7
1772155020000,7.4e-7
1772156400000,7.3e-7
1772158680000,7.4e-7
1772159580000,7.4e-7
1772160720000,7.4e-7
1772162340000,7.5e-7
1772163420000,7.4e-7
1772163480000,7.4e-7
1772163540000,7.3e-7
1772163720000,7.3e-7
1772164140000,7.3e-7
1772164620000,7.2e-7
1772164980000,7.1e-7
1772165760000,7.1e-7
1772166300000,7.3e-7
1772167320000,7.2e-7
1772168580000,7.3e-7
1772169780000,7.2e-7
1772170200000,7.3e-7
1772172720000,7.3e-7
1772173140000,7.2e-7
1772173380000,7.2e-7
1772174520000,7.2e-7
1772176080000,7.3e-7
1772177100000,7.3e-7
1772178360000,7.4e-7
1772178780000,7.4e-7
1772179200000,7.3e-7
1772180640000,7.4e-7
1772181300000,7.4e-7
1772181840000,7.4e-7
1772184180000,7.4e-7
1772185080000,7.4e-7
1772185440000,7.3e-7
1772185500000,7.2e-7
1772186460000,7.3e-7
1772187060000,7.2e-7
1772187120000,7.2e-7
1772187660000,7.1e-7
1772189580000,7e-7
1772189640000,7e-7
1772190480000,7.1e-7
1772191140000,7e-7
1772191500000,7.2e-7
1772191980000,7.1e-7
1772192280000,7.1e-7
1772194620000,7e-7
1772196060000,6.9e-7
1772196300000,6.9e-7
1772196780000,7e-7
1772197380000,6.9e-7
1772197980000,7.1e-7
1772199000000,7e-7
1772199300000,6.9e-7
1772199360000,6.9e-7
1772200020000,7.2e-7
1772201100000,7.3e-7
1772202120000,7.2e-7
1772202420000,7.1e-7
1772205420000,7.2e-7
1772206680000,7.3e-7
1772207760000,7.4e-7
1772209080000,7.5e-7
1772210400000,7.4e-7
1772210520000,7.3e-7
1772211480000,7.2e-7
1772211840000,7.3e-7
1772213640000,7.4e-7
1772214480000,7.5e-7
1772215740000,7.6e-7
1772216880000,7.7e-7
1772217960000,7.9e-7
1772218980000,7.9e-7
1772219760000,8e-7
1772221080000,8.2e-7
1772221800000,8.2e-7
1772223180000,8.2e-7
1772224080000,8.2e-7
1772224320000,8.2e-7
1772225280000,8.1e-7
1772225640000,8.2e-7
1772227320000,8.3e-7
1772227980000,8.2e-7
1772229180000,8.2e-7
1772229720000,8.4e-7
1772230860000,8.4e-7
1772231640000,8.4e-7
1772231700000,8.4e-7
1772235240000,8.4e-7
1772235360000,8.3e-7
1772236740000,8.4e-7
1772238840000,8.5e-7
1772239440000,8.5e-7
1772240640000,8.4e-7
1772240820000,8.5e-7
1772242260000,8.5e-7
1772243220000,8.6e-7
1772244060000,8.5e-7
1772244420000,8.6e-7
1772247840000,8.6e-7
1772248560000,8.6e-7
1772249460000,8.6e-7
1772249520000,8.6e-7
1772249700000,8.5e-7
1772249760000,8.5e-7
1772250000000,8.4e-7
1772251860000,8.5e-7
1772253000000,8.5e-7
1772253060000,8.4e-7
1772253540000,8.6e-7
1772256600000,8.6e-7
1772256660000,8.5e-7
1772256900000,8.5e-7
1772257740000,8.6e-7
1772258580000,8.6e-7
1772259240000,8.6e-7
1772259300000,8.5e-7
1772259360000,8.5e-7
1772259420000,8.4e-7
1772259480000,8.3e-7
1772259660000,8.5e-7
1772260560000,8.4e-7
1772261700000,8.3e-7
1772262120000,8.4e-7
1772264280000,8.2e-7
1772264340000,8.1e-7
1772264940000,8.4e-7
1772266440000,8.4e-7
1772266800000,8.3e-7
1772267100000,8.5e-7
1772269080000,8.4e-7
1772269980000,8.6e-7
1772270640000,8.5e-7
1772271300000,8.6e-7
1772272980000,8.5e-7
1772273820000,8.6e-7
1772274660000,8.5e-7
1772274960000,8.4e-7
1772275620000,8.6e-7
1772276580000,8.5e-7
1772277360000,8.7e-7
1772278440000,8.7e-7
1772279520000,8.8e-7
1772279820000,8.7e-7
1772280540000,8.9e-7
1772281620000,8.9e-7
1772282880000,8.9e-7
1772283180000,8.8e-7
1772283420000,9e-7
1772284500000,8.9e-7
1772284560000,8.9e-7
1772284800000,9e-7
1772286180000,9.1e-7
1772286300000,9e-7
1772286420000,9e-7
1772286480000,8.9e-7
1772286540000,8.8e-7
1772286660000,8.6e-7
1772286780000,8.5e-7
1772289420000,8.4e-7
1772290020000,8.5e-7
1772291040000,8.6e-7
1772291640000,8.5e-7
1772292180000,8.8e-7
1772292480000,8.6e-7
1772292900000,8.6e-7
1772294820000,8.7e-7
1772295360000,8.9e-7
1772297040000,8.8e-7
1772298060000,8.9e-7
1772299320000,9e-7
1772299980000,9.1e-7
1772300520000,9.1e-7
1772300820000,9.3e-7
1772302260000,9.5e-7
1772303460000,9.4e-7
1772303520000,9.3e-7
1772303760000,9.2e-7
1772303820000,9.1e-7
1772304780000,9.1e-7
1772304900000,9e-7
1772305200000,9.3e-7
1772307240000,9.2e-7
1772307300000,9.1e-7
1772307480000,8.9e-7
1772308140000,9e-7
1772309820000,8.9e-7
1772310120000,8.8e-7
1772310240000,8.7e-7
1772311260000,8.5e-7
1772311560000,8.4e-7
1772311620000,8.3e-7
1772312040000,8.2e-7
1772314680000,8e-7
1772315100000,8.1e-7
1772316720000,8.2e-7
1772317980000,8.1e-7
1772318100000,8e-7
1772318160000,7.9e-7
1772318220000,7.9e-7
1772322180000,8e-7
1772323680000,8.1e-7
1772325300000,8.2e-7
1772326440000,8.2e-7
1772326800000,8.3e-7
1772328060000,8.4e-7
1772329020000,8.3e-7
1772329680000,8.3e-7
1772329740000,8.2e-7
1772329800000,8.1e-7
1772329920000,7.9e-7
1772329980000,7.8e-7
1772330400000,7.8e-7
1772330580000,7.7e-7
1772330880000,7.9e-7
1772333280000,8e-7
1772334780000,8.1e-7
1772335020000,8.2e-7
1772335620000,8.4e-7
1772337240000,8.3e-7
1772337540000,8.5e-7
1772338620000,8.4e-7
1772339160000,8.7e-7
1772341260000,8.8e-7
1772342040000,8.9e-7
1772342940000,9e-7
1772343780000,9e-7
1772344380000,8.9e-7
1772344440000,8.9e-7
1772344980000,8.8e-7
1772345160000,8.7e-7
1772345280000,8.7e-7
1772345400000,8.6e-7
1772345460000,8.6e-7
1772347560000,8.5e-7
1772349840000,8.6e-7
1772352240000,8.5e-7
1772352480000,8.7e-7
1772354820000,8.6e-7
1772355000000,8.6e-7
1772355060000,8.5e-7
1772355120000,8.4e-7
1772355480000,8.3e-7
1772356920000,8.2e-7
1772357700000,8.1e-7
1772357880000,8.1e-7
1772358720000,8.1e-7
1772359500000,8.3e-7
1772359740000,8.4e-7
1772361300000,8.3e-7
1772361600000,8.5e-7
1772364300000,8.6e-7
1772365200000,8.7e-7
1772367720000,8.8e-7
1772368380000,8.8e-7
1772368440000,8.7e-7
1772368860000,8.9e-7
1772370540000,9e-7
1772371560000,9.1e-7
1772373060000,9.1e-7
1772373120000,9e-7
1772373180000,8.9e-7
1772373240000,8.7e-7
1772373300000,8.8e-7
1772375940000,8.9e-7
1772376540000,9.1e-7
1772377800000,9e-7
1772378940000,9.1e-7
1772380080000,9.2e-7
1772380560000,9.2e-7
1772380680000,9.1e-7
1772380800000,9e-7
1772381340000,9.2e-7
1772382300000,9.4e-7
1772383500000,9.3e-7
1772383620000,9.3e-7
1772383680000,9.2e-7
1772383740000,9.1e-7
1772383800000,8.9e-7
1772384340000,9e-7
1772386200000,9.1e-7
1772388240000,9e-7
1772388360000,8.9e-7
1772388420000,8.8e-7
1772389140000,9.1e-7
1772391300000,9.1e-7
1772391960000,9e-7
1772392980000,8.9e-7
1772394240000,8.9e-7
1772394960000,9e-7
1772395440000,9.1e-7
1772395740000,9e-7
1772395920000,8.9e-7
1772395980000,8.8e-7
1772397300000,8.7e-7
1772398260000,8.8e-7
1772399580000,8.7e-7
1772399700000,8.7e-7
1772401140000,8.6e-7
1772403240000,8.6e-7
1772403960000,8.6e-7
1772404560000,8.5e-7
1772405220000,8.6e-7
1772406300000,8.5e-7
1772406360000,8.4e-7
1772406540000,8.2e-7
1772407260000,8.4e-7
1772410200000,8.3e-7
1772410500000,8.5e-7
1772412180000,8.4e-7
1772412240000,8.3e-7
1772412300000,8.2e-7
1772412720000,8.2e-7
1772413800000,8.1e-7
1772413860000,8e-7
1772414400000,8.2e-7
1772416860000,8.3e-7
1772417400000,8.2e-7
1772418180000,8.5e-7
1772419380000,8.6e-7
1772421000000,8.8e-7
1772421600000,8.7e-7
1772423700000,8.8e-7
1772424240000,8.7e-7
1772425080000,8.7e-7
1772425560000,8.8e-7
1772426880000,8.8e-7
1772428500000,8.9e-7
1772430120000,8.8e-7
1772430240000,8.8e-7
1772430660000,8.9e-7
1772431680000,8.8e-7
1772432280000,8.7e-7
1772432340000,8.6e-7
1772432580000,8.5e-7
1772433000000,8.8e-7
1772434500000,8.9e-7
1772435280000,8.8e-7
1772435400000,8.8e-7
1772438460000,8.7e-7
1772438520000,8.6e-7
1772439120000,8.6e-7
1772439480000,8.7e-7
1772442120000,8.7e-7
1772443080000,8.6e-7
1772445600000,8.6e-7
1772445660000,8.5e-7
1772447160000,8.6e-7
1772450340000,8.6e-7
1772450400000,8.5e-7
1772450880000,8.7e-7
1772455020000,8.6e-7
1772456640000,8.6e-7
1772456880000,8.5e-7
1772456940000,8.4e-7
1772457360000,8.6e-7
1772460240000,8.5e-7
1772461680000,8.6e-7
1772461920000,8.5e-7
1772462160000,8.5e-7
1772463000000,8.4e-7
1772463600000,8.4e-7
1772464080000,8.3e-7
1772464320000,8.2e-7
1772464620000,8e-7
1772466120000,7.9e-7
1772467560000,7.9e-7
1772467740000,7.8e-7
1772468340000,8e-7
1772470020000,8e-7
1772472360000,8e-7
1772473200000,7.9e-7
1772473380000,7.8e-7
1772473920000,8e-7
1772476320000,7.9e-7
1772476680000,8.1e-7
1772480400000,8.2e-7
1772481960000,8.3e-7
1772482260000,8.1e-7
1772482680000,8.4e-7
1772484720000,8.3e-7
1772485200000,8.2e-7
1772485380000,8.1e-7
1772485920000,8.2e-7
1772488920000,8.2e-7
1772489280000,8.2e-7
1772489580000,8.3e-7
1772492580000,8.2e-7
1772493240000,8.1e-7
1772493780000,8e-7
1772494740000,7.9e-7
1772496480000,8e-7
1772497140000,7.9e-7
1772497740000,8.1e-7
1772498040000,8e-7
1772498580000,7.9e-7
1772501400000,7.8e-7
1772501460000,7.7e-7
1772503200000,7.7e-7
1772503260000,7.6e-7
1772503320000,7.5e-7
1772504160000,7.4e-7
1772504640000,7.6e-7
1772505960000,7.5e-7
1772506980000,7.6e-7
1772507520000,7.7e-7
1772508780000,7.6e-7
1772509140000,7.6e-7
1772511120000,7.6e-7
1772511540000,7.7e-7
1772512860000,7.7e-7
1772512980000,7.6e-7
1772514840000,7.5e-7
1772514960000,7.5e-7
1772515680000,7.6e-7
1772516880000,7.5e-7
1772516940000,7.4e-7
1772517540000,7.6e-7
1772522100000,7.5e-7
1772522820000,7.7e-7
1772524200000,7.6e-7
1772525640000,7.7e-7
1772525760000,7.6e-7
1772526060000,7.6e-7
1772527500000,7.5e-7
1772528340000,7.5e-7
1772528880000,7.5e-7
1772529660000,7.5e-7
1772530260000,7.5e-7
1772530680000,7.7e-7
1772532540000,7.6e-7
1772533200000,7.7e-7
1772533980000,7.9e-7
1772534820000,7.8e-7
1772535120000,8e-7
1772535780000,8.2e-7
1772538960000,8.3e-7
1772539380000,8.3e-7
1772539560000,8.2e-7
1772539920000,8.1e-7
1772540880000,8.1e-7
1772541360000,8e-7
1772542500000,8.1e-7
1772543580000,8e-7
1772545380000,7.9e-7
1772546280000,8.1e-7
1772546640000,8e-7
1772547360000,8.1e-7
1772548020000,8.2e-7
1772548620000,8.2e-7
1772549040000,8.2e-7
1772551080000,8.4e-7
1772552280000,8.3e-7
1772552460000,8.2e-7
1772553960000,8.1e-7
1772554140000,8e-7
1772554440000,8e-7
1772555460000,8.2e-7
1772556120000,8.1e-7
1772560380000,8e-7
1772561760000,8.2e-7
1772564820000,8.1e-7
1772565000000,8e-7
1772565840000,7.9e-7
1772568240000,8.1e-7
1772570820000,8.2e-7
1772571720000,8e-7
1772572740000,8.1e-7
1772573760000,8e-7
1772574420000,8e-7
1772575380000,7.9e-7
1772576520000,7.9e-7
1772576640000,7.8e-7
1772577420000,7.7e-7
1772577540000,7.7e-7
1772579220000,7.6e-7
1772579460000,7.5e-7
1772580180000,7.5e-7
1772581200000,7.7e-7
1772583420000,7.6e-7
1772584560000,7.6e-7
1772586180000,7.5e-7
1772586300000,7.4e-7
1772586840000,7.6e-7
1772588040000,7.5e-7
1772588520000,7.4e-7
1772590320000,7.5e-7
1772591040000,7.6e-7
1772592600000,7.5e-7
1772593200000,7.7e-7
1772595000000,7.6e-7
1772595060000,7.5e-7
1772595180000,7.4e-7
1772595300000,7.3e-7
1772598060000,7.3e-7
1772598660000,7.2e-7
1772599800000,7.1e-7
1772601960000,7.3e-7
1772602440000,7.2e-7
1772602740000,7.4e-7
1772603940000,7.5e-7
1772604600000,7.4e-7
1772605440000,7.5e-7
1772606040000,7.4e-7
1772606100000,7.3e-7
1772606460000,7.3e-7
1772607600000,7.4e-7
1772609040000,7.4e-7
1772609280000,7.3e-7
1772609340000,7.3e-7
1772609460000,7.2e-7
1772610000000,7.1e-7
1772610480000,7.1e-7
1772611200000,7e-7
1772613780000,6.9e-7
1772613900000,6.9e-7
1772613960000,6.8e-7
1772614020000,6.7e-7
1772614080000,6.6e-7
1772614500000,6.5e-7
1772616420000,6.5e-7
1772616660000,6.4e-7
1772616840000,6.4e-7
1772617020000,6.3e-7
1772617500000,6.4e-7
1772618760000,6.5e-7
1772620140000,6.6e-7
1772624160000,6.5e-7
1772625060000,6.7e-7
1772626620000,6.6e-7
1772626680000,6.5e-7
1772626980000,6.5e-7
1772627280000,6.4e-7
1772629560000,6.3e-7
1772629680000,6.3e-7
1772630160000,6.4e-7
1772632080000,6.5e-7
1772633220000,6.4e-7
1772633280000,6.4e-7
1772633820000,6.4e-7
1772634660000,6.3e-7
1772634720000,6.2e-7
1772634900000,6.2e-7
1772637060000,6.2e-7
1772637360000,6.2e-7
1772637960000,6.1e-7
1772638200000,6.1e-7
1772640240000,6.2e-7
1772641260000,6.1e-7
1772641620000,6.3e-7
1772644380000,6.2e-7
1772644620000,6.2e-7
1772644980000,6.2e-7
1772645580000,6.4e-7
1772647020000,6.4e-7
1772648160000,6.5e-7
1772650200000,6.5e-7
1772651940000,6.4e-7
1772652060000,6.4e-7
1772653320000,6.3e-7
1772654160000,6.5e-7
1772655360000,6.6e-7
1772657280000,6.7e-7
1772657940000,6.6e-7
1772661600000,6.8e-7
1772661720000,6.7e-7
1772662440000,6.8e-7
1772663400000,6.8e-7
1772663700000,6.7e-7
1772663940000,6.7e-7
1772667120000,6.6e-7
1772670360000,6.7e-7
1772671860000,6.8e-7
1772672460000,6.8e-7
1772672820000,7e-7
1772673120000,6.9e-7
1772673420000,7.1e-7
1772674980000,7e-7
1772676180000,6.9e-7
1772676480000,6.8e-7
1772678760000,6.9e-7
1772679960000,6.9e-7
1772681880000,6.8e-7
1772682120000,6.8e-7
1772682360000,6.9e-7
1772683500000,6.8e-7
1772684040000,6.9e-7
1772685180000,7e-7
1772685900000,6.9e-7
1772686260000,7.1e-7
1772688060000,7e-7
1772688240000,7e-7
1772689620000,7e-7
1772690520000,7e-7
1772690940000,6.9e-7
1772691480000,7e-7
1772693280000,7e-7
1772693400000,6.9e-7
1772694180000,6.9e-7
1772695980000,6.8e-7
1772696220000,6.8e-7
1772697060000,6.7e-7
1772697120000,6.7e-7
1772698080000,6.8e-7
1772699460000,6.9e-7
1772701320000,6.8e-7
1772701680000,6.8e-7
1772701860000,6.7e-7
1772703360000,6.6e-7
1772703480000,6.9e-7
1772705820000,6.8e-7
1772706360000,6.8e-7
1772706480000,6.7e-7
1772706720000,6.6e-7
1772708460000,6.8e-7
1772710020000,6.9e-7
1772710740000,6.8e-7
1772711700000,6.9e-7
1772712420000,7e-7
1772714460000,6.9e-7
1772714700000,6.8e-7
1772714940000,6.8e-7
1772715900000,6.7e-7
1772716740000,6.8e-7
1772717100000,6.7e-7
1772717460000,6.6e-7
1772718120000,6.8e-7
1772721180000,6.9e-7
1772721540000,7.2e-7
1772721660000,7.1e-7
1772722260000,7.2e-7
1772723460000,7.1e-7
1772723580000,7.1e-7
1772725080000,7.2e-7
1772726760000,7.1e-7
1772726940000,7e-7
1772727840000,7.2e-7
1772729340000,7.3e-7
1772730180000,7.2e-7
1772730420000,7.4e-7
1772730960000,7.3e-7
1772732220000,7.4e-7
1772733120000,7.6e-7
1772735700000,7.5e-7
1772736120000,7.4e-7
1772737260000,7.4e-7
1772737320000,7.3e-7
1772737980000,7.2e-7
1772738160000,7.4e-7
1772741460000,7.3e-7
1772744100000,7.4e-7
1772745420000,7.3e-7
1772745600000,7.3e-7
1772746200000,7.2e-7
1772746500000,7.2e-7
1772746680000,7.1e-7
1772747520000,7.1e-7
1772749440000,7.1e-7
1772751660000,7.1e-7
1772752680000,7.1e-7
1772753640000,7.1e-7
1772755140000,7.1e-7
1772758440000,7.2e-7
1772759640000,7.1e-7
1772760300000,7.1e-7
1772760420000,7e-7
1772760660000,7.3e-7
1772763420000,7.4e-7
1772763600000,7.3e-7
1772763660000,7.2e-7
1772763780000,7.2e-7
1772764380000,7.2e-7
1772770560000,7.2e-7
1772771400000,7.3e-7
1772772000000,7.3e-7
1772772060000,7.2e-7
1772772660000,7.3e-7
1772773920000,7.3e-7
1772776320000,7.3e-7
1772776620000,7.2e-7
1772779260000,7.2e-7
1772779500000,7.2e-7
1772779680000,7.1e-7
1772779920000,7.2e-7
1772781420000,7.3e-7
1772783160000,7.3e-7
1772783880000,7.3e-7
1772784180000,7.3e-7
1772786220000,7.3e-7
1772787360000,7.3e-7
1772788200000,7.2e-7
1772788260000,7.2e-7
1772788380000,7.1e-7
1772788620000,7.1e-7
1772793180000,7.2e-7
1772794680000,7.3e-7
1772796180000,7.3e-7
1772797320000,7.3e-7
1772797500000,7.3e-7
1772797860000,7.2e-7
1772798940000,7.2e-7
1772799480000,7.4e-7
1772800500000,7.3e-7
1772801160000,7.3e-7
1772802840000,7.3e-7
1772803500000,7.4e-7
1772804400000,7.5e-7
1772805420000,7.4e-7
1772805600000,7.3e-7
1772806140000,7.3e-7
1772807700000,7.2e-7
1772807820000,7.1e-7
1772807880000,7.2e-7
1772810580000,7.1e-7
1772812200000,7e-7
1772812260000,6.9e-7
1772812920000,7e-7
1772815440000,7.1e-7
1772816640000,7.2e-7
1772817840000,7.3e-7
1772818560000,7.3e-7
1772818680000,7.2e-7
1772819220000,7.3e-7
1772820780000,7.3e-7
1772822040000,7.2e-7
1772822520000,7.1e-7
1772823480000,7.2e-7
1772825100000,7.4e-7
1772828340000,7.3e-7
1772831040000,7.3e-7
1772832000000,7.3e-7
1772832120000,7.3e-7
1772832240000,7.2e-7
1772833080000,7.3e-7
1772833560000,7.2e-7
1772834100000,7.3e-7
1772840100000,7.2e-7
1772840160000,7.2e-7
1772840580000,7.2e-7
1772842020000,7.2e-7
1772843520000,7.2e-7
1772844840000,7.2e-7
1772845560000,7.2e-7
1772846040000,7.3e-7
1772850180000,7.3e-7
1772850600000,7.3e-7
1772851140000,7.3e-7
1772852520000,7.3e-7
1772853540000,7.4e-7
1772855880000,7.4e-7
1772856240000,7.4e-7
1772857080000,7.5e-7
1772858280000,7.5e-7
1772860860000,7.5e-7
1772861520000,7.6e-7
1772863740000,7.6e-7
1772866380000,7.5e-7
1772867160000,7.5e-7
1772869320000,7.6e-7
1772870100000,7.5e-7
1772871420000,7.6e-7
1772872260000,7.6e-7
1772872980000,7.6e-7
1772873760000,7.6e-7
1772874120000,7.5e-7
1772874540000,7.6e-7
1772874900000,7.6e-7
1772875620000,7.6e-7
1772876760000,7.7e-7
1772878380000,7.6e-7
1772878740000,7.7e-7
1772880780000,7.7e-7
1772881020000,7.6e-7
1772881380000,7.6e-7
1772881500000,7.6e-7
1772882040000,7.6e-7
1772883000000,7.6e-7
1772885040000,7.7e-7
1772887320000,7.6e-7
1772887620000,7.6e-7
1772888520000,7.7e-7
1772891520000,7.7e-7
1772892120000,7.7e-7
1772892540000,7.6e-7
1772893380000,7.8e-7
1772894280000,7.7e-7
1772894340000,7.7e-7
1772895540000,7.8e-7
1772896500000,7.8e-7
1772897580000,7.9e-7
1772897940000,7.9e-7
1772898780000,8e-7
1772901780000,8e-7
1772903040000,8e-7
1772903640000,7.9e-7
1772904060000,7.9e-7
1772904840000,7.9e-7
1772906280000,7.9e-7
1772906340000,7.9e-7
1772906400000,7.8e-7
1772906460000,7.8e-7
1772906520000,7.7e-7
1772907360000,7.9e-7
1772910060000,7.9e-7
1772910120000,7.9e-7
1772910180000,7.8e-7
1772910240000,7.8e-7
1772911140000,7.8e-7
1772911620000,7.7e-7
1772912040000,7.8e-7
1772913000000,7.7e-7
1772913300000,7.7e-7
1772915880000,7.6e-7
1772916600000,7.7e-7
1772917260000,7.8e-7
1772917560000,7.8e-7
1772919840000,7.9e-7
1772920860000,7.8e-7
1772922840000,7.8e-7
1772922900000,7.8e-7
1772925960000,7.8e-7
1772928000000,7.8e-7
1772928120000,7.8e-7
1772928300000,7.7e-7
1772928900000,7.8e-7
1772929560000,7.7e-7
1772933400000,7.7e-7
1772933520000,7.7e-7
1772934180000,7.8e-7
1772936760000,7.9e-7
1772937060000,7.8e-7
1772937600000,7.9e-7
1772938020000,8.1e-7
1772939220000,8.2e-7
1772939760000,8.1e-7
1772940660000,8.2e-7
1772942640000,8.3e-7
1772943120000,8.4e-7
1772945220000,8.3e-7
1772945640000,8.3e-7
1772945700000,8.2e-7
1772946300000,8.3e-7
1772947500000,8.3e-7
1772948880000,8.3e-7
1772949300000,8.4e-7
1772950380000,8.3e-7
1772950860000,8.4e-7
1772953500000,8.4e-7
1772953800000,8.3e-7
1772956860000,8.4e-7
1772957700000,8.3e-7
1772957880000,8.3e-7
1772959440000,8.3e-7
1772960400000,8.3e-7
1772961180000,8.4e-7
1772961360000,8.4e-7
1772961420000,8.3e-7
1772964300000,8.3e-7
1772964720000,8.2e-7
1772965020000,8.2e-7
1772965080000,8.2e-7
1772965140000,8.1e-7
1772965320000,8.1e-7
1772965380000,8e-7
1772965500000,8e-7
1772966220000,8.1e-7
1772967720000,8e-7
1772967840000,8e-7
1772967900000,7.9e-7
1772967960000,7.9e-7
1772968080000,7.8e-7
1772969700000,7.7e-7
1772970060000,7.7e-7
1772971680000,7.8e-7
1772971800000,7.7e-7
1772971920000,7.7e-7
1772971980000,7.6e-7
1772972040000,7.5e-7
1772972100000,7.4e-7
1772972160000,7.3e-7
1772973360000,7.5e-7
1772975100000,7.4e-7
1772975520000,7.3e-7
1772975640000,7.3e-7
1772976300000,7.2e-7
1772976360000,7.2e-7
1772977920000,7.1e-7
1772979960000,7.2e-7
1772980320000,7.3e-7
1772982300000,7.3e-7
1772984880000,7.3e-7
1772986260000,7.3e-7
1772986560000,7.3e-7
1772987520000,7.2e-7
1772987700000,7.2e-7
1772988060000,7.3e-7
1772989500000,7.3e-7
1772990460000,7.3e-7
1772992500000,7.4e-7
1772993880000,7.3e-7
1772993940000,7.3e-7
1772995680000,7.3e-7
1772996880000,7.3e-7
1772997000000,7.2e-7
1772997180000,7.2e-7
1772997480000,7.2e-7
1772997780000,7.1e-7
1772999400000,7.1e-7
1772999940000,7.2e-7
1773001080000,7.3e-7
1773002100000,7.2e-7
1773002940000,7.3e-7
1773004140000,7.3e-7
1773004380000,7.2e-7
1773005040000,7.3e-7
1773006180000,7.3e-7
1773006780000,7.4e-7
1773007260000,7.3e-7
1773007320000,7.3e-7
1773007380000,7.2e-7
1773007440000,7.1e-7
1773007560000,7.2e-7
1773009900000,7.2e-7
1773010500000,7.3e-7
1773013500000,7.2e-7
1773014880000,7.2e-7
1773015060000,7.1e-7
1773016140000,7.2e-7
1773016500000,7.1e-7
1773016560000,7e-7
1773017160000,7.3e-7
1773018300000,7.2e-7
1773019500000,7.2e-7
1773021540000,7.1e-7
1773021900000,7e-7
1773022860000,6.9e-7
1773023760000,6.9e-7
1773024120000,6.8e-7
1773025320000,6.7e-7
1773025380000,6.7e-7
1773025680000,6.6e-7
1773025800000,6.5e-7
1773025860000,6.4e-7
1773026340000,6.3e-7
1773029280000,6.4e-7
1773030300000,6.3e-7
1773031200000,6.4e-7
1773031920000,6.5e-7
1773032400000,6.5e-7
1773034260000,6.4e-7
1773034440000,6.3e-7
1773034920000,6.3e-7
1773034980000,6.3e-7
1773035340000,6.2e-7
1773035820000,6.4e-7
1773037980000,6.3e-7
1773039180000,6.2e-7
1773039720000,6.2e-7
1773039780000,6.1e-7
1773039900000,6.1e-7
1773040620000,6e-7
1773040920000,6.2e-7
1773044580000,6.1e-7
1773045420000,6.2e-7
1773047580000,6.3e-7
1773048420000,6.2e-7
1773048780000,6.2e-7
1773048900000,6.1e-7
1773049620000,6.2e-7
1773050220000,6.2e-7
1773050580000,6.3e-7
1773052440000,6.4e-7
1773052980000,6.3e-7
1773053460000,6.3e-7
1773054840000,6.3e-7
1773055020000,6.3e-7
1773055140000,6.2e-7
1773055200000,6.2e-7
1773056040000,6.3e-7
1773056760000,6.3e-7
1773057420000,6.3e-7
1773059100000,6.5e-7
1773059280000,6.6e-7
1773061860000,6.6e-7
1773062340000,6.7e-7
1773062940000,6.6e-7
1773063240000,6.6e-7
1773063780000,6.7e-7
1773063900000,6.6e-7
1773065460000,6.5e-7
1773067260000,6.4e-7
1773067980000,6.5e-7
1773069240000,6.7e-7
1773070500000,6.6e-7
1773071160000,6.7e-7
1773072540000,6.8e-7
1773073380000,6.9e-7
1773073980000,7e-7
1773075240000,7.2e-7
1773076980000,7.1e-7
1773077940000,7.1e-7
1773078180000,7e-7
1773078660000,7.2e-7
1773078840000,7.1e-7
1773079440000,7.3e-7
1773080340000,7.2e-7
1773081000000,7.1e-7
1773084060000,7.1e-7
1773084120000,7e-7
1773084300000,6.9e-7
1773084540000,6.8e-7
1773087540000,6.9e-7
1773088440000,6.8e-7
1773088620000,6.8e-7
1773089580000,6.8e-7
1773089820000,6.8e-7
1773090000000,6.7e-7
1773090180000,6.7e-7
1773092280000,6.6e-7
1773092520000,6.7e-7
1773093780000,6.8e-7
1773095760000,6.7e-7
1773095820000,6.7e-7
1773095940000,6.6e-7
1773097920000,6.7e-7
1773098580000,6.7e-7
1773100920000,6.7e-7
1773101880000,6.7e-7
1773102240000,6.6e-7
1773102840000,6.6e-7
1773103800000,6.7e-7
1773104640000,6.6e-7
1773105660000,6.6e-7
1773107220000,6.6e-7
1773107700000,6.6e-7
1773110040000,6.5e-7
1773110100000,6.4e-7
1773110520000,6.4e-7
1773114180000,6.4e-7
1773114300000,6.3e-7
1773114360000,6.3e-7
1773114660000,6.2e-7
1773116460000,6.4e-7
1773118500000,6.3e-7
1773118920000,6.2e-7
1773120000000,6.3e-7
1773121620000,6.3e-7
1773123000000,6.2e-7
1773123360000,6.2e-7
1773123420000,6.1e-7
1773123900000,6.2e-7
1773124020000,6.2e-7
1773124260000,6.2e-7
1773126300000,6.2e-7
1773127380000,6.2e-7
1773128580000,6.2e-7
1773129900000,6.2e-7
1773130080000,6.1e-7
1773130560000,6.2e-7
1773132060000,6.4e-7
1773133620000,6.4e-7
1773134160000,6.5e-7
1773134580000,6.4e-7
1773134640000,6.4e-7
1773135720000,6.4e-7
1773137100000,6.4e-7
1773137160000,6.4e-7
1773137340000,6.4e-7
1773139140000,6.4e-7
1773141240000,6.3e-7
1773141780000,6.4e-7
1773144420000,6.4e-7
1773145200000,6.5e-7
1773146100000,6.6e-7
1773147960000,6.5e-7
1773148500000,6.5e-7
1773149580000,6.6e-7
1773149640000,6.5e-7
1773149700000,6.4e-7
1773149880000,6.3e-7
1773150540000,6.6e-7
1773151320000,6.6e-7
1773151860000,6.5e-7
1773153600000,6.4e-7
1773153900000,6.3e-7
1773154500000,6.2e-7
1773154560000,6.1e-7
1773154800000,6e-7
1773156840000,6.1e-7
1773158400000,6e-7
1773158700000,6.2e-7
1773162720000,6.3e-7
1773163920000,6.4e-7
1773164220000,6.4e-7
1773164280000,6.3e-7
1773164880000,6.4e-7
1773166380000,6.4e-7
1773166440000,6.3e-7
1773166740000,6.2e-7
1773167820000,6.2e-7
1773168300000,6.1e-7
1773168600000,6.3e-7
1773170160000,6.4e-7
1773173340000,6.5e-7
1773174720000,6.5e-7
1773177000000,6.6e-7
1773178260000,6.6e-7
1773178620000,6.6e-7
1773179100000,6.5e-7
1773180600000,6.5e-7
1773181200000,6.4e-7
1773184500000,6.4e-7
1773185340000,6.3e-7
1773185460000,6.3e-7
1773187200000,6.3e-7
1773187920000,6.3e-7
1773188280000,6.4e-7
1773190260000,6.4e-7
1773191460000,6.4e-7
1773192240000,6.4e-7
1773192540000,6.4e-7
1773193020000,6.4e-7
1773193620000,6.5e-7
1773194940000,6.4e-7
1773196080000,6.4e-7
1773196620000,6.4e-7
1773196680000,6.4e-7
1773197400000,6.3e-7
1773198000000,6.3e-7
1773198060000,6.2e-7
1773198420000,6.3e-7
1773199980000,6.4e-7
1773202380000,6.4e-7
1773202500000,6.4e-7
1773202800000,6.4e-7
1773203040000,6.3e-7
1773203100000,6.3e-7
1773203160000,6.2e-7
1773203520000,6.2e-7
1773203760000,6.1e-7
1773205680000,6.2e-7
1773207420000,6.2e-7
1773207540000,6.2e-7
1773207720000,6.1e-7
1773209040000,6.2e-7
1773210660000,6.1e-7
1773211320000,6.2e-7
1773211860000,6.3e-7
1773213720000,6.3e-7
1773214440000,6.3e-7
1773214560000,6.2e-7
1773214620000,6.2e-7
1773214680000,6.1e-7
1773215400000,6.3e-7
1773217620000,6.2e-7
1773217980000,6.3e-7
1773218880000,6.4e-7
1773222000000,6.5e-7
1773222600000,6.6e-7
1773223740000,6.7e-7
1773225720000,6.7e-7
1773225840000,6.6e-7
1773226560000,6.7e-7
1773227640000,6.8e-7
1773229140000,6.7e-7
1773229320000,6.7e-7
1773229380000,6.6e-7
1773230160000,6.6e-7
1773231660000,6.5e-7
1773232080000,6.5e-7
1773234540000,6.4e-7
1773234600000,6.4e-7
1773234720000,6.3e-7
1773234780000,6.3e-7
1773234840000,6.2e-7
1773235020000,6.2e-7
1773235980000,6.1e-7
1773236160000,6e-7
1773236280000,5.9e-7
1773236640000,6.1e-7
1773240720000,6.2e-7
1773241860000,6.1e-7
1773242580000,6.2e-7
1773243120000,6.1e-7
1773243900000,6.1e-7
1773246180000,6e-7
1773247020000,6e-7
1773248100000,6e-7
1773248580000,5.9e-7
1773249120000,6e-7
1773249840000,6e-7
1773249900000,5.9e-7
1773250020000,5.8e-7
1773250560000,6e-7
1773252840000,5.9e-7
1773254580000,5.9e-7
1773254820000,6e-7
1773255720000,6.1e-7
1773257040000,6.1e-7
1773257700000,6.1e-7
1773258000000,6.1e-7
1773260460000,6.2e-7
1773261060000,6.2e-7
1773262080000,6.2e-7
1773265980000,6.2e-7
1773266580000,6.2e-7
1773267180000,6.2e-7
1773267600000,6.3e-7
1773269940000,6.3e-7
1773271800000,6.3e-7
1773271920000,6.3e-7
1773274140000,6.3e-7
1773277320000,6.3e-7
1773277380000,6.2e-7
1773277500000,6.2e-7
1773278340000,6.3e-7
1773279660000,6.3e-7
1773282000000,6.3e-7
1773282840000,6.3e-7
1773283680000,6.3e-7
1773283860000,6.2e-7
1773284640000,6.2e-7
1773285960000,6.3e-7
1773287220000,6.2e-7
1773287280000,6.2e-7
1773287940000,6.3e-7
1773290340000,6.4e-7
1773291780000,6.4e-7
1773292440000,6.4e-7
1773293640000,6.4e-7
1773294660000,6.5e-7
1773296640000,6.5e-7
1773297540000,6.5e-7
1773298800000,6.5e-7
1773298860000,6.4e-7
1773299220000,6.5e-7
1773299700000,6.6e-7
1773301740000,6.6e-7
1773302640000,6.6e-7
1773303000000,6.5e-7
1773303360000,6.6e-7
1773305040000,6.7e-7
1773306840000,6.7e-7
1773308580000,6.6e-7
1773308640000,6.6e-7
1773308700000,6.5e-7
1773309600000,6.6e-7
1773310800000,6.5e-7
1773310920000,6.5e-7
1773311220000,6.4e-7
1773312480000,6.5e-7
1773314760000,6.6e-7
1773315900000,6.5e-7
1773320040000,6.6e-7
1773320880000,6.6e-7
1773321420000,6.5e-7
1773321780000,6.5e-7
1773322560000,6.4e-7
1773322860000,6.6e-7
1773323700000,6.6e-7
1773325620000,6.5e-7
1773325980000,6.4e-7
1773326280000,6.3e-7
1773329160000,6.2e-7
1773329940000,6.2e-7
1773331680000,6.1e-7
1773332220000,6.3e-7
1773336120000,6.4e-7
1773338700000,6.4e-7
1773339000000,6.5e-7
1773339660000,6.4e-7
1773340560000,6.5e-7
1773342000000,6.6e-7
1773343800000,6.5e-7
1773343920000,6.5e-7
1773344940000,6.4e-7
1773346740000,6.4e-7
1773351600000,6.3e-7
1773353400000,6.4e-7
1773354000000,6.4e-7
1773354300000,6.5e-7
1773355740000,6.4e-7
1773356100000,6.4e-7
1773356400000,6.4e-7
1773356460000,6.4e-7
1773356580000,6.3e-7
1773356640000,6.3e-7
1773357240000,6.2e-7
1773359520000,6.3e-7
1773360120000,6.2e-7
1773360720000,6.2e-7
1773360780000,6.1e-7
1773360900000,6.1e-7
1773360960000,6e-7
1773361020000,5.9e-7
1773361200000,5.9e-7
1773361380000,5.9e-7
1773361800000,5.9e-7
1773363600000,6e-7
1773365220000,6.1e-7
1773365700000,6.2e-7
1773367860000,6.2e-7
1773369000000,6.2e-7
1773369420000,6.1e-7
1773369600000,6.1e-7
1773370920000,6.1e-7
1773372600000,6.1e-7
1773372660000,6.1e-7
1773373380000,6.2e-7
1773373980000,6.1e-7
1773374100000,6.1e-7
1773374700000,6.2e-7
1773375780000,6.1e-7
1773378300000,6.1e-7
1773378660000,6.1e-7
1773379140000,6.1e-7
1773380040000,6.1e-7
1773380280000,6.1e-7
1773383280000,6.1e-7
1773383640000,6.1e-7
1773385320000,6e-7
1773387120000,6.1e-7
1773387480000,6e-7
1773387600000,6e-7
1773388140000,6.1e-7
1773390720000,6e-7
1773390900000,6e-7
1773390960000,5.9e-7
1773391560000,6.1e-7
1773393420000,6e-7
1773393960000,6.1e-7
1773395460000,6.1e-7
1773396060000,6.1e-7
1773396540000,6.1e-7
1773399780000,6.2e-7
1773401100000,6.3e-7
1773403320000,6.2e-7
1773403860000,6.3e-7
1773405300000,6.4e-7
1773406080000,6.3e-7
1773407160000,6.3e-7
1773407700000,6.4e-7
1773407940000,6.3e-7
1773408000000,6.3e-7
1773410160000,6.5e-7
1773410520000,6.5e-7
1773412080000,6.6e-7
1773412980000,6.5e-7
1773413040000,6.4e-7
1773413100000,6.3e-7
1773413160000,6.2e-7
1773413760000,6.1e-7
1773415800000,6e-7
1773416220000,6e-7
1773417180000,6e-7
1773417900000,6e-7
1773419400000,6.2e-7
1773420900000,6.2e-7
1773422820000,6.2e-7
1773423420000,6.1e-7
1773424020000,6.1e-7
1773424500000,6.1e-7
1773428520000,6.1e-7
1773428760000,6.1e-7
1773429000000,6.1e-7
1773432360000,6.1e-7
1773432780000,6.2e-7
1773435060000,6.1e-7
1773435600000,6.2e-7
1773437280000,6.2e-7
1773437940000,6.1e-7
1773439260000,6.1e-7
1773439320000,6.1e-7
1773439380000,6e-7
1773440160000,6e-7
1773443880000,5.9e-7
1773444600000,6e-7
1773448980000,5.9e-7
1773449580000,5.9e-7
1773452280000,5.9e-7
1773452340000,5.9e-7
1773454980000,5.9e-7
1773456900000,5.9e-7
1773457500000,5.9e-7
1773457680000,5.9e-7
1773461700000,5.9e-7
1773462480000,6e-7
1773463620000,6e-7
1773464760000,5.9e-7
1773466380000,5.9e-7
1773466560000,5.9e-7
1773468000000,5.9e-7
1773469020000,5.9e-7
1773469080000,5.9e-7
1773469260000,5.8e-7
1773469980000,5.8e-7
1773470280000,5.8e-7
1773470400000,5.7e-7
1773472500000,5.8e-7
1773476100000,5.7e-7
1773477480000,5.7e-7
1773477600000,5.7e-7
1773479760000,5.7e-7
1773480900000,5.7e-7
1773481620000,5.7e-7
1773481680000,5.7e-7
1773481740000,5.6e-7
1773482460000,5.7e-7
1773483240000,5.7e-7
1773484320000,5.7e-7
1773484440000,5.7e-7
1773485280000,5.7e-7
1773487140000,5.7e-7
1773487560000,5.7e-7
1773487620000,5.7e-7
1773487980000,5.7e-7
1773489600000,5.7e-7
1773490200000,5.8e-7
1773491760000,5.7e-7
1773492300000,5.8e-7
1773494340000,5.8e-7
1773494820000,5.8e-7
1773496080000,5.7e-7
1773496980000,5.8e-7
1773497400000,5.7e-7
1773497580000,5.7e-7
1773498180000,5.8e-7
1773499980000,5.8e-7
1773502320000,5.8e-7
1773503400000,5.8e-7
1773504480000,5.8e-7
1773505560000,5.8e-7
1773506580000,5.9e-7
1773507660000,5.9e-7
1773509460000,5.9e-7
1773510600000,5.9e-7
1773510900000,5.9e-7
1773511680000,5.9e-7
1773514260000,5.9e-7
1773514800000,5.9e-7
1773515040000,6e-7
1773517320000,6e-7
1773517860000,6e-7
1773520980000,6e-7
1773521040000,5.9e-7
1773521220000,5.9e-7
1773522000000,6e-7
1773524580000,5.9e-7
1773525060000,5.9e-7
1773525480000,5.9e-7
1773525960000,5.9e-7
1773529200000,5.9e-7
1773529320000,5.9e-7
1773529380000,5.9e-7
1773529440000,5.9e-7
1773529560000,5.8e-7
1773530160000,5.9e-7
1773532020000,6e-7
1773533100000,6e-7
1773534540000,6.1e-7
1773535140000,6.1e-7
1773536520000,6.2e-7
1773537120000,6.2e-7
1773539400000,6.3e-7
1773540060000,6.2e-7
1773540180000,6.2e-7
1773542640000,6.3e-7
1773542820000,6.2e-7
1773542880000,6.2e-7
1773543660000,6.3e-7
1773545280000,6.2e-7
1773547140000,6.3e-7
1773547380000,6.2e-7
1773547560000,6.2e-7
1773548520000,6.2e-7
1773551880000,6.2e-7
1773552480000,6.3e-7
1773553620000,6.3e-7
1773555600000,6.4e-7
1773556380000,6.4e-7
1773556560000,6.3e-7
1773558360000,6.4e-7
1773559680000,6.4e-7
1773560160000,6.4e-7
1773561840000,6.4e-7
1773563220000,6.4e-7
1773565200000,6.4e-7
1773565320000,6.4e-7
1773565740000,6.3e-7
1773568080000,6.3e-7
1773568320000,6.4e-7
1773571800000,6.4e-7
1773572460000,6.4e-7
1773572940000,6.3e-7
1773573360000,6.4e-7
1773574380000,6.4e-7
1773575100000,6.4e-7
1773575160000,6.4e-7
1773575460000,6.4e-7
1773576060000,6.4e-7
1773579300000,6.5e-7
1773580080000,6.5e-7
1773580140000,6.4e-7
1773580200000,6.4e-7
1773581160000,6.5e-7
1773582660000,6.6e-7
1773584880000,6.6e-7
1773585600000,6.6e-7
1773585840000,6.6e-7
1773586320000,6.6e-7
1773588420000,6.6e-7
1773590700000,6.7e-7
1773592260000,6.6e-7
1773594120000,6.7e-7
1773597060000,6.7e-7
1773597180000,6.6e-7
1773597240000,6.6e-7
1773598320000,6.7e-7
1773600420000,6.7e-7
1773600660000,6.6e-7
1773602820000,6.6e-7
1773605760000,6.6e-7
1773606540000,6.7e-7
1773607020000,6.6e-7
1773607140000,6.6e-7
1773608640000,6.6e-7
1773609180000,6.6e-7
1773609420000,6.6e-7
1773610380000,6.6e-7
1773610620000,6.5e-7
1773611100000,6.5e-7
1773612180000,6.4e-7
1773612240000,6.3e-7
1773612360000,6.4e-7
1773613860000,6.3e-7
1773613920000,6.2e-7
1773614340000,6.1e-7
1773614460000,6e-7
1773614520000,6e-7
1773614700000,5.9e-7
1773616320000,6e-7
1773618060000,6.1e-7
1773619320000,6.1e-7
1773619860000,6.2e-7
1773623040000,6.2e-7
1773623640000,6.1e-7
1773624000000,6.2e-7
1773625980000,6.1e-7
1773626040000,6.1e-7
1773627060000,6.1e-7
1773627300000,6.1e-7
1773627600000,6e-7
1773628020000,6e-7
1773628620000,6.1e-7
1773629520000,6e-7
1773631260000,6e-7
1773631380000,6e-7
1773631440000,5.9e-7
1773631800000,5.9e-7
1773631920000,5.8e-7
1773631980000,5.7e-7
1773632400000,5.6e-7
1773636060000,5.7e-7
1773636540000,5.6e-7
1773636840000,5.6e-7
1773636900000,5.6e-7
1773640740000,5.6e-7
1773641340000,5.6e-7
1773644400000,5.5e-7
1773645420000,5.6e-7
1773646680000,5.7e-7
1773647220000,5.8e-7
1773648120000,5.8e-7
1773648780000,5.8e-7
1773649740000,5.8e-7
1773650040000,5.7e-7
1773651180000,5.8e-7
1773654180000,5.9e-7
1773654540000,5.8e-7
1773655080000,5.9e-7
1773657000000,5.9e-7
1773657960000,6e-7
1773658500000,5.9e-7
1773660420000,5.9e-7
1773660840000,5.9e-7
1773661920000,6e-7
1773662640000,5.9e-7
1773663060000,5.9e-7
1773663240000,6e-7
1773664260000,5.9e-7
1773666420000,6e-7
1773666780000,6.1e-7
1773667920000,6e-7
1773668040000,6e-7
1773668580000,6.2e-7
1773671340000,6.1e-7
1773671400000,6e-7
1773671880000,6e-7
1773673020000,5.9e-7
1773673200000,5.8e-7
1773676380000,5.8e-7
1773677100000,5.8e-7
1773679260000,5.8e-7
1773679680000,5.9e-7
1773680580000,6e-7
1773681840000,6e-7
1773682260000,6.1e-7
1773684420000,6.1e-7
1773684480000,6e-7
1773684540000,6e-7
1773685020000,6e-7
1773686220000,6.1e-7
1773686520000,6.2e-7
1773688200000,6.1e-7
1773688560000,6e-7
1773690780000,6.1e-7
1773691140000,6.1e-7
1773692760000,6e-7
1773693660000,6.1e-7
1773697020000,6e-7
1773697560000,6e-7
1773698760000,6e-7
1773698820000,5.9e-7
1773699600000,6.1e-7
1773700620000,6.2e-7
1773701400000,6.3e-7
1773701640000,6.3e-7
1773702120000,6.2e-7
1773702480000,6.2e-7
1773703320000,6.2e-7
1773704700000,6.2e-7
1773705060000,6.3e-7
1773706020000,6.4e-7
1773706380000,6.3e-7
1773706620000,6.4e-7
1773709920000,6.4e-7
1773710520000,6.5e-7
1773711420000,6.6e-7
1773712020000,6.7e-7
1773714660000,6.7e-7
1773718440000,6.6e-7
1773718500000,6.5e-7
1773718860000,6.5e-7
1773719400000,6.4e-7
1773721800000,6.5e-7
1773722400000,6.5e-7
1773722760000,6.6e-7
1773725640000,6.6e-7
1773726240000,6.6e-7
1773726360000,6.5e-7
1773728460000,6.5e-7
1773730800000,6.5e-7
1773731940000,6.5e-7
1773732720000,6.6e-7
1773733800000,6.6e-7
1773735000000,6.7e-7
1773736860000,6.7e-7
1773737160000,6.6e-7
1773737880000,6.6e-7
1773738240000,6.6e-7
1773739500000,6.5e-7
1773739560000,6.5e-7
1773740400000,6.6e-7
1773741180000,6.5e-7
1773741240000,6.5e-7
1773741300000,6.4e-7
1773741960000,6.4e-7
1773742980000,6.4e-7
1773744540000,6.4e-7
1773744900000,6.4e-7
1773746100000,6.4e-7
1773749040000,6.4e-7
1773749760000,6.5e-7
1773750360000,6.5e-7
1773751020000,6.4e-7
1773754320000,6.4e-7
1773754440000,6.3e-7
1773756180000,6.3e-7
1773756360000,6.4e-7
1773757020000,6.5e-7
1773758940000,6.6e-7
1773759660000,6.6e-7
1773759720000,6.5e-7
1773760080000,6.6e-7
1773761760000,6.6e-7
1773762300000,6.7e-7
1773764280000,6.6e-7
1773764520000,6.6e-7
1773765180000,6.7e-7
1773767040000,6.6e-7
1773767880000,6.7e-7
1773771000000,6.7e-7
1773771060000,6.7e-7
1773771420000,6.6e-7
1773772380000,6.6e-7
1773773280000,6.6e-7
1773773760000,6.6e-7
1773773940000,6.7e-7
1773775200000,6.6e-7
1773775680000,6.6e-7
1773776880000,6.5e-7
1773778680000,6.6e-7
1773779040000,6.5e-7
1773779160000,6.5e-7
1773779820000,6.6e-7
1773781860000,6.6e-7
1773781920000,6.5e-7
1773781980000,6.5e-7
1773782760000,6.6e-7
1773784260000,6.6e-7
1773785040000,6.6e-7
1773785280000,6.6e-7
1773786000000,6.7e-7
1773786660000,6.7e-7
1773786960000,6.6e-7
1773787620000,6.8e-7
1773788580000,6.9e-7
1773789660000,6.8e-7
1773790440000,6.8e-7
1773791400000,6.8e-7
1773792060000,6.9e-7
1773792660000,7e-7
1773793440000,6.9e-7
1773794580000,6.9e-7
1773795720000,6.9e-7
1773797760000,7e-7
1773798840000,6.9e-7
1773799500000,7e-7
1773799920000,7e-7
1773800520000,7.1e-7
1773801900000,7e-7
1773804000000,7e-7
1773804180000,7e-7
1773804240000,7e-7
1773804300000,6.9e-7
1773804360000,6.9e-7
1773804960000,6.8e-7
1773806880000,6.8e-7
1773807420000,6.8e-7
1773808020000,6.7e-7
1773808200000,6.7e-7
1773808440000,6.6e-7
1773810180000,6.7e-7
1773810360000,6.6e-7
1773810540000,6.8e-7
1773813300000,6.7e-7
1773813780000,6.8e-7
1773815820000,6.9e-7
1773818040000,7e-7
1773821100000,6.9e-7
1773821400000,7e-7
1773824640000,7.1e-7
1773827940000,7.1e-7
1773828600000,7.2e-7
1773828720000,7.2e-7
1773829920000,7.2e-7
1773830100000,7.2e-7
1773830340000,7.1e-7
1773830580000,7.1e-7
1773830700000,7.1e-7
1773831360000,7.1e-7
1773832140000,7.3e-7
1773833340000,7.2e-7
1773833400000,7.1e-7
1773833460000,7.1e-7
1773833640000,7e-7
1773833820000,6.8e-7
1773836040000,7e-7
1773837060000,6.9e-7
1773837120000,6.8e-7
1773838260000,6.9e-7
1773838860000,6.8e-7
1773838980000,6.8e-7
1773840840000,6.9e-7
1773842460000,7e-7
1773844080000,6.9e-7
1773844980000,6.8e-7
1773845580000,6.7e-7
1773845820000,6.6e-7
1773846120000,6.5e-7
1773848400000,6.6e-7
1773849600000,6.7e-7
1773849960000,6.6e-7
1773851100000,6.5e-7
1773851640000,6.6e-7
1773851940000,6.8e-7
1773853020000,6.9e-7
1773854520000,6.8e-7
1773854640000,6.8e-7
1773855360000,6.7e-7
1773855420000,6.7e-7
1773855480000,6.6e-7
1773856020000,6.6e-7
1773856860000,6.5e-7
1773856980000,6.4e-7
1773857700000,6.5e-7
1773860520000,6.6e-7
1773863400000,6.6e-7
1773864480000,6.5e-7
1773864960000,6.7e-7
1773865980000,6.6e-7
1773866100000,6.6e-7
1773866520000,6.5e-7
1773867900000,6.5e-7
1773869820000,6.4e-7
1773869880000,6.4e-7
1773870420000,6.5e-7
1773872100000,6.6e-7
1773873180000,6.6e-7
1773874260000,6.6e-7
1773874920000,6.6e-7
1773875820000,6.6e-7
1773876360000,6.7e-7
1773876600000,6.6e-7
1773876840000,6.6e-7
1773879240000,6.7e-7
1773880380000,6.8e-7
1773882180000,6.8e-7
1773882360000,6.9e-7
1773885060000,7e-7
1773885660000,6.9e-7
1773886020000,7.1e-7
1773888600000,7.1e-7
1773888660000,7.1e-7
1773889440000,7.1e-7
1773889800000,7e-7
1773890220000,7e-7
1773890280000,7e-7
1773890340000,6.9e-7
1773890580000,6.8e-7
1773890820000,6.8e-7
1773892800000,6.7e-7
1773893160000,6.7e-7
1773894300000,6.6e-7
1773895320000,6.6e-7
1773896040000,6.7e-7
1773897840000,6.7e-7
1773898740000,6.8e-7
1773900420000,6.9e-7
1773901080000,6.9e-7
1773902100000,6.8e-7
1773902340000,7e-7
1773903840000,7.1e-7
1773904020000,7.1e-7
1773904440000,7.1e-7
1773904500000,7e-7
1773904800000,6.9e-7
1773905100000,7e-7
1773905940000,6.9e-7
1773908520000,7e-7
1773909600000,7.1e-7
1773910620000,7.1e-7
1773911280000,7.2e-7
1773912000000,7.3e-7
1773912120000,7.2e-7
1773913140000,7.2e-7
1773913800000,7.2e-7
1773914460000,7.3e-7
1773915960000,7.2e-7
1773916140000,7.3e-7
1773918120000,7.4e-7
1773920100000,7.4e-7
1773920460000,7.3e-7
1773921900000,7.3e-7
1773922080000,7.2e-7
1773923460000,7.2e-7
1773924420000,7.1e-7
1773924600000,7.1e-7
1773924660000,7e-7
1773924780000,7e-7
1773925260000,6.9e-7
1773926280000,7.1e-7
1773927660000,7.1e-7
1773927780000,7e-7
1773928200000,7e-7
1773928860000,7.1e-7
1773931200000,7.2e-7
1773932640000,7.1e-7
1773933540000,7e-7
1773934680000,7e-7
1773935040000,6.9e-7
1773935100000,6.9e-7
1773935460000,7e-7
1773936960000,7e-7
1773937440000,7.1e-7
1773939000000,7.2e-7
1773940140000,7.1e-7
1773940680000,7.3e-7
1773940980000,7.2e-7
1773941700000,7.3e-7
1773942720000,7.3e-7
1773943440000,7.4e-7
1773944280000,7.3e-7
1773945480000,7.4e-7
1773946320000,7.4e-7
1773946800000,7.4e-7
1773946860000,7.3e-7
1773947100000,7.3e-7
1773947340000,7.2e-7
1773947940000,7.2e-7
1773952800000,7.2e-7
1773952920000,7.3e-7
1773954480000,7.2e-7
1773954600000,7.2e-7
1773955140000,7.3e-7
1773958080000,7.4e-7
1773959520000,7.4e-7
1773959580000,7.3e-7
1773959700000,7.3e-7
1773959760000,7.2e-7
1773960000000,7.2e-7
1773961320000,7.1e-7
1773961440000,7.1e-7
1773962100000,7.1e-7
1773964080000,7.2e-7
1773965100000,7.2e-7
1773965280000,7.1e-7
1773965400000,7.1e-7
1773966060000,7.2e-7
1773968400000,7.2e-7
1773968520000,7.1e-7
1773969420000,7.2e-7
1773970200000,7.2e-7
1773970800000,7.2e-7
1773971400000,7.2e-7
1773972720000,7.2e-7
1773972900000,7.2e-7
1773973380000,7.1e-7
1773975060000,7.1e-7
1773975840000,7.2e-7
1773977400000,7.1e-7
1773977700000,7.2e-7
1773980100000,7.3e-7
1773981120000,7.3e-7
1773981180000,7.2e-7
1773981360000,7.2e-7
1773981540000,7.1e-7
1773982140000,7.3e-7
1773982560000,7.2e-7
1773984540000,7.2e-7
1773984780000,7.2e-7
1773988080000,7.1e-7
1773990060000,7.1e-7
1773991020000,7.2e-7
1773991980000,7.1e-7
1773992460000,7.1e-7
1773993900000,7.1e-7
1773994020000,7.1e-7
1773994140000,7e-7
1773994200000,7e-7
1773994920000,7.2e-7
1773998040000,7.1e-7
1773998100000,7.1e-7
1773998340000,7e-7
1773998400000,7e-7
1773998640000,6.9e-7
1773999120000,7.1e-7
1774000620000,7.1e-7
1774001760000,7.2e-7
1774003140000,7.1e-7
1774004220000,7.2e-7
1774004760000,7.2e-7
1774005360000,7.2e-7
1774006680000,7.2e-7
1774007640000,7.2e-7
1774008360000,7.2e-7
1774009080000,7.2e-7
1774009860000,7.2e-7
1774010220000,7.2e-7
1774011900000,7.2e-7
1774012080000,7.1e-7
1774013400000,7.3e-7
1774013520000,7.2e-7
1774013700000,7.2e-7
1774014000000,7.1e-7
1774017000000,7e-7
1774017120000,6.9e-7
1774017780000,7e-7
1774018980000,7e-7
1774019460000,7.1e-7
1774020840000,7.1e-7
1774022400000,7.2e-7
1774025160000,7.3e-7
1774025700000,7.4e-7
1774027920000,7.3e-7
1774028040000,7.3e-7
1774028160000,7.2e-7
1774029000000,7.3e-7
1774029420000,7.3e-7
1774029480000,7.2e-7
1774030200000,7.3e-7
1774031520000,7.2e-7
1774031760000,7.2e-7
1774032300000,7.2e-7
1774034940000,7.3e-7
1774035420000,7.3e-7
1774035600000,7.4e-7
1774036380000,7.3e-7
1774037760000,7.4e-7
1774039500000,7.4e-7
1774041000000,7.4e-7
1774041300000,7.4e-7
1774041480000,7.4e-7
1774042620000,7.3e-7
1774044120000,7.3e-7
1774044180000,7.2e-7
1774044240000,7.2e-7
1774045260000,7.3e-7
1774047900000,7.3e-7
1774048920000,7.4e-7
1774052400000,7.4e-7
1774053000000,7.5e-7
1774054200000,7.5e-7
1774055220000,7.5e-7
1774055400000,7.4e-7
1774055580000,7.5e-7
1774056900000,7.6e-7
1774057500000,7.6e-7
1774058160000,7.6e-7
1774060500000,7.7e-7
1774061100000,7.6e-7
1774062060000,7.7e-7
1774065600000,7.7e-7
1774065660000,7.7e-7
1774065900000,7.6e-7
1774066440000,7.7e-7
1774067580000,7.7e-7
1774068000000,7.6e-7
1774069560000,7.7e-7
1774071180000,7.8e-7
1774071780000,7.7e-7
1774072140000,7.7e-7
1774075140000,7.7e-7
1774076460000,7.8e-7
1774077540000,7.7e-7
1774077780000,7.8e-7
1774079820000,7.8e-7
1774081140000,7.8e-7
1774081200000,7.8e-7
1774081800000,7.8e-7
1774083660000,7.8e-7
1774083780000,7.7e-7
1774083960000,7.7e-7
1774085880000,7.7e-7
1774086720000,7.7e-7
1774089300000,7.7e-7
1774089660000,7.7e-7
1774090140000,7.7e-7
1774091940000,7.7e-7
1774094760000,7.8e-7
1774096560000,7.8e-7
1774097220000,7.8e-7
1774098120000,7.8e-7
1774098960000,7.8e-7
1774100100000,7.9e-7
1774101660000,7.9e-7
1774102260000,7.9e-7
1774102320000,7.9e-7
1774103100000,7.9e-7
1774104480000,7.9e-7
1774104660000,7.9e-7
1774104900000,7.9e-7
1774105200000,7.8e-7
1774106580000,7.9e-7
1774107840000,8e-7
1774109400000,8e-7
1774109820000,8e-7
1774110480000,8e-7
1774110960000,8e-7
1774112100000,8.1e-7
1774112940000,8.1e-7
1774113420000,8.1e-7
1774116060000,8.2e-7
1774117440000,8.1e-7
1774117680000,8.2e-7
1774118100000,8.1e-7
1774119060000,8.2e-7
1774121880000,8.2e-7
1774123260000,8.2e-7
1774123320000,8.2e-7
1774125000000,8.1e-7
1774125720000,8.2e-7
1774128420000,8.3e-7
1774130400000,8.2e-7
1774130520000,8.2e-7
1774130760000,8.3e-7
1774132500000,8.3e-7
1774133040000,8.3e-7
1774134180000,8.3e-7
1774134720000,8.3e-7
1774136820000,8.2e-7
1774136880000,8.2e-7
1774136940000,8.1e-7
1774137060000,8e-7
1774137120000,8e-7
1774137240000,7.8e-7
1774137300000,7.7e-7
1774139700000,7.6e-7
1774140780000,7.5e-7
1774141200000,7.7e-7
1774144020000,7.7e-7
1774146480000,7.7e-7
1774146540000,7.6e-7
1774147500000,7.7e-7
1774148400000,7.8e-7
1774148580000,7.7e-7
1774149060000,7.9e-7
1774150080000,7.8e-7
1774150140000,7.8e-7
1774150500000,7.7e-7
1774151160000,7.9e-7
1774152360000,7.8e-7
1774152900000,7.8e-7
1774155600000,7.8e-7
1774156500000,7.8e-7
1774156980000,7.8e-7
1774158420000,7.8e-7
1774159200000,7.8e-7
1774159680000,7.7e-7
1774161900000,7.8e-7
1774165140000,7.8e-7
1774165440000,7.7e-7
1774166340000,7.7e-7
1774166460000,7.6e-7
1774166520000,7.6e-7
1774167420000,7.6e-7
1774167600000,7.5e-7
1774167900000,7.6e-7
1774170360000,7.6e-7
1774170660000,7.6e-7
1774171500000,7.5e-7
1774172100000,7.6e-7
1774175520000,7.6e-7
1774176240000,7.7e-7
1774179540000,7.7e-7
1774180680000,7.7e-7
1774182120000,7.6e-7
1774182360000,7.6e-7
1774183140000,7.7e-7
1774183680000,7.7e-7
1774184040000,7.8e-7
1774184520000,7.7e-7
1774184580000,7.7e-7
1774185360000,7.8e-7
1774186080000,7.8e-7
1774186920000,7.8e-7
1774189980000,7.8e-7
1774190940000,7.8e-7
1774191120000,7.8e-7
1774192620000,7.8e-7
1774194600000,7.8e-7
1774194660000,7.7e-7
1774195440000,7.7e-7
1774198440000,7.7e-7
1774201800000,7.7e-7
1774202460000,7.7e-7
1774202940000,7.8e-7
1774204440000,7.7e-7
1774204560000,7.7e-7
1774205280000,7.8e-7
1774206840000,7.7e-7
1774207800000,7.7e-7
1774208040000,7.8e-7
1774208400000,7.7e-7
1774209780000,7.7e-7
1774211040000,7.7e-7
1774211580000,7.7e-7
1774212780000,7.7e-7
1774213380000,7.6e-7
1774214100000,7.7e-7
1774217340000,7.6e-7
1774217460000,7.8e-7
1774219260000,8e-7
1774220580000,7.9e-7
1774221540000,8e-7
1774223400000,8e-7
1774223520000,7.9e-7
1774224720000,7.8e-7
1774224900000,8e-7
1774225980000,7.9e-7
1774226160000,7.9e-7
1774226400000,7.8e-7
1774228800000,7.7e-7
1774230540000,7.6e-7
1774230780000,7.7e-7
1774231800000,7.6e-7
1774232940000,7.6e-7
1774233840000,7.7e-7
1774234860000,7.6e-7
1774234920000,7.6e-7
1774235520000,7.7e-7
1774239660000,7.8e-7
1774240560000,7.7e-7
1774241040000,7.8e-7
1774242000000,7.8e-7
1774242180000,7.7e-7
1774242840000,7.7e-7
1774243920000,7.6e-7
1774244280000,7.7e-7
1774245660000,7.8e-7
1774247040000,7.7e-7
1774247820000,7.7e-7
1774247880000,7.6e-7
1774248120000,7.6e-7
1774248600000,7.6e-7
1774249620000,7.6e-7
1774251780000,7.5e-7
1774253580000,7.5e-7
1774255620000,7.6e-7
1774256580000,7.5e-7
1774256700000,7.4e-7
1774257360000,7.5e-7
1774258500000,7.5e-7
1774259100000,7.6e-7
1774260540000,7.5e-7
1774260660000,7.5e-7
1774261140000,7.6e-7
1774262520000,7.6e-7
1774263960000,7.5e-7
1774264020000,7.6e-7
1774264140000,7.5e-7
1774264200000,7.5e-7
1774266420000,7.4e-7
1774266480000,7.4e-7
1774269420000,7.3e-7
1774270620000,7.3e-7
1774271700000,7.4e-7
1774272600000,7.5e-7
1774273140000,7.4e-7
1774273320000,7.3e-7
1774273440000,7.2e-7
1774274400000,7.2e-7
1774277760000,7.3e-7
1774278780000,7.5e-7
1774280340000,7.4e-7
1774281420000,7.3e-7
1774283400000,7.2e-7
1774284420000,7.1e-7
1774285200000,7e-7
1774285620000,7.1e-7
1774286400000,7.1e-7
1774287060000,7.2e-7
1774287300000,7.1e-7
1774287480000,7e-7
1774289580000,7.1e-7
1774290660000,7.1e-7
1774290900000,7e-7
1774293720000,7.1e-7
1774295580000,7e-7
1774295820000,7e-7
1774297500000,7e-7
1774298160000,7e-7
1774299000000,7.1e-7
1774300800000,7e-7
1774301460000,7.1e-7
1774301640000,7e-7
1774301700000,7e-7
1774301940000,7e-7
1774303260000,6.9e-7
1774303320000,6.9e-7
1774303380000,6.9e-7
1774303800000,6.8e-7
1774304400000,6.8e-7
1774305000000,6.9e-7
1774307520000,6.9e-7
1774308720000,6.9e-7
1774310400000,6.9e-7
1774310940000,7e-7
1774312080000,7e-7
1774312620000,7e-7
1774312740000,7e-7
1774313340000,7.1e-7
1774314600000,7.1e-7
1774316340000,7.1e-7
1774316640000,7e-7
1774318080000,7.1e-7
1774322940000,7.1e-7
1774324380000,7.1e-7
1774326660000,7.1e-7
1774326720000,7.1e-7
1774327620000,7.1e-7
1774329480000,7.2e-7
1774332420000,7.2e-7
1774333500000,7.2e-7
1774333800000,7.2e-7
1774335420000,7.2e-7
1774335780000,7.2e-7
1774335840000,7.1e-7
1774335960000,7.1e-7
1774336200000,7e-7
1774336920000,7e-7
1774339020000,6.9e-7
1774339080000,6.9e-7
1774340100000,6.9e-7
1774340460000,6.9e-7
1774341900000,6.8e-7
1774343460000,6.8e-7
1774343940000,6.9e-7
1774346040000,6.8e-7
1774348080000,6.9e-7
1774350240000,6.8e-7
1774350780000,7e-7
1774352220000,6.9e-7
1774353060000,7e-7
1774354140000,7e-7
1774356120000,7.2e-7
1774357740000,7.1e-7
1774358340000,7.1e-7
1774358520000,7e-7
1774359540000,7e-7
1774359600000,6.9e-7
1774359660000,6.8e-7
1774360320000,6.7e-7
1774361400000,6.8e-7
1774362420000,6.8e-7
1774363560000,6.8e-7
1774363860000,6.9e-7
1774366140000,7e-7
1774368540000,7e-7
1774370220000,7e-7
1774370340000,6.9e-7
1774371120000,7e-7
1774371840000,6.9e-7
1774371900000,6.9e-7
1774372380000,7e-7
1774373820000,7.1e-7
1774374720000,7.2e-7
1774377360000,7.1e-7
1774377480000,7.1e-7
1774377720000,7.2e-7
1774382040000,7.2e-7
1774383660000,7.1e-7
1774383720000,7.1e-7
1774383900000,7e-7
1774383960000,7e-7
1774384320000,7e-7
1774387440000,7e-7
1774388280000,6.9e-7
1774388520000,6.9e-7
1774389060000,7e-7
1774390080000,7e-7
1774390440000,6.9e-7
1774391400000,6.9e-7
1774392300000,6.9e-7
1774394400000,6.9e-7
1774395780000,6.9e-7
1774397340000,6.9e-7
1774397520000,6.8e-7
1774398060000,6.9e-7
1774398720000,7e-7
1774398900000,7e-7
1774401060000,7.1e-7
1774403160000,7.1e-7
1774404000000,7.1e-7
1774404540000,7.2e-7
1774405380000,7.2e-7
1774406640000,7.2e-7
1774407000000,7.3e-7
1774408320000,7.3e-7
1774409040000,7.3e-7
1774409520000,7.3e-7
1774410600000,7.2e-7
1774410780000,7.2e-7
1774411440000,7.3e-7
1774413900000,7.3e-7
1774414560000,7.3e-7
1774414620000,7.3e-7
1774415100000,7.2e-7
1774415220000,7.2e-7
1774415280000,7.1e-7
1774416000000,7.3e-7
1774417140000,7.4e-7
1774419780000,7.3e-7
1774419840000,7.3e-7
1774419960000,7.2e-7
1774420680000,7.3e-7
1774421880000,7.3e-7
1774422000000,7.2e-7
1774422720000,7.3e-7
1774423740000,7.2e-7
1774424640000,7.3e-7
1774424760000,7.3e-7
1774424820000,7.3e-7
1774425540000,7.2e-7
1774426800000,7.2e-7
1774427100000,7.3e-7
1774427580000,7.2e-7
1774428480000,7.3e-7
1774430460000,7.3e-7
1774432440000,7.3e-7
1774434720000,7.4e-7
1774436280000,7.4e-7
1774438260000,7.3e-7
1774438860000,7.4e-7
1774439940000,7.5e-7
1774440900000,7.5e-7
1774441320000,7.5e-7
1774442820000,7.6e-7
1774443360000,7.5e-7
1774444260000,7.6e-7
1774445460000,7.6e-7
1774445760000,7.5e-7
1774446180000,7.6e-7
1774447140000,7.6e-7
1774447620000,7.5e-7
1774448160000,7.6e-7
1774449060000,7.7e-7
1774451160000,7.6e-7
1774451220000,7.6e-7
1774451340000,7.5e-7
1774451760000,7.5e-7
1774452180000,7.7e-7
1774454100000,7.6e-7
1774454640000,7.7e-7
1774455960000,7.6e-7
1774457100000,7.7e-7
1774459800000,7.9e-7
1774460760000,7.9e-7
1774461300000,7.9e-7
1774462860000,7.8e-7
1774463460000,7.9e-7
1774464000000,7.9e-7
1774464840000,8e-7
1774465380000,8.1e-7
1774468620000,8e-7
1774468740000,8.1e-7
1774469400000,8.1e-7
1774470120000,8.1e-7
1774471440000,8.1e-7
1774471980000,8.1e-7
1774474320000,8e-7
1774477380000,8.1e-7
1774477860000,8e-7
1774478040000,8e-7
1774478460000,7.9e-7
1774479180000,8e-7
1774481040000,8.1e-7
1774482480000,8.1e-7
1774484640000,8.2e-7
1774486800000,8.3e-7
1774489260000,8.4e-7
1774490100000,8.4e-7
1774491060000,8.4e-7
1774491300000,8.3e-7
1774491420000,8.3e-7
1774492260000,8.2e-7
1774492380000,8.2e-7
1774492620000,8.1e-7
1774494660000,8.1e-7
1774495320000,8.3e-7
1774497660000,8.4e-7
1774501560000,8.3e-7
1774501920000,8.3e-7
1774502100000,8.2e-7
1774503420000,8.3e-7
1774503840000,8.2e-7
1774503900000,8.1e-7
1774504440000,8e-7
1774506300000,8e-7
1774507380000,8e-7
1774508280000,8.1e-7
1774508760000,8.2e-7
1774509600000,8.2e-7
1774509840000,8.4e-7
1774510320000,8.3e-7
1774510620000,8.4e-7
1774511280000,8.5e-7
1774515300000,8.5e-7
1774515600000,8.6e-7
1774517520000,8.5e-7
1774517580000,8.4e-7
1774518660000,8.5e-7
1774520100000,8.6e-7
1774521180000,8.6e-7
1774521480000,8.6e-7
1774521540000,8.5e-7
1774522320000,8.6e-7
1774523160000,8.6e-7
1774523280000,8.6e-7
1774524240000,8.6e-7
1774525020000,8.6e-7
1774526700000,8.6e-7
1774527000000,8.7e-7
1774528380000,8.7e-7
1774528800000,8.7e-7
1774530480000,8.6e-7
1774531020000,8.6e-7
1774532040000,8.6e-7
1774532100000,8.5e-7
1774532640000,8.7e-7
1774533420000,8.9e-7
1774535220000,9e-7
1774536780000,8.9e-7
1774536840000,8.8e-7
1774537080000,9e-7
1774537740000,8.9e-7
1774538040000,8.8e-7
1774540320000,8.7e-7
1774540620000,8.9e-7
1774541880000,9e-7
1774543560000,9e-7
1774544820000,9e-7
1774545540000,9.1e-7
1774546200000,9e-7
1774546440000,9e-7
1774546740000,9.1e-7
1774547340000,9.1e-7
1774547400000,9e-7
1774547820000,9e-7
1774549200000,8.9e-7
1774549860000,8.8e-7
1774552140000,8.9e-7
1774553220000,8.8e-7
1774553280000,8.8e-7
1774553460000,8.7e-7
1774555740000,8.8e-7
1774555920000,8.8e-7
1774556220000,8.7e-7
1774558380000,8.6e-7
1774558800000,8.6e-7
1774560000000,8.5e-7
1774560420000,8.5e-7
1774561140000,8.5e-7
1774562520000,8.5e-7
1774562940000,8.4e-7
1774563960000,8.4e-7
1774564380000,8.5e-7
1774566480000,8.6e-7
1774567560000,8.6e-7
1774567800000,8.5e-7
1774567920000,8.5e-7
1774568880000,8.5e-7
1774570140000,8.5e-7
1774571820000,8.4e-7
1774574220000,8.4e-7
1774576800000,8.3e-7
1774577040000,8.3e-7
1774579080000,8.4e-7
1774579860000,8.5e-7
1774580880000,8.4e-7
1774581660000,8.5e-7
1774584060000,8.5e-7
1774584120000,8.4e-7
1774584360000,8.4e-7
1774585080000,8.5e-7
1774588080000,8.4e-7
1774588140000,8.4e-7
1774588200000,8.4e-7
1774588440000,8.3e-7
1774588500000,8.3e-7
1774588980000,8.5e-7
1774590060000,8.4e-7
1774592520000,8.5e-7
1774592940000,8.4e-7
1774594020000,8.4e-7
1774595280000,8.4e-7
1774595460000,8.5e-7
1774597140000,8.4e-7
1774597800000,8.5e-7
1774598700000,8.6e-7
1774600260000,8.5e-7
1774600440000,8.4e-7
1774600500000,8.4e-7
1774600560000,8.3e-7
1774600620000,8.2e-7
1774600680000,8e-7
1774601400000,8.3e-7
1774607880000,8.2e-7
1774607940000,8.2e-7
1774608120000,8.2e-7
1774611720000,8.2e-7
1774615500000,8.1e-7
1774615680000,8.3e-7
1774617300000,8.3e-7
1774617960000,8.3e-7
1774618500000,8.2e-7
1774618620000,8.2e-7
1774621260000,8.1e-7
1774621320000,8e-7
1774621980000,8.1e-7
1774623480000,8.1e-7
1774625040000,8.1e-7
1774625820000,8e-7
1774627500000,7.9e-7
1774627560000,7.8e-7
1774629660000,7.9e-7
1774629900000,7.8e-7
1774629960000,7.8e-7
1774630320000,7.9e-7
1774631220000,7.9e-7
1774631820000,8e-7
1774633380000,7.9e-7
1774633440000,7.8e-7
1774634040000,7.8e-7
1774635780000,7.9e-7
1774636200000,8e-7
1774638000000,8.1e-7
1774639020000,8.2e-7
1774639800000,8.1e-7
1774639980000,8.1e-7
1774640460000,8.2e-7
1774641960000,8.1e-7
1774643280000,8.1e-7
1774643520000,8e-7
1774644840000,8e-7
1774647360000,8e-7
1774647600000,8e-7
1774647840000,8.1e-7
1774649340000,8.2e-7
1774650660000,8.2e-7
1774652820000,8.2e-7
1774652880000,8.1e-7
1774653180000,8.2e-7
1774653840000,8.2e-7
1774655100000,8.1e-7
1774655940000,8.1e-7
1774656540000,8.1e-7
1774656840000,8e-7
1774658460000,8.1e-7
1774659480000,8.1e-7
1774660260000,8.1e-7
1774660380000,8.1e-7
1774660860000,8.2e-7
1774661760000,8.1e-7
1774662240000,8.2e-7
1774664160000,8.3e-7
1774665000000,8.3e-7
1774668600000,8.3e-7
1774670460000,8.2e-7
1774670820000,8.2e-7
1774671420000,8.3e-7
1774671660000,8.2e-7
1774672440000,8.3e-7
1774674240000,8.2e-7
1774675440000,8.2e-7
1774676160000,8.3e-7
1774678200000,8.3e-7
1774678620000,8.3e-7
1774678680000,8.2e-7
1774679700000,8.3e-7
1774680780000,8.3e-7
1774681380000,8.3e-7
1774682040000,8.3e-7
1774683060000,8.3e-7
1774684620000,8.3e-7
1774685100000,8.3e-7
1774685340000,8.3e-7
1774688160000,8.3e-7
1774688460000,8.3e-7
1774689960000,8.3e-7
1774692240000,8.3e-7
1774692300000,8.3e-7
1774692840000,8.4e-7
1774694280000,8.3e-7
1774695480000,8.3e-7
1774699620000,8.3e-7
1774700100000,8.2e-7
1774700220000,8.2e-7
1774700940000,8.3e-7
1774701360000,8.2e-7
1774702200000,8.3e-7
1774703880000,8.2e-7
1774704960000,8.2e-7
1774705200000,8.1e-7
1774705260000,8e-7
1774705320000,8e-7
1774707480000,8.1e-7
1774709640000,8.3e-7
1774710960000,8.2e-7
1774711140000,8.2e-7
1774711200000,8.1e-7
1774711860000,8.3e-7
1774716180000,8.2e-7
1774717260000,8.3e-7
1774720980000,8.2e-7
1774722000000,8.3e-7
1774723200000,8.3e-7
1774724460000,8.3e-7
1774725060000,8.2e-7
1774725120000,8.2e-7
1774725180000,8.2e-7
1774727580000,8.2e-7
1774728060000,8.2e-7
1774728300000,8.2e-7
1774729260000,8.2e-7
1774732080000,8.2e-7
1774732140000,8.2e-7
1774732260000,8.1e-7
1774732320000,8.1e-7
1774732800000,8.1e-7
1774735680000,8.1e-7
1774737240000,8.2e-7
1774739220000,8.2e-7
1774739280000,8.1e-7
1774739340000,8.1e-7
1774739400000,8.1e-7
1774739460000,8e-7
1774740300000,8.2e-7
1774742400000,8.3e-7
1774742940000,8.3e-7
1774744200000,8.4e-7
1774745640000,8.4e-7
1774746420000,8.4e-7
1774747380000,8.5e-7
1774748220000,8.4e-7
1774748400000,8.4e-7
1774748640000,8.5e-7
1774750020000,8.4e-7
1774751820000,8.5e-7
1774752600000,8.4e-7
1774754160000,8.4e-7
1774755120000,8.5e-7
1774756860000,8.5e-7
1774757640000,8.6e-7
1774758000000,8.5e-7
1774758720000,8.5e-7
1774760520000,8.5e-7
1774760640000,8.4e-7
1774760700000,8.4e-7
1774760940000,8.4e-7
1774761900000,8.4e-7
1774763400000,8.4e-7
1774763460000,8.4e-7
1774763940000,8.5e-7
1774765380000,8.4e-7
1774765440000,8.4e-7
1774765620000,8.4e-7
1774766700000,8.5e-7
1774768740000,8.5e-7
1774769940000,8.6e-7
1774770660000,8.5e-7
1774771140000,8.6e-7
1774772580000,8.6e-7
1774773660000,8.7e-7
1774774620000,8.6e-7
1774775220000,8.6e-7
1774775640000,8.7e-7
1774776840000,8.6e-7
1774777560000,8.7e-7
1774778880000,8.7e-7
1774779300000,8.7e-7
1774780320000,8.7e-7
1774780680000,8.8e-7
1774782240000,8.8e-7
1774782360000,8.7e-7
1774783380000,8.8e-7
1774784760000,8.8e-7
1774786320000,8.7e-7
1774786500000,8.7e-7
1774787460000,8.7e-7
1774787640000,8.7e-7
1774788420000,8.7e-7
1774789440000,8.8e-7
1774789680000,8.8e-7
1774789740000,8.7e-7
1774790460000,8.8e-7
1774792500000,8.8e-7
1774793400000,8.9e-7
1774793520000,8.8e-7
1774794240000,8.9e-7
1774796220000,9e-7
1774796940000,9.1e-7
1774798020000,9e-7
1774798980000,9e-7
1774800600000,9e-7
1774801080000,9e-7
1774801140000,8.9e-7
1774801620000,9e-7
1774804020000,9e-7
1774804560000,8.9e-7
1774804860000,8.9e-7
1774804920000,8.8e-7
1774806120000,8.8e-7
1774807500000,8.7e-7
1774810680000,8.7e-7
1774812240000,8.8e-7
1774814820000,8.8e-7
1774815600000,8.7e-7
1774815780000,8.7e-7
1774816560000,8.7e-7
1774818480000,8.8e-7
1774819920000,8.7e-7
1774819980000,8.7e-7
1774820460000,8.8e-7
1774821660000,8.7e-7
1774821720000,8.7e-7
1774821780000,8.6e-7
1774821900000,8.5e-7
1774821960000,8.5e-7
1774822560000,8.6e-7
1774824060000,8.5e-7
1774824120000,8.4e-7
1774824300000,8.3e-7
1774824480000,8.3e-7
1774826760000,8.5e-7
1774828200000,8.6e-7
1774829880000,8.5e-7
1774829940000,8.4e-7
1774830420000,8.6e-7
1774832580000,8.5e-7
1774833840000,8.5e-7
1774834080000,8.4e-7
1774834260000,8.3e-7
1774834860000,8.4e-7
1774835580000,8.5e-7
1774838100000,8.5e-7
1774838520000,8.6e-7
1774838700000,8.5e-7
1774838760000,8.4e-7
1774838820000,8.3e-7
1774839660000,8.5e-7
1774840440000,8.5e-7
1774840500000,8.4e-7
1774840800000,8.5e-7
1774841700000,8.6e-7
1774842780000,8.5e-7
1774843560000,8.5e-7
1774843680000,8.4e-7
1774844160000,8.5e-7
1774845300000,8.6e-7
1774846680000,8.5e-7
1774846800000,8.5e-7
1774846860000,8.4e-7
1774847340000,8.3e-7
1774849320000,8.3e-7
1774849740000,8.2e-7
1774851540000,8.2e-7
1774853160000,8.2e-7
1774854240000,8.2e-7
1774854600000,8.2e-7
1774856100000,8.2e-7
1774857000000,8.2e-7
1774857060000,8.1e-7
1774857900000,8.1e-7
1774859940000,8e-7
1774860000000,7.9e-7
1774860480000,8e-7
1774863240000,8e-7
1774865160000,8e-7
1774865880000,8.1e-7
1774867080000,8e-7
1774867800000,8.1e-7
1774869720000,8.1e-7
1774869960000,8.1e-7
1774870020000,8e-7
1774872480000,8e-7
1774872780000,8e-7
1774874760000,8e-7
1774875660000,8.1e-7
1774876200000,8e-7
1774876860000,8e-7
1774877100000,8.1e-7
1774878960000,8e-7
1774879500000,8.1e-7
1774882020000,8.2e-7
1774882440000,8.1e-7
1774882560000,8.1e-7
1774882620000,8e-7
1774883280000,8.1e-7
1774884780000,8.1e-7
1774884900000,8e-7
1774885020000,7.9e-7
1774885740000,8e-7
1774886700000,8e-7
1774887660000,7.9e-7
1774888380000,7.9e-7
1774889880000,8e-7
1774890960000,8e-7
1774891320000,7.9e-7
1774891500000,7.8e-7
1774891560000,7.8e-7
1774892580000,7.9e-7
1774893720000,7.9e-7
1774894980000,7.9e-7
1774895160000,7.8e-7
1774896600000,7.8e-7
1774897620000,7.7e-7
1774898880000,7.6e-7
1774898940000,7.6e-7
1774900440000,7.5e-7
1774901100000,7.4e-7
1774901520000,7.4e-7
1774904940000,7.4e-7
1774905000000,7.3e-7
1774905060000,7.3e-7
1774905120000,7.3e-7
1774905360000,7.2e-7
1774907880000,7.2e-7
1774908180000,7.2e-7
1774908600000,7.2e-7
1774911420000,7.3e-7
1774911720000,7.2e-7
1774911780000,7.2e-7
1774911900000,7.2e-7
1774912320000,7.1e-7
1774916580000,7.1e-7
1774917600000,7.1e-7
1774918260000,7.3e-7
1774919460000,7.3e-7
1774920060000,7.2e-7
1774920240000,7.1e-7
1774920720000,7.1e-7
1774920780000,7e-7
1774920840000,6.9e-7
1774921320000,7.2e-7
1774924260000,7.2e-7
1774925700000,7.3e-7
1774926420000,7.4e-7
1774928040000,7.5e-7
1774928280000,7.4e-7
1774929000000,7.5e-7
1774929600000,7.4e-7
1774930140000,7.5e-7
1774931040000,7.6e-7
1774932300000,7.6e-7
1774932780000,7.7e-7
1774933320000,7.7e-7
1774933800000,7.6e-7
1774934520000,7.7e-7
1774936020000,7.7e-7
1774936440000,7.6e-7
1774937100000,7.6e-7
1774937640000,7.5e-7
1774940460000,7.6e-7
1774941300000,7.6e-7
1774941420000,7.5e-7
1774941480000,7.5e-7
1774942020000,7.6e-7
1774944180000,7.7e-7
1774945620000,7.8e-7
1774946040000,7.7e-7
1774946400000,7.7e-7
1774946700000,7.6e-7
1774947720000,7.6e-7
1774948680000,7.5e-7
1774948980000,7.4e-7
1774950780000,7.4e-7
1774950900000,7.2e-7
1774950960000,7.1e-7
1774951800000,7.4e-7
1774953900000,7.3e-7
1774956240000,7.4e-7
1774959000000,7.6e-7
1774959900000,7.8e-7
1774961280000,7.9e-7
1774962600000,7.8e-7
1774962780000,8e-7
1774963860000,7.9e-7
1774964100000,7.9e-7
1774964400000,7.8e-7
1774964700000,7.7e-7
1774965600000,7.6e-7
1774965840000,7.8e-7
1774967220000,8e-7
1774968060000,7.9e-7
1774968660000,7.8e-7
1774969320000,8e-7
1774972200000,8.1e-7
1774972560000,8.2e-7
1774972860000,8.3e-7
1774974600000,8.4e-7
1774975140000,8.3e-7
1774975200000,8.3e-7
1774975260000,8.2e-7
1774975740000,8.3e-7
1774977240000,8.2e-7
1774977300000,8.1e-7
1774978080000,8.2e-7
1774978920000,8e-7
1774980900000,8e-7
1774987800000,7.9e-7
1774987860000,7.9e-7
1774987920000,7.8e-7
1774987980000,7.7e-7
1774988520000,7.9e-7
1774990860000,8e-7
1774992240000,8.1e-7
1774994160000,8.2e-7
1774995300000,8.3e-7
1774996380000,8.3e-7
1774996800000,8.4e-7
1774998420000,8.4e-7
1774998660000,8.4e-7
1774999200000,8.4e-7
1775000280000,8.3e-7
1775000700000,8.4e-7
1775003400000,8.5e-7
1775004600000,8.4e-7
1775005500000,8.6e-7
1775007420000,8.7e-7
1775008860000,8.7e-7
1775010840000,8.7e-7
1775012700000,8.6e-7
1775012820000,8.6e-7
1775012880000,8.6e-7
1775012940000,8.5e-7
1775013840000,8.6e-7
1775015100000,8.6e-7
1775016060000,8.5e-7
1775018280000,8.5e-7
1775018520000,8.4e-7
1775019360000,8.5e-7
1775020440000,8.6e-7
1775022000000,8.8e-7
1775023020000,8.9e-7
1775025240000,8.8e-7
1775025840000,8.8e-7
1775026020000,8.9e-7
1775028000000,8.8e-7
1775028060000,8.7e-7
1775028360000,8.9e-7
1775029740000,8.9e-7
1775030100000,8.8e-7
1775030880000,8.8e-7
1775031000000,8.7e-7
1775031060000,8.6e-7
1775031660000,8.8e-7
1775032680000,8.7e-7
1775032980000,8.8e-7
1775033700000,8.8e-7
1775034180000,8.8e-7
1775035140000,8.8e-7
1775036220000,8.9e-7
1775036640000,8.8e-7
1775039100000,8.9e-7
1775040000000,9e-7
1775043720000,8.9e-7
1775044980000,8.9e-7
1775046660000,9e-7
1775047020000,8.9e-7
1775047140000,8.9e-7
1775047440000,9.1e-7
1775049000000,9.2e-7
1775050020000,9.1e-7
1775050680000,9.2e-7
1775050920000,9.1e-7
1775050980000,9e-7
1775051580000,9.2e-7
1775053320000,9.1e-7
1775053980000,9.2e-7
1775055180000,9.1e-7
1775056800000,9.2e-7
1775057100000,9.1e-7
1775057940000,9.2e-7
1775059620000,9.1e-7
1775060040000,9.1e-7
1775060520000,9e-7
1775060760000,8.9e-7
1775062500000,9e-7
1775062920000,8.9e-7
1775062980000,8.8e-7
1775063580000,9.2e-7
1775064300000,9.1e-7
1775064420000,8.9e-7
1775064900000,8.8e-7
1775069100000,8.9e-7
1775071200000,9e-7
1775071920000,8.9e-7
1775073000000,8.9e-7
1775073780000,8.8e-7
1775073960000,8.7e-7
1775074080000,8.6e-7
1775074500000,8.5e-7
1775075460000,8.4e-7
1775076000000,8.4e-7
1775079000000,8.5e-7
1775079480000,8.5e-7
1775080260000,8.4e-7
1775080800000,8.6e-7
1775081880000,8.5e-7
1775082180000,8.7e-7
1775085240000,8.7e-7
1775086560000,8.8e-7
1775088780000,8.9e-7
1775089200000,9e-7
1775090460000,8.9e-7
1775090640000,8.8e-7
1775091600000,9e-7
1775091780000,8.9e-7
1775091840000,8.8e-7
1775091900000,8.7e-7
1775092200000,9.1e-7
1775092800000,9.1e-7
1775095620000,9.3e-7
1775096460000,9.2e-7
1775097840000,9.1e-7
1775098320000,9.3e-7
1775100360000,9.2e-7
1775100960000,9.1e-7
1775102340000,9.3e-7
1775102940000,9.3e-7
1775106120000,9.4e-7
1775106900000,9.6e-7
1775107920000,9.6e-7
1775108460000,9.6e-7
1775109300000,9.5e-7
1775109840000,9.6e-7
1775111400000,9.7e-7
1775112180000,9.6e-7
1775113560000,9.6e-7
1775114100000,9.8e-7
1775115060000,9.7e-7
1775115360000,9.7e-7
1775118480000,9.6e-7
1775118780000,9.6e-7
1775119020000,9.5e-7
1775120100000,9.6e-7
1775120640000,9.6e-7
1775121000000,9.7e-7
1775122080000,9.7e-7
1775122920000,9.8e-7
1775124600000,9.7e-7
1775124900000,9.7e-7
1775126520000,9.8e-7
1775127600000,9.8e-7
1775128320000,9.8e-7
1775128500000,9.7e-7
1775130360000,9.6e-7
1775131020000,9.6e-7
1775131680000,9.5e-7
1775132520000,9.6e-7
1775134620000,9.5e-7
1775135640000,9.4e-7
1775135700000,9.4e-7
1775136600000,9.4e-7
1775136900000,9.3e-7
1775137620000,9.6e-7
1775138760000,9.5e-7
1775139360000,9.5e-7
1775140260000,9.4e-7
1775140380000,9.2e-7
1775140500000,9.1e-7
1775140560000,9e-7
1775141040000,9e-7
1775143260000,8.9e-7
1775144160000,9.1e-7
1775144640000,9e-7
1775145060000,9.2e-7
1775146800000,9.1e-7
1775147220000,9.2e-7
1775147820000,9.2e-7
1775149260000,9.1e-7
1775149320000,9e-7
1775149980000,9.2e-7
1775151300000,9.2e-7
1775151480000,9.1e-7
1775152140000,9e-7
1775153280000,8.9e-7
1775153460000,9.1e-7
1775155620000,9.1e-7
1775155980000,9e-7
1775156880000,9.1e-7
1775158320000,9e-7
1775158800000,9.2e-7
1775161140000,9.1e-7
1775161440000,9.3e-7
1775164200000,9.2e-7
1775164260000,9.2e-7
1775164800000,9.4e-7
1775166660000,9.4e-7
1775168040000,9.5e-7
1775168760000,9.5e-7
1775169060000,9.6e-7
1775171160000,9.6e-7
1775171700000,9.7e-7
1775172540000,9.8e-7
1775174940000,9.8e-7
1775175420000,9.8e-7
1775175660000,9.8e-7
1775175720000,9.7e-7
1775175780000,9.7e-7
1775176380000,9.8e-7
1775176920000,9.9e-7
1775178300000,9.9e-7
1775178480000,0.000001
1775179560000,0.000001
1775179620000,9.9e-7
1775180040000,0.00000101
1775181300000,0.00000101
1775182260000,0.00000101
1775182740000,0.000001
1775183220000,0.00000102
1775185440000,0.00000104
1775186820000,0.00000104
1775189760000,0.00000104
1775190000000,0.00000105
1775193420000,0.00000105
1775193480000,0.00000105
1775194020000,0.00000105
1775194320000,0.00000105
1775198220000,0.00000104
1775198280000,0.00000103
1775200620000,0.00000103
1775201700000,0.00000102
1775202660000,0.00000103
1775203740000,0.00000103
1775204220000,0.00000103
1775204820000,0.00000103
1775205600000,0.00000102
1775206140000,0.00000103
1775207640000,0.00000103
1775207760000,0.00000102
1775208060000,0.00000104
1775209980000,0.00000105
1775211060000,0.00000105
1775211480000,0.00000105
1775212200000,0.00000104
1775213040000,0.00000105
1775214000000,0.00000104
1775214060000,0.00000104
1775214180000,0.00000103
1775214540000,0.00000105
1775217360000,0.00000106
1775217660000,0.00000105
1775218200000,0.00000106
1775219400000,0.00000106
1775219820000,0.00000105
1775220600000,0.00000104
1775221320000,0.00000102
1775224380000,0.00000103
1775226060000,0.00000103
1775226900000,0.00000104
1775227980000,0.00000103
1775228160000,0.00000103
1775228640000,0.00000102
1775230320000,0.00000104
1775232660000,0.00000103
1775234160000,0.00000104
1775234880000,0.00000105
1775236500000,0.00000105
1775236560000,0.00000104
1775236620000,0.00000104
1775236680000,0.00000103
1775237460000,0.00000105
1775239140000,0.00000106
1775240040000,0.00000106
1775240400000,0.00000106
1775240940000,0.00000107
1775243040000,0.00000106
1775243520000,0.00000106
1775245620000,0.00000106
1775246280000,0.00000106
1775247480000,0.00000107
1775250240000,0.00000107
1775251020000,0.00000106
1775252580000,0.00000105
1775253000000,0.00000105
1775253060000,0.00000107
1775254800000,0.00000107
1775259000000,0.00000107
1775259060000,0.00000106
1775261340000,0.00000106
1775262060000,0.00000107
1775263980000,0.00000107
1775264220000,0.00000106
1775265120000,0.00000107
1775265420000,0.00000106
1775266980000,0.00000107
1775267760000,0.00000107
1775268240000,0.00000107
1775268720000,0.00000108
1775269980000,0.00000107
1775270400000,0.00000108
1775271480000,0.00000108
1775272200000,0.00000108
1775277240000,0.00000108
1775277840000,0.00000108
1775279340000,0.00000109
1775281140000,0.00000109
1775282160000,0.00000109
1775283180000,0.00000109
1775283600000,0.00000109
1775284020000,0.0000011
1775285340000,0.0000011
1775285580000,0.00000109
1775286060000,0.0000011
1775288040000,0.0000011
1775288640000,0.0000011
1775290140000,0.00000111
1775291520000,0.00000111
1775291640000,0.00000111
1775292480000,0.0000011
1775292840000,0.0000011
1775293680000,0.0000011
1775295120000,0.00000111
1775296140000,0.00000111
1775296860000,0.0000011
1775297400000,0.00000111
1775298660000,0.00000112
1775299080000,0.00000113
1775300100000,0.00000113
1775301840000,0.00000113
1775301960000,0.00000113
1775302020000,0.00000114
1775306520000,0.00000113
1775306760000,0.00000113
1775309400000,0.00000114
1775309820000,0.00000115
1775311500000,0.00000116
1775312640000,0.00000116
1775313060000,0.00000116
1775313540000,0.00000116
1775313600000,0.00000115
1775313660000,0.00000115
1775314080000,0.00000116
1775314740000,0.00000115
1775314920000,0.00000115
1775314980000,0.00000114
1775315040000,0.00000113
1775315160000,0.00000112
1775315220000,0.0000011
1775315280000,0.00000109
1775318280000,0.00000108
1775318460000,0.00000108
1775318580000,0.00000107
1775319960000,0.00000107
1775320080000,0.00000106
1775320860000,0.00000107
1775322000000,0.00000106
1775322060000,0.00000105
1775322780000,0.00000106
1775325720000,0.00000106
1775325960000,0.00000106
1775326980000,0.00000107
1775329080000,0.00000108
1775329320000,0.00000107
1775329380000,0.00000107
1775330100000,0.00000106
1775332200000,0.00000107
1775332980000,0.00000106
1775333040000,0.00000106
1775333100000,0.00000105
1775333580000,0.00000106
1775336220000,0.00000107
1775336700000,0.00000106
1775336820000,0.00000106
1775336940000,0.00000106
1775343780000,0.00000105
1775344020000,0.00000105
1775346240000,0.00000105
1775346780000,0.00000105
1775348700000,0.00000106
1775350020000,0.00000106
1775350620000,0.00000106
1775352060000,0.00000106
1775354280000,0.00000105
1775354460000,0.00000105
1775354520000,0.00000105
1775355360000,0.00000105
1775356680000,0.00000106
1775358960000,0.00000106
1775359200000,0.00000106
1775359860000,0.00000106
1775360520000,0.00000106
1775362080000,0.00000106
1775363640000,0.00000106
1775364660000,0.00000107
1775365020000,0.00000108
1775365860000,0.00000108
1775366460000,0.00000108
1775367240000,0.00000109
1775368200000,0.00000109
1775369220000,0.00000109
1775369340000,0.00000108
1775369400000,0.00000107
1775369520000,0.00000107
1775369580000,0.00000106
1775369640000,0.00000105
1775372400000,0.00000106
1775374260000,0.00000105
1775375220000,0.00000105
1775379240000,0.00000105
1775379420000,0.00000106
1775379780000,0.00000105
1775380380000,0.00000106
1775381520000,0.00000107
1775385360000,0.00000107
1775385420000,0.00000106
1775385900000,0.00000107
1775388660000,0.00000108
1775390400000,0.00000107
1775391120000,0.00000107
1775391960000,0.00000107
1775392260000,0.00000106
1775392380000,0.00000106
1775392500000,0.00000105
1775395500000,0.00000104
1775395740000,0.00000104
1775395980000,0.00000106
1775397420000,0.00000105
1775397660000,0.00000105
1775398380000,0.00000106
1775400360000,0.00000107
1775401560000,0.00000106
1775401620000,0.00000106
1775401980000,0.00000107
1775402760000,0.00000107
1775402880000,0.00000106
1775402940000,0.00000105
1775403000000,0.00000104
1775403060000,0.00000103
1775404740000,0.00000103
1775404980000,0.00000103
1775407080000,0.00000104
1775408040000,0.00000103
1775408700000,0.00000104
1775408940000,0.00000103
1775409540000,0.00000104
1775411280000,0.00000104
1775412060000,0.00000105
1775413980000,0.00000104
1775414160000,0.00000104
1775416740000,0.00000103
1775417280000,0.00000104
1775418120000,0.00000104
1775419200000,0.00000103
1775420820000,0.00000104
1775421480000,0.00000103
1775422140000,0.00000103
1775423520000,0.00000103
1775423580000,0.00000102
1775424300000,0.00000101
1775425380000,0.00000101
1775427180000,0.000001
1775428080000,0.00000102
1775428980000,0.00000101
1775429100000,0.000001
1775429160000,9.9e-7
1775429820000,9.8e-7
1775430900000,9.7e-7
1775430960000,9.6e-7
1775431020000,9.5e-7
1775431920000,9.3e-7
1775433660000,9.2e-7
1775433720000,9.3e-7
1775436000000,9.3e-7
1775438040000,9.3e-7
1775438460000,9.2e-7
1775439300000,9.3e-7
1775440440000,9.4e-7
1775441460000,9.3e-7
1775441520000,9.2e-7
1775442300000,9.4e-7
1775443260000,9.5e-7
1775444640000,9.5e-7
1775444700000,9.4e-7
1775445540000,9.4e-7
1775446320000,9.4e-7
1775447400000,9.5e-7
1775448120000,9.5e-7
1775448420000,9.6e-7
1775450220000,9.6e-7
1775452380000,9.6e-7
1775453460000,9.7e-7
1775454780000,9.7e-7
1775455560000,9.8e-7
1775456160000,0.000001
1775456460000,9.9e-7
1775456520000,9.8e-7
1775456760000,9.8e-7
1775458260000,9.7e-7
1775458860000,9.8e-7
1775459820000,9.7e-7
1775460120000,9.7e-7
1775460600000,9.8e-7
1775461740000,0.000001
1775462760000,0.00000101
1775463900000,0.000001
1775465220000,0.00000101
1775466720000,0.00000101
1775466840000,0.000001
1775466960000,9.9e-7
1775467080000,9.8e-7
1775467260000,9.8e-7
1775471220000,9.8e-7
1775471760000,9.8e-7
1775472360000,9.9e-7
1775474340000,9.9e-7
1775476200000,0.000001
1775476740000,0.000001
1775477460000,0.000001
1775478120000,0.000001
1775479680000,0.00000101
1775480580000,0.00000101
1775482200000,0.00000101
1775484540000,0.00000102
1775485500000,0.00000103
1775486340000,0.00000102
1775487120000,0.00000104
1775489640000,0.00000105
1775490780000,0.00000104
1775491860000,0.00000105
1775493300000,0.00000106
1775494080000,0.00000105
1775494440000,0.00000107
1775494560000,0.00000107
1775494800000,0.00000106
1775496180000,0.00000107
1775499060000,0.00000106
1775499420000,0.00000106
1775501040000,0.00000105
1775502300000,0.00000105
1775502480000,0.00000104
1775503200000,0.00000105
1775504580000,0.00000105
1775505300000,0.00000106
1775505840000,0.00000105
1775508720000,0.00000105
1775509320000,0.00000104
1775509800000,0.00000104
1775511420000,0.00000104
1775511480000,0.00000103
1775512500000,0.00000103
1775514000000,0.00000102
1775514180000,0.00000102
1775514780000,0.00000101
1775515320000,0.00000101
1775515500000,0.000001
1775515800000,9.9e-7
1775516280000,9.9e-7
1775516460000,9.8e-7
1775516820000,9.7e-7
1775518860000,9.6e-7
1775519880000,9.7e-7
1775520900000,9.8e-7
1775521800000,9.9e-7
1775522580000,0.000001
1775524860000,0.000001
1775526600000,9.9e-7
1775526660000,9.8e-7
1775526720000,9.8e-7
1775527500000,9.9e-7
1775529120000,9.9e-7
1775529780000,0.000001
1775531820000,0.00000101
1775532960000,0.00000101
1775535780000,0.00000101
1775536440000,0.00000101
1775537220000,0.00000101
1775537700000,0.00000101
1775538900000,0.00000101
1775538960000,0.00000101
1775540580000,0.000001
1775540700000,0.000001
1775541540000,0.000001
1775542500000,0.000001
1775543040000,0.00000101
1775546160000,0.000001
1775546520000,0.000001
1775548920000,9.9e-7
1775549460000,9.9e-7
1775550180000,9.8e-7
1775550240000,9.8e-7
1775550420000,9.9e-7
1775552580000,9.9e-7
1775552940000,9.8e-7
1775553120000,9.8e-7
1775556360000,9.7e-7
1775556540000,9.7e-7
1775556600000,9.6e-7
1775557200000,9.7e-7
1775557560000,9.7e-7
1775558280000,9.6e-7
1775559180000,9.5e-7
1775560800000,9.4e-7
1775561160000,9.7e-7
1775563200000,9.7e-7
1775563620000,9.7e-7
1775563680000,9.6e-7
1775564280000,9.9e-7
1775565900000,9.8e-7
1775566500000,9.8e-7
1775566980000,9.9e-7
1775568600000,0.000001
1775569920000,0.00000101
1775571540000,0.00000102
1775574120000,0.00000102
1775574660000,0.00000103
1775576280000,0.00000103
1775577780000,0.00000102
1775578080000,0.00000103
1775582580000,0.00000103
1775583000000,0.00000102
1775583060000,0.00000101
1775583420000,0.00000101
1775583900000,0.00000105
1775585940000,0.00000105
1775587320000,0.00000105
1775587980000,0.00000104
1775588220000,0.00000106
1775588880000,0.00000105
1775589300000,0.00000104
1775589360000,0.00000103
1775589600000,0.00000102
1775590860000,0.00000101
1775591100000,0.000001
1775592060000,9.9e-7
1775594640000,0.000001
1775595960000,9.9e-7
1775596020000,9.8e-7
1775596260000,9.7e-7
1775596860000,0.000001
1775598900000,0.00000102
1775599800000,0.00000105
1775601180000,0.00000103
1775601300000,0.00000102
1775601420000,0.000001
1775601480000,0.000001
1775602740000,9.9e-7
1775602800000,9.7e-7
1775603220000,9.7e-7
1775604180000,9.6e-7
1775604540000,9.4e-7
1775604600000,9.4e-7
1775606520000,9.6e-7
1775607720000,9.4e-7
1775608260000,9.3e-7
1775608440000,9.2e-7
1775608860000,9.4e-7
1775610960000,9.5e-7
1775614560000,9.5e-7
1775615880000,9.6e-7
1775617020000,9.7e-7
1775618460000,9.8e-7
1775619480000,9.8e-7
1775620740000,9.9e-7
1775621100000,9.8e-7
1775622120000,9.9e-7
1775623560000,0.000001
1775623920000,0.000001
1775623980000,9.9e-7
1775624520000,9.8e-7
1775627700000,9.8e-7
1775627820000,9.7e-7
1775628000000,9.6e-7
1775628060000,9.6e-7
1775628600000,9.8e-7
1775631060000,9.9e-7
1775631720000,9.8e-7
1775631780000,9.8e-7
1775631900000,9.8e-7
1775632380000,9.9e-7
1775635200000,9.8e-7
1775636280000,9.8e-7
1775637000000,9.8e-7
1775637360000,9.9e-7
1775637840000,0.000001
1775638740000,0.000001
1775638860000,9.9e-7
1775639340000,0.000001
1775641380000,0.000001
1775641800000,0.000001
1775642940000,0.00000101
1775643540000,0.00000102
1775646000000,0.00000102
1775646300000,0.00000102
1775646960000,0.00000102
1775647260000,0.00000104
1775647740000,0.00000105
1775648940000,0.00000106
1775650740000,0.00000107
1775650860000,0.00000106
1775651520000,0.00000107
1775652780000,0.00000108
1775653560000,0.00000109
1775653800000,0.0000011
1775655480000,0.00000109
1775655600000,0.00000108
1775656080000,0.0000011
1775657340000,0.00000108
1775657760000,0.00000111
1775658720000,0.00000109
1775658900000,0.00000108
1775659620000,0.00000108
1775662260000,0.00000109
1775666040000,0.00000108
1775667300000,0.00000108
1775668020000,0.00000108
1775668380000,0.00000108
1775668800000,0.00000108
1775669460000,0.0000011
1775670720000,0.00000112
1775671920000,0.00000111
1775672280000,0.0000011
1775672340000,0.0000011
1775672580000,0.00000109
1775673900000,0.00000108
1775675400000,0.00000109
1775675880000,0.0000011
1775676300000,0.00000111
1775677200000,0.00000112
1775678400000,0.00000112
1775678820000,0.00000111
1775680680000,0.0000011
1775682600000,0.0000011
1775682660000,0.00000109
1775682720000,0.00000109
1775682780000,0.00000109
1775683620000,0.00000108
1775684220000,0.00000109
1775685720000,0.00000109
1775686140000,0.00000108
1775686860000,0.00000107
1775687220000,0.00000107
1775687400000,0.00000106
1775687640000,0.00000108
1775688900000,0.00000108
1775689200000,0.00000107
1775689260000,0.00000106
1775689440000,0.00000106
1775690220000,0.00000105
1775693160000,0.00000106
1775694780000,0.00000105
1775696100000,0.00000106
1775696820000,0.00000105
1775696880000,0.00000104
1775697600000,0.00000105
1775698380000,0.00000105
1775698680000,0.00000106
1775704500000,0.00000106
1775704800000,0.00000106
1775707080000,0.00000107
1775709060000,0.00000108
1775711100000,0.00000109
1775712900000,0.00000108
1775713140000,0.00000108
1775713620000,0.00000108
1775715240000,0.00000109
1775716380000,0.00000111
1775718120000,0.0000011
1775718960000,0.0000011
1775720520000,0.00000111
1775721840000,0.00000112
1775724300000,0.00000111
1775724540000,0.00000112
1775726220000,0.00000114
1775727540000,0.00000113
1775727660000,0.00000113
1775728380000,0.00000114
1775729280000,0.00000115
1775730660000,0.00000116
1775731860000,0.00000117
1775733000000,0.00000116
1775733120000,0.00000116
1775733420000,0.00000115
1775734260000,0.00000117
1775737320000,0.00000116
1775737560000,0.00000117
1775737920000,0.00000118
1775741220000,0.00000119
1775741400000,0.00000118
1775741460000,0.00000118
1775741520000,0.00000119
1775742660000,0.00000118
1775743080000,0.0000012
1775744220000,0.00000122
1775744820000,0.00000121
1775745300000,0.00000122
1775747640000,0.00000121
1775747700000,0.0000012
1775748420000,0.00000122
1775748780000,0.00000121
1775748840000,0.00000119
1775749020000,0.00000118
1775749080000,0.00000119
1775750940000,0.00000121
1775752380000,0.0000012
1775752680000,0.00000119
1775753340000,0.00000117
1775754000000,0.00000116
1775754060000,0.00000115
1775754180000,0.00000114
1775755200000,0.00000115
1775755740000,0.00000116
1775756100000,0.00000119
1775756280000,0.00000117
1775757180000,0.00000116
1775757720000,0.00000117
1775757960000,0.00000119
1775759700000,0.00000121
1775760420000,0.0000012
1775762580000,0.00000119
1775763000000,0.00000122
1775763900000,0.00000121
1775766060000,0.0000012
1775767560000,0.00000119
1775767920000,0.0000012
1775768760000,0.0000012
1775768820000,0.00000119
1775768940000,0.00000122
1775771640000,0.00000123
1775772840000,0.00000122
1775772960000,0.00000121
1775773020000,0.0000012
1775773740000,0.00000125
1775775720000,0.00000124
1775776380000,0.00000123
1775776560000,0.00000122
1775777400000,0.00000121
1775778180000,0.00000122
1775779680000,0.00000121
1775780340000,0.0000012
1775780880000,0.00000121
1775783520000,0.00000121
1775784060000,0.00000122
1775784960000,0.00000121
1775786400000,0.0000012
1775786940000,0.00000122
1775788200000,0.00000122
1775789340000,0.00000122
1775789460000,0.00000121
1775789580000,0.00000121
1775789940000,0.00000122
1775791380000,0.00000122
1775791440000,0.00000121
1775791560000,0.0000012
1775791680000,0.0000012
1775795460000,0.00000121
1775796720000,0.0000012
1775796780000,0.0000012
1775797620000,0.00000121
1775798340000,0.00000121
1775798700000,0.00000121
1775799720000,0.00000121
1775800200000,0.00000121
1775800500000,0.00000121
1775801040000,0.00000121
1775802780000,0.00000121
1775803080000,0.00000121
1775807460000,0.0000012
1775807520000,0.0000012
1775808540000,0.00000121
1775810580000,0.00000121
1775810940000,0.00000121
1775811960000,0.0000012
1775812920000,0.00000119
1775813760000,0.0000012
1775814960000,0.0000012
1775815020000,0.00000119
1775815560000,0.0000012
1775816640000,0.00000119
1775818320000,0.00000119
1775818920000,0.00000119
1775819700000,0.00000118
1775820960000,0.00000119
1775821440000,0.0000012
1775823660000,0.00000119
1775823780000,0.00000121
1775824140000,0.00000121
1775824680000,0.0000012
1775825640000,0.00000122
1775827980000,0.00000121
1775828820000,0.00000123
1775829900000,0.00000122
1775830800000,0.0000012
1775831100000,0.00000119
1775832660000,0.00000121
1775834760000,0.00000123
1775836620000,0.00000122
1775837280000,0.00000124
1775839980000,0.00000123
1775840280000,0.00000122
1775842680000,0.00000122
1775843100000,0.00000123
1775844180000,0.00000123
1775847180000,0.00000123
1775847240000,0.00000122
1775847960000,0.00000122
1775848800000,0.00000123
1775850660000,0.00000123
1775851140000,0.00000122
1775853060000,0.00000122
1775853540000,0.00000121
1775854560000,0.00000121
1775855100000,0.00000122
1775855580000,0.00000121
1775858280000,0.00000121
1775860620000,0.0000012
1775860800000,0.0000012
1775861640000,0.00000121
1775863800000,0.00000121
1775865720000,0.00000122
1775865900000,0.00000121
1775866020000,0.00000121
1775866560000,0.00000122
1775868600000,0.00000123
1775870940000,0.00000124
1775871420000,0.00000125
1775874240000,0.00000125
1775874660000,0.00000125
1775875260000,0.00000126
1775877840000,0.00000126
1775878500000,0.00000126
1775878680000,0.00000125
1775879700000,0.00000125
1775880300000,0.00000126
1775881800000,0.00000127
1775884380000,0.00000126
1775884440000,0.00000126
1775884500000,0.00000125
1775885160000,0.00000126
1775887560000,0.00000126
1775889180000,0.00000126
1775891820000,0.00000126
1775892060000,0.00000126
1775892240000,0.00000126
1775895180000,0.00000125
1775896080000,0.00000126
1775897640000,0.00000125
1775898960000,0.00000125
1775899020000,0.00000125
1775899260000,0.00000124
1775900040000,0.00000126
1775901720000,0.00000126
1775902320000,0.00000125
1775902620000,0.00000125
1775904240000,0.00000124
1775904840000,0.00000125
1775906280000,0.00000125
1775908380000,0.00000125
1775908440000,0.00000124
1775908500000,0.00000124
1775908920000,0.00000125
1775910420000,0.00000125
1775911380000,0.00000125
1775911440000,0.00000125
1775911500000,0.00000124
1775911560000,0.00000124
1775911620000,0.00000124
1775913060000,0.00000123
1775913480000,0.00000125
1775916420000,0.00000127
1775918100000,0.00000128
1775920560000,0.00000128
1775920620000,0.00000127
1775921460000,0.00000126
1775924400000,0.00000128
1775925540000,0.00000127
1775925600000,0.00000127
1775925660000,0.00000126
1775925900000,0.00000125
1775929320000,0.00000125
1775930580000,0.00000125
1775931180000,0.00000126
1775932560000,0.00000125
1775933520000,0.00000127
1775934360000,0.00000126
1775934900000,0.00000125
1775935140000,0.00000127
1775936700000,0.00000128
1775937780000,0.00000127
1775938800000,0.00000126
1775939400000,0.00000125
1775939520000,0.00000125
1775940240000,0.00000126
1775941200000,0.00000127
1775943000000,0.00000126
1775943420000,0.00000127
1775946300000,0.0000013
1775948100000,0.00000131
1775948820000,0.0000013
1775948940000,0.00000129
1775949000000,0.00000128
1775951940000,0.00000128
1775952360000,0.0000013
1775954700000,0.0000013
1775956680000,0.0000013
1775957580000,0.00000129
1775957640000,0.00000128
1775957700000,0.00000127
1775957760000,0.00000126
1775957940000,0.00000125
1775960160000,0.00000123
1775960700000,0.00000126
1775963220000,0.00000127
1775963460000,0.00000126
1775963880000,0.00000127
1775965260000,0.00000128
1775966700000,0.00000129
1775967600000,0.0000013
1775969820000,0.00000131
1775973900000,0.0000013
1775979420000,0.0000013
1775980020000,0.00000131
1775981700000,0.00000131
1775982180000,0.00000132
1775983980000,0.00000131
1775986380000,0.00000132
1775988360000,0.00000132
1775988600000,0.00000133
1775991240000,0.00000132
1775991300000,0.00000132
1775992020000,0.00000133
1775996640000,0.00000133
1775996700000,0.00000132
1775997000000,0.00000132
1775997120000,0.00000134
1775998860000,0.00000133
1776000600000,0.00000133
1776000780000,0.00000134
1776003900000,0.00000135
1776004260000,0.00000135
1776004320000,0.00000134
1776004680000,0.00000133
1776005700000,0.00000135
1776009360000,0.00000135
1776009840000,0.00000135
1776010020000,0.00000136
1776016200000,0.00000136
1776016320000,0.00000136
1776017100000,0.00000135
1776018120000,0.00000136
1776021000000,0.00000136
1776021240000,0.00000136
1776023220000,0.00000136
1776024120000,0.00000137
1776025500000,0.00000136
1776026160000,0.00000136
1776026340000,0.00000136
1776026400000,0.00000135
1776026520000,0.00000135
1776026580000,0.00000134
1776027660000,0.00000134
1776028020000,0.00000136
1776028380000,0.00000135
1776028500000,0.00000137
1776029880000,0.00000138
1776031320000,0.00000137
1776031440000,0.00000136
1776032820000,0.00000135
1776035520000,0.00000134
1776035760000,0.00000133
1776036480000,0.00000135
1776037920000,0.00000134
1776038400000,0.00000135
1776038940000,0.00000134
1776039600000,0.00000136
1776040140000,0.00000137
1776040980000,0.00000138
1776041580000,0.00000137
1776042060000,0.00000136
1776043680000,0.00000137
1776045600000,0.00000136
1776045960000,0.00000138
1776047040000,0.00000139
1776047640000,0.00000141
1776049440000,0.00000142
1776050580000,0.00000143
1776052320000,0.00000145
1776053100000,0.00000145
1776054660000,0.00000145
1776055320000,0.00000144
1776055980000,0.00000144
1776056760000,0.00000143
1776057180000,0.00000142
1776058740000,0.00000142
1776058920000,0.00000142
1776060060000,0.00000142
1776060240000,0.00000141
1776060420000,0.0000014
1776061140000,0.0000014
1776061440000,0.00000139
1776064860000,0.00000138
1776065040000,0.00000138
1776067560000,0.00000138
1776068220000,0.00000137
1776070440000,0.00000138
1776070860000,0.00000138
1776070920000,0.00000137
1776071340000,0.00000139
1776074940000,0.00000139
1776076500000,0.00000139
1776076620000,0.00000139
1776078180000,0.00000141
1776080280000,0.00000142
1776080760000,0.00000141
1776080880000,0.00000142
1776082080000,0.00000142
1776082320000,0.00000141
1776083040000,0.00000142
1776083640000,0.00000144
1776084660000,0.00000143
1776084780000,0.00000142
1776084840000,0.00000141
1776085620000,0.00000144
1776087660000,0.00000147
1776088140000,0.00000145
1776088560000,0.00000146
1776090660000,0.00000148
1776091620000,0.00000147
1776092400000,0.00000145
1776094200000,0.00000144
1776094680000,0.00000142
1776096300000,0.00000145
1776096900000,0.00000143
1776097200000,0.00000142
1776098460000,0.00000144
1776098940000,0.00000145
1776100140000,0.00000147
1776100440000,0.00000148
1776101400000,0.00000147
1776101460000,0.00000146
1776101940000,0.00000148
1776102780000,0.00000147
1776104640000,0.00000146
1776104820000,0.00000145
1776105180000,0.00000148
1776108180000,0.00000147
1776108660000,0.00000146
1776109980000,0.00000145
1776110640000,0.00000146
1776113100000,0.00000148
1776115020000,0.00000149
1776116700000,0.0000015
1776118020000,0.00000149
1776118260000,0.00000148
1776118440000,0.00000147
1776118500000,0.00000145
1776118560000,0.00000143
1776118800000,0.00000143
1776120900000,0.00000141
1776121260000,0.00000144
1776122820000,0.00000144
1776124440000,0.00000146
1776127800000,0.00000145
1776131760000,0.00000146
1776132300000,0.00000146
1776132720000,0.00000146
1776133980000,0.00000145
1776135420000,0.00000146
1776137340000,0.00000146
1776139260000,0.00000145
1776140340000,0.00000145
1776141060000,0.00000145
1776141660000,0.00000144
1776142140000,0.00000145
1776142800000,0.00000145
1776145800000,0.00000144
1776145920000,0.00000144
1776146160000,0.00000143
1776146580000,0.00000145
1776147780000,0.00000144
1776148140000,0.00000146
1776149580000,0.00000145
1776149700000,0.00000145
1776150420000,0.00000146
1776150900000,0.00000147
1776153900000,0.00000148
1776155400000,0.00000148
1776155760000,0.00000147
1776156120000,0.00000149
1776158700000,0.00000148
1776159120000,0.00000149
1776161460000,0.00000149
1776162900000,0.00000148
1776163080000,0.0000015
1776164700000,0.00000149
1776166200000,0.00000149
1776166560000,0.0000015
1776168660000,0.00000152
1776170160000,0.00000153
1776171720000,0.00000153
1776172560000,0.00000153
1776172740000,0.00000153
1776173340000,0.00000154
1776173820000,0.00000153
1776174240000,0.00000151
1776174720000,0.0000015
1776176760000,0.00000153
1776176940000,0.00000151
1776177000000,0.0000015
1776177180000,0.0000015
1776179100000,0.00000148
1776179340000,0.00000146
1776180300000,0.00000148
1776181020000,0.00000146
1776181380000,0.00000145
1776183120000,0.00000143
1776183480000,0.00000142
1776183960000,0.00000144
1776185460000,0.00000143
1776185520000,0.00000142
1776185580000,0.00000141
1776185700000,0.0000014
1776188040000,0.00000139
1776188100000,0.00000138
1776188460000,0.00000141
1776190200000,0.00000143
1776190860000,0.00000142
1776190980000,0.00000141
1776191820000,0.0000014
1776191940000,0.00000139
1776192360000,0.00000138
1776192420000,0.00000137
1776192540000,0.00000136
1776193320000,0.00000138
1776194940000,0.0000014
1776196860000,0.00000141
1776197820000,0.00000142
1776198180000,0.00000141
1776199140000,0.00000142
1776201600000,0.00000143
1776203460000,0.00000144
1776204840000,0.00000146
1776205860000,0.00000145
1776207900000,0.00000144
1776208680000,0.00000143
1776208800000,0.00000143
1776211260000,0.00000144
1776211860000,0.00000146
1776212520000,0.0000015
1776215520000,0.00000151
1776217980000,0.00000153
1776219900000,0.00000152
1776219960000,0.00000151
1776220200000,0.00000151
1776220260000,0.0000015
1776220500000,0.00000149
1776222660000,0.0000015
1776224040000,0.00000151
1776225720000,0.0000015
1776225780000,0.0000015
1776226380000,0.00000151
1776227580000,0.0000015
1776229200000,0.0000015
1776229260000,0.00000149
1776229560000,0.00000152
1776230820000,0.00000151
1776231120000,0.0000015
1776231480000,0.0000015
1776236400000,0.00000151
1776237360000,0.00000153
1776238440000,0.00000154
1776239460000,0.00000153
1776239880000,0.00000154
1776241740000,0.00000154
1776242700000,0.00000155
1776244380000,0.00000157
1776247200000,0.00000158
1776247560000,0.00000157
1776247620000,0.00000157
1776247920000,0.00000158
1776249840000,0.00000157
1776249900000,0.00000157
1776249960000,0.00000156
1776250020000,0.00000155
1776250620000,0.00000158
1776253560000,0.00000157
1776253980000,0.00000156
1776256620000,0.00000156
1776256680000,0.00000155
1776256740000,0.00000154
1776257820000,0.00000155
1776258120000,0.00000154
1776258480000,0.00000156
1776259860000,0.00000159
1776260400000,0.00000161
1776262020000,0.00000163
1776262560000,0.00000162
1776262620000,0.0000016
1776262860000,0.00000158
1776264480000,0.00000161
1776266040000,0.00000164
1776267660000,0.00000168
1776269880000,0.00000166
1776270600000,0.00000168
1776271260000,0.00000167
1776271740000,0.00000169
1776272820000,0.00000168
1776273300000,0.00000171
1776274740000,0.00000174
1776276900000,0.00000173
1776279660000,0.00000174
1776280020000,0.00000173
1776280440000,0.00000174
1776281640000,0.00000173
1776281760000,0.00000172
1776282720000,0.00000174
1776283320000,0.00000173
1776283620000,0.00000172
1776283980000,0.0000017
1776287340000,0.00000169
1776287580000,0.00000168
1776287700000,0.00000167
1776287760000,0.00000166
1776289800000,0.00000165
1776290640000,0.00000164
1776290880000,0.00000163
1776291480000,0.00000166
1776293040000,0.00000169
1776294000000,0.00000167
1776294780000,0.00000166
1776295500000,0.00000167
1776297720000,0.00000169
1776299160000,0.00000168
1776299340000,0.0000017
1776299460000,0.00000169
1776299580000,0.00000168
1776300420000,0.00000169
1776301500000,0.00000169
1776301560000,0.00000168
1776302280000,0.00000171
1776304140000,0.0000017
1776304440000,0.00000171
1776304740000,0.00000173
1776306600000,0.00000172
1776306660000,0.00000171
1776307380000,0.00000169
1776314520000,0.00000169
1776314700000,0.00000171
1776315660000,0.00000172
1776316560000,0.00000174
1776319440000,0.00000174
1776322080000,0.00000175
1776323040000,0.00000175
1776323460000,0.00000176
1776325140000,0.00000175
1776325560000,0.00000175
1776325980000,0.00000174
1776326040000,0.00000173
1776326760000,0.00000172
1776328980000,0.00000171
1776329280000,0.00000173
1776330960000,0.00000173
1776331440000,0.00000172
1776333120000,0.00000173
1776333780000,0.00000172
1776333900000,0.00000171
1776333960000,0.0000017
1776334440000,0.00000169
1776334740000,0.00000168
1776334980000,0.00000172
1776336900000,0.00000174
1776338760000,0.00000174
1776339000000,0.00000173
1776339120000,0.00000174
1776339720000,0.00000176
1776340860000,0.00000175
1776340920000,0.00000175
1776340980000,0.00000174
1776341040000,0.00000173
1776344760000,0.00000173
1776344820000,0.00000172
1776344940000,0.00000171
1776345180000,0.0000017
1776345240000,0.00000169
1776345420000,0.00000168
1776345480000,0.00000167
1776346260000,0.0000017
1776347400000,0.00000168
1776347520000,0.00000166
1776347580000,0.00000164
1776347640000,0.00000162
1776347700000,0.00000163
1776349680000,0.00000164
1776351060000,0.00000163
1776351900000,0.00000163
1776352140000,0.00000161
1776352200000,0.00000159
1776352800000,0.00000157
1776354540000,0.00000163
1776355740000,0.00000165
1776357720000,0.00000165
1776359160000,0.00000167
1776361920000,0.00000165
1776362400000,0.00000164
1776362940000,0.00000167
1776363480000,0.00000165
1776363540000,0.00000163
1776364200000,0.00000167
1776365100000,0.00000165
1776365160000,0.00000163
1776365280000,0.00000161
1776365460000,0.00000159
1776367860000,0.00000158
1776368160000,0.00000157
1776369240000,0.00000156
1776369900000,0.00000154
1776370080000,0.00000157
1776371820000,0.00000156
1776372480000,0.00000159
1776374640000,0.00000157
1776375000000,0.00000156
1776377460000,0.00000158
1776381600000,0.00000159
1776384300000,0.00000161
1776385980000,0.00000162
1776387960000,0.00000162
1776388920000,0.00000161
1776388980000,0.0000016
1776389040000,0.00000159
1776389460000,0.00000158
1776390540000,0.00000157
1776390780000,0.00000156
1776392820000,0.00000155
1776396960000,0.00000155
1776397320000,0.00000156
1776399480000,0.00000156
1776399540000,0.00000155
1776400800000,0.00000154
1776402660000,0.00000153
1776405600000,0.00000152
1776407580000,0.00000152
1776408600000,0.00000151
1776409260000,0.0000015
1776409320000,0.0000015
1776409500000,0.00000149
1776409560000,0.00000148
1776409620000,0.00000148
1776410160000,0.00000149
1776412620000,0.0000015
1776413280000,0.00000149
1776413340000,0.00000149
1776414240000,0.00000148
1776414840000,0.00000147
1776415560000,0.00000149
1776416040000,0.00000147
1776416100000,0.00000146
1776416700000,0.00000148
1776418140000,0.00000147
1776418200000,0.00000148
1776420660000,0.00000147
1776420720000,0.00000146
1776421680000,0.00000145
1776421740000,0.00000144
1776421800000,0.00000143
1776421860000,0.00000142
1776422640000,0.00000141
1776423300000,0.00000143
1776424740000,0.00000142
1776427500000,0.00000143
1776428580000,0.00000142
1776428700000,0.00000145
1776428940000,0.00000147
1776429360000,0.00000149
1776430200000,0.00000148
1776430920000,0.00000147
1776431280000,0.00000145
1776431460000,0.00000144
1776431640000,0.00000142
1776433320000,0.00000144
1776434700000,0.00000147
1776435540000,0.00000149
1776436140000,0.00000152
1776436800000,0.0000015
1776436860000,0.00000148
1776436980000,0.0000015
1776438600000,0.00000153
1776440040000,0.00000155
1776440700000,0.00000158
1776442320000,0.00000157
1776443520000,0.00000159
1776445740000,0.00000158
1776445800000,0.00000156
1776445920000,0.00000155
1776446460000,0.00000155
1776447000000,0.00000159
1776449340000,0.00000158
1776449460000,0.00000156
1776450180000,0.00000158
1776451800000,0.0000016
1776452460000,0.00000162
1776453480000,0.00000161
1776456780000,0.00000162
1776457800000,0.00000161
1776457860000,0.0000016
1776458820000,0.00000162
1776460560000,0.00000163
1776461880000,0.00000163
1776462120000,0.00000165
1776463920000,0.00000165
1776464520000,0.00000167
1776465660000,0.00000166
1776466800000,0.00000166
1776467280000,0.00000165
1776467940000,0.00000164
1776468600000,0.00000167
1776470940000,0.00000168
1776473160000,0.0000017
1776474000000,0.00000172
1776476040000,0.00000171
1776476160000,0.0000017
1776476220000,0.00000169
1776477060000,0.00000169
1776478980000,0.00000168
1776483120000,0.00000167
1776483180000,0.00000168
1776484440000,0.00000167
1776485160000,0.00000169
1776486600000,0.00000168
1776486720000,0.00000167
1776487080000,0.00000169
1776489180000,0.00000168
1776490980000,0.00000169
1776492960000,0.0000017
1776493500000,0.00000169
1776493680000,0.0000017
1776495360000,0.00000171
1776498120000,0.0000017
1776498660000,0.0000017
1776499020000,0.00000171
1776499980000,0.00000171
1776500100000,0.0000017
1776500160000,0.00000169
1776500220000,0.00000168
1776500280000,0.00000167
1776501300000,0.00000165
1776501420000,0.00000164
1776502260000,0.00000165
1776502560000,0.00000163
1776503160000,0.00000165
1776503520000,0.00000167
1776506220000,0.00000168
1776506640000,0.00000167
1776506880000,0.00000166
1776507540000,0.00000168
1776509040000,0.00000167
1776509460000,0.00000166
1776510480000,0.00000165
1776511140000,0.00000166
1776512460000,0.00000164
1776512580000,0.00000163
1776517500000,0.00000164
1776518460000,0.00000166
1776519360000,0.00000165
1776519600000,0.00000164
1776520080000,0.00000165
1776520980000,0.00000167
1776522180000,0.00000166
1776524700000,0.00000167
1776525900000,0.00000166
1776527340000,0.00000166
1776528720000,0.00000165
1776531480000,0.00000166
1776532380000,0.00000167
1776534900000,0.00000168
1776535260000,0.00000167
1776535380000,0.00000167
1776536400000,0.00000166
1776536700000,0.00000165
1776537060000,0.00000164
1776537420000,0.00000163
1776537600000,0.00000162
1776540420000,0.00000162
1776540960000,0.00000162
1776547200000,0.00000161
1776547500000,0.00000163
1776549000000,0.00000163
1776549780000,0.00000163
1776550620000,0.00000164
1776551520000,0.00000163
1776551940000,0.00000164
1776555180000,0.00000164
1776555600000,0.00000164
1776557340000,0.00000164
1776557580000,0.00000165
1776558600000,0.00000165
1776558960000,0.00000164
1776559080000,0.00000163
1776559560000,0.00000164
1776560700000,0.00000166
1776562140000,0.00000165
1776563100000,0.00000166
1776564000000,0.00000167
1776565440000,0.00000167
1776565500000,0.00000166
1776566400000,0.00000168
1776567180000,0.0000017
1776571500000,0.00000171
1776571920000,0.00000171
1776571980000,0.0000017
1776572280000,0.0000017
1776573120000,0.00000169
1776573540000,0.00000168
1776574200000,0.0000017
1776576720000,0.0000017
1776577260000,0.00000171
1776579120000,0.0000017
1776579300000,0.00000169
1776579480000,0.00000169
1776582360000,0.00000168
1776582420000,0.00000168
1776582480000,0.00000167
1776582540000,0.00000166
1776582960000,0.00000166
1776583140000,0.00000165
1776583200000,0.00000164
1776583320000,0.00000163
1776584220000,0.00000164
1776585840000,0.00000164
1776586620000,0.00000163
1776588780000,0.00000165
1776590760000,0.00000165
1776590880000,0.00000167
1776591360000,0.00000169
1776592980000,0.00000171
1776595740000,0.0000017
1776595860000,0.0000017
1776596820000,0.00000169
1776596880000,0.00000168
1776596940000,0.00000168
1776598020000,0.00000169
1776599400000,0.00000168
1776599580000,0.00000168
1776600180000,0.00000169
1776600600000,0.0000017
1776601500000,0.00000171
1776603420000,0.00000171
1776603660000,0.0000017
1776603780000,0.00000169
1776603900000,0.00000168
1776604080000,0.00000167
1776604560000,0.00000166
1776604740000,0.00000165
1776604860000,0.00000163
1776605520000,0.00000166
1776607440000,0.00000165
1776607500000,0.00000164
1776607980000,0.00000166
1776608760000,0.00000165
1776608820000,0.00000164
1776609000000,0.00000162
1776610860000,0.00000161
1776611700000,0.00000163
1776612840000,0.00000162
1776612900000,0.00000161
1776612960000,0.0000016
1776613680000,0.00000163
1776617640000,0.00000162
1776618000000,0.0000016
1776618300000,0.00000159
1776620040000,0.00000158
1776621060000,0.00000157
1776621120000,0.00000155
1776622140000,0.00000156
1776625020000,0.00000157
1776626280000,0.00000156
1776626580000,0.00000159
1776628920000,0.00000158
1776628980000,0.00000157
1776629100000,0.00000156
1776629460000,0.00000158
1776629880000,0.00000157
1776630660000,0.00000159
1776631200000,0.00000161
1776631740000,0.0000016
1776634920000,0.0000016
1776635400000,0.0000016
1776635520000,0.00000159
1776635700000,0.00000158
1776636000000,0.00000157
1776636060000,0.00000156
1776636600000,0.00000155
1776637200000,0.00000153
1776637260000,0.00000151
1776637860000,0.00000155
1776639720000,0.00000154
1776640680000,0.00000155
1776642900000,0.00000155
1776643440000,0.00000157
1776644880000,0.00000156
1776645540000,0.00000157
1776647820000,0.00000158
1776648360000,0.00000159
1776648720000,0.00000159
1776649860000,0.00000159
1776650460000,0.00000158
1776650700000,0.00000157
1776651180000,0.00000156
1776651300000,0.00000156
1776652920000,0.00000157
1776654060000,0.00000158
1776654900000,0.00000157
1776656340000,0.00000157
1776656580000,0.00000156
1776657720000,0.00000157
1776658860000,0.00000157
1776659280000,0.00000158
1776660360000,0.00000157
1776660480000,0.00000157
1776661260000,0.00000157
1776661800000,0.00000156
1776661920000,0.00000156
1776664380000,0.00000156
1776666720000,0.00000156
1776666780000,0.00000155
1776667200000,0.00000154
1776667260000,0.00000153
1776667320000,0.00000152
1776667860000,0.00000155
1776669600000,0.00000154
1776669660000,0.00000153
1776669780000,0.00000151
1776670260000,0.00000157
1776672600000,0.00000158
1776673080000,0.00000157
1776673560000,0.00000159
1776676860000,0.00000159
1776678420000,0.00000158
1776680160000,0.00000157
1776682860000,0.00000157
1776684000000,0.00000158
1776684540000,0.00000159
1776685440000,0.00000158
1776685740000,0.0000016
1776686460000,0.00000159
1776686700000,0.00000162
1776687600000,0.00000161
1776688260000,0.00000163
1776688800000,0.00000162
1776689280000,0.00000165
1776690540000,0.00000163
1776690960000,0.00000166
1776691920000,0.00000169
1776692400000,0.00000172
1776694860000,0.0000017
1776694980000,0.00000168
1776696540000,0.00000171
1776696840000,0.00000169
1776696960000,0.00000167
1776697800000,0.00000169
1776698460000,0.00000168
1776698520000,0.00000166
1776698820000,0.00000164
1776700740000,0.00000162
1776701040000,0.00000165
1776703620000,0.00000166
1776704280000,0.00000165
1776705120000,0.00000164
1776705240000,0.00000163
1776706140000,0.00000165
1776707580000,0.00000168
1776713100000,0.00000167
1776715140000,0.00000169
1776715380000,0.00000171
1776716880000,0.00000173
1776718920000,0.00000172
1776719160000,0.00000171
1776719280000,0.00000174
1776721020000,0.00000175
1776722700000,0.00000174
1776723360000,0.00000175
1776724320000,0.00000176
1776726060000,0.00000175
1776727200000,0.00000176
1776728220000,0.00000176
1776730260000,0.00000176
1776730740000,0.00000175
1776732480000,0.00000174
1776732720000,0.00000176
1776734160000,0.00000178
1776735360000,0.00000179
1776737880000,0.0000018
1776738420000,0.00000181
1776739440000,0.00000182
1776740160000,0.00000183
1776741360000,0.00000183
1776741780000,0.00000184
1776742200000,0.00000183
1776742320000,0.00000183
1776745140000,0.00000182
1776745620000,0.00000184
1776748080000,0.00000183
1776748620000,0.00000185
1776752400000,0.00000184
1776752700000,0.00000184
1776753300000,0.00000182
1776754260000,0.00000184
1776754920000,0.00000183
1776755880000,0.00000184
1776756360000,0.00000183
1776756720000,0.00000185
1776759300000,0.00000186
1776760320000,0.00000187
1776761580000,0.0000019
1776762900000,0.00000192
1776763740000,0.00000191
1776766500000,0.00000193
1776768420000,0.00000192
1776768600000,0.00000191
1776769920000,0.0000019
1776770340000,0.00000193
1776771780000,0.00000192
1776772860000,0.00000193
1776775140000,0.00000192
1776775200000,0.00000191
1776775440000,0.0000019
1776778200000,0.00000191
1776778860000,0.00000193
1776778980000,0.00000192
1776780120000,0.00000193
1776780960000,0.00000192
1776781020000,0.0000019
1776781920000,0.00000189
1776782280000,0.00000187
1776782400000,0.00000185
1776782460000,0.00000183
1776783480000,0.00000182
1776783660000,0.0000018
1776785760000,0.00000178
1776787140000,0.00000177
1776787200000,0.00000176
1776787260000,0.00000175
1776787380000,0.00000174
1776789300000,0.00000173
1776789480000,0.00000175
1776790800000,0.00000174
1776791100000,0.00000173
1776791580000,0.00000172
1776791700000,0.0000017
1776791760000,0.00000169
1776791880000,0.00000167
1776791940000,0.00000166
1776793020000,0.00000168
1776793140000,0.00000166
1776793200000,0.00000165
1776793380000,0.00000163
1776795600000,0.00000161
1776796440000,0.00000164
1776797580000,0.00000163
1776797640000,0.00000165
1776798000000,0.00000164
1776800280000,0.00000163
1776800460000,0.00000161
1776800520000,0.0000016
1776801300000,0.00000161
1776802200000,0.0000016
1776802620000,0.00000158
1776805020000,0.0000016
1776805800000,0.00000159
1776805860000,0.00000158
1776806460000,0.00000159
1776807180000,0.00000159
1776809220000,0.00000158
1776809880000,0.00000159
1776812460000,0.00000159
1776812520000,0.00000158
1776812700000,0.00000157
1776812760000,0.00000156
1776813360000,0.00000156
1776815100000,0.00000155
1776815160000,0.00000154
1776816240000,0.00000154
1776816960000,0.00000156
1776817440000,0.00000158
1776820920000,0.0000016
1776823860000,0.00000159
1776824160000,0.00000158
1776824700000,0.00000156
1776826200000,0.00000158
1776827460000,0.00000156
1776827760000,0.0000016
1776829380000,0.00000161
1776831300000,0.0000016
1776832200000,0.00000161
1776832800000,0.00000161
1776833040000,0.00000162
1776834960000,0.00000162
1776835020000,0.00000161
1776835080000,0.0000016
1776835140000,0.00000159
1776835260000,0.00000157
1776836280000,0.00000158
1776839580000,0.0000016
1776841500000,0.00000161
1776843780000,0.00000161
1776844260000,0.0000016
1776846240000,0.00000159
1776846720000,0.00000158
1776848880000,0.00000157
1776848940000,0.00000156
1776849000000,0.00000155
1776850020000,0.00000158
1776852180000,0.00000157
1776853740000,0.00000158
1776854460000,0.00000157
1776855480000,0.00000158
1776856620000,0.00000159
1776858300000,0.00000159
1776859980000,0.00000159
1776860640000,0.0000016
1776861900000,0.00000159
1776861960000,0.00000158
1776863160000,0.00000159
1776863940000,0.00000157
1776864720000,0.00000159
1776865200000,0.00000162
1776865560000,0.0000016
1776868260000,0.00000159
1776868320000,0.00000157
1776868800000,0.00000161
1776870840000,0.0000016
1776871560000,0.00000158
1776871800000,0.00000161
1776873780000,0.00000162
1776874920000,0.00000161
1776875820000,0.00000162
1776876720000,0.00000161
1776877260000,0.00000163
1776880020000,0.00000165
1776882240000,0.00000164
1776884160000,0.00000165
1776884280000,0.00000164
1776884400000,0.00000164
1776884460000,0.00000162
1776885480000,0.00000164
1776886140000,0.00000166
1776886440000,0.00000165
1776886500000,0.00000164
1776887340000,0.00000165
1776888480000,0.00000166
1776889200000,0.00000165
1776893400000,0.00000164
1776893520000,0.00000164
1776893760000,0.00000165
1776895080000,0.00000165
1776895320000,0.00000166
1776895560000,0.00000167
1776896460000,0.00000167
1776898020000,0.00000167
1776898320000,0.00000169
1776899400000,0.0000017
1776900240000,0.00000169
1776901380000,0.0000017
1776902940000,0.00000169
1776903060000,0.00000168
1776903120000,0.00000167
1776903300000,0.00000166
1776903360000,0.00000165
1776903420000,0.00000165
1776906660000,0.00000164
1776907020000,0.00000163
1776907200000,0.00000162
1776907620000,0.00000164
1776908760000,0.00000166
1776911100000,0.00000165
1776911880000,0.00000164
1776912360000,0.00000166
1776914340000,0.00000165
1776915480000,0.00000164
1776915600000,0.00000163
1776915960000,0.00000165
1776918300000,0.00000166
1776919500000,0.00000165
1776920460000,0.00000164
1776920520000,0.00000164
1776920820000,0.00000163
1776922380000,0.00000162
1776922500000,0.00000162
1776922620000,0.00000161
1776924300000,0.0000016
1776925140000,0.00000161
1776927660000,0.00000162
1776929820000,0.00000163
1776930120000,0.00000164
1776930840000,0.00000163
1776931320000,0.00000162
1776932940000,0.00000162
1776935340000,0.00000161
1776935400000,0.0000016
1776935880000,0.00000163
1776937620000,0.00000162
1776938400000,0.00000163
1776939120000,0.00000163
1776939660000,0.00000164
1776942960000,0.00000164
1776943620000,0.00000164
1776944220000,0.00000163
1776944820000,0.00000162
1776945300000,0.00000162
1776945960000,0.00000161
1776948360000,0.0000016
1776948420000,0.00000159
1776949080000,0.0000016
1776950340000,0.0000016
1776952200000,0.00000162
1776952380000,0.0000016
1776954420000,0.00000159
1776955260000,0.0000016
1776956340000,0.00000161
1776956820000,0.0000016
1776957480000,0.00000159
1776957780000,0.00000158
1776959460000,0.0000016
1776961440000,0.00000161
1776963240000,0.00000161
1776963660000,0.0000016
1776963720000,0.00000158
1776963900000,0.00000157
1776965940000,0.00000156
1776966060000,0.00000154
1776966600000,0.00000157
1776966960000,0.00000155
1776969000000,0.00000156
1776970080000,0.00000157
1776970740000,0.00000156
1776970920000,0.00000155
1776971580000,0.00000156
1776972420000,0.00000157
1776974340000,0.00000159
1776975120000,0.0000016
1776977520000,0.0000016
1776978060000,0.0000016
1776978660000,0.00000161
1776979740000,0.0000016
1776979800000,0.0000016
1776980220000,0.00000159
1776981480000,0.00000159
1776981780000,0.0000016
1776983280000,0.0000016
1776983940000,0.0000016
1776985080000,0.0000016
1776985140000,0.00000159
1776985680000,0.00000158
1776986340000,0.0000016
1776988020000,0.0000016
1776988440000,0.00000161
1776990000000,0.0000016
1776992340000,0.00000161
1776992520000,0.0000016
1776992700000,0.00000159
1776992940000,0.00000159
1776995340000,0.00000158
1776995460000,0.00000158
1776996300000,0.00000158
1776999120000,0.00000158
1777000080000,0.00000159
1777000740000,0.00000159
1777001040000,0.00000159
1777001520000,0.00000158
1777002360000,0.00000159
1777004580000,0.00000158
1777004820000,0.00000158
1777005420000,0.00000157
1777005540000,0.00000157
1777005960000,0.00000158
1777007160000,0.00000157
1777009620000,0.00000156
1777010160000,0.00000156
1777012020000,0.00000155
1777012080000,0.00000157
1777016340000,0.00000158
1777018200000,0.00000157
1777018800000,0.00000156
1777019400000,0.00000158
1777021320000,0.00000158
1777021620000,0.00000157
1777022700000,0.00000158
1777024800000,0.0000016
1777026300000,0.00000159
1777027440000,0.00000159
1777028100000,0.00000159
1777028400000,0.00000158
1777028640000,0.00000158
1777028820000,0.00000156
1777029540000,0.00000158
1777030860000,0.00000158
1777031460000,0.00000158
1777031820000,0.00000159
1777032180000,0.00000159
1777032600000,0.00000158
1777032840000,0.00000157
1777035000000,0.00000156
1777035180000,0.00000155
1777037400000,0.00000154
1777038120000,0.00000153
1777038900000,0.00000152
1777039140000,0.00000154
1777041060000,0.00000155
1777043160000,0.00000154
1777043760000,0.00000157
1777044480000,0.00000156
1777044660000,0.00000155
1777045440000,0.00000154
1777045500000,0.00000153
1777046280000,0.00000152
1777048140000,0.00000153
1777048800000,0.00000156
1777051080000,0.00000156
1777052520000,0.00000158
1777053300000,0.00000157
1777053900000,0.00000158
1777054560000,0.00000157
1777054620000,0.00000156
1777055100000,0.00000158
1777057320000,0.00000158
1777057440000,0.00000159
1777059540000,0.0000016
1777061040000,0.00000159
1777061760000,0.0000016
1777062720000,0.00000163
1777062900000,0.00000162
1777062960000,0.00000162
1777064460000,0.00000162
1777066440000,0.00000162
1777067220000,0.00000161
1777068840000,0.00000162
1777069920000,0.00000161
1777070340000,0.00000161
1777070760000,0.00000162
1777073940000,0.00000162
1777075260000,0.00000163
1777076760000,0.00000163
1777077360000,0.00000163
1777080000000,0.00000164
1777082940000,0.00000165
1777083300000,0.00000166
1777085520000,0.00000167
1777086360000,0.00000166
1777089480000,0.00000166
1777093320000,0.00000166
1777093380000,0.00000166
1777093440000,0.00000165
1777094640000,0.00000166
1777095780000,0.00000165
1777096200000,0.00000166
1777097160000,0.00000165
1777097340000,0.00000165
1777097940000,0.00000166
1777098780000,0.00000165
1777099800000,0.00000165
1777099920000,0.00000165
1777100340000,0.00000167
1777103100000,0.00000168
1777105560000,0.00000168
1777105800000,0.00000167
1777105860000,0.00000167
1777106640000,0.00000169
1777108920000,0.00000169
1777110780000,0.0000017
1777111980000,0.0000017
1777112700000,0.0000017
1777112820000,0.0000017
1777113480000,0.00000171
1777115040000,0.00000171
1777115100000,0.0000017
1777115400000,0.0000017
1777117560000,0.0000017
1777117920000,0.00000171
1777120320000,0.00000172
1777122540000,0.00000171
1777122840000,0.00000171
1777124340000,0.0000017
1777124640000,0.0000017
1777125420000,0.00000171
1777126080000,0.00000172
1777128960000,0.00000171
1777129140000,0.00000171
1777129860000,0.00000172
1777131900000,0.00000171
1777131960000,0.00000171
1777132140000,0.00000171
1777132260000,0.0000017
1777132320000,0.0000017
1777132380000,0.00000169
1777132440000,0.00000168
1777134780000,0.00000168
1777134900000,0.00000167
1777135020000,0.00000167
1777135080000,0.00000166
1777136100000,0.00000167
1777138380000,0.00000166
1777138740000,0.00000167
1777139940000,0.00000167
1777140060000,0.00000169
1777141740000,0.0000017
1777142520000,0.00000171
1777144260000,0.00000171
1777147380000,0.00000171
1777148520000,0.00000171
1777149180000,0.00000171
1777149960000,0.00000171
1777150260000,0.00000172
1777150920000,0.00000171
1777151220000,0.00000171
1777152600000,0.0000017
1777156140000,0.0000017
1777156380000,0.00000169
1777157340000,0.0000017
1777158300000,0.00000171
1777160400000,0.0000017
1777161120000,0.00000171
1777161900000,0.00000172
1777163460000,0.00000171
1777164960000,0.00000171
1777165560000,0.00000173
1777167240000,0.00000173
1777169700000,0.00000173
1777169760000,0.00000172
1777170480000,0.00000172
1777172400000,0.00000171
1777173900000,0.00000171
1777174020000,0.00000171
1777174140000,0.0000017
1777174200000,0.0000017
1777174560000,0.00000169
1777177500000,0.0000017
1777178040000,0.00000169
1777178220000,0.00000169
1777178400000,0.00000169
1777178460000,0.00000168
1777178520000,0.00000168
1777178820000,0.00000167
1777178880000,0.00000167
1777178940000,0.00000166
1777179060000,0.00000165
1777179420000,0.00000168
1777183080000,0.00000168
1777183320000,0.00000167
1777185660000,0.00000167
1777186080000,0.00000168
1777188540000,0.00000168
1777189200000,0.00000168
1777189860000,0.00000168
1777189980000,0.00000167
1777190100000,0.00000167
1777190880000,0.00000168
1777192500000,0.00000168
1777192560000,0.00000167
1777192800000,0.00000169
1777195680000,0.00000169
1777196340000,0.00000169
1777196580000,0.00000169
1777198020000,0.00000169
1777199040000,0.00000169
1777200360000,0.00000169
1777200780000,0.00000168
1777201860000,0.00000168
1777203120000,0.00000169
1777205280000,0.00000169
1777205580000,0.00000169
1777206480000,0.00000168
1777207320000,0.00000169
1777207560000,0.00000169
1777208580000,0.00000168
1777210500000,0.00000168
1777210560000,0.00000169
1777213200000,0.00000169
1777214580000,0.00000169
1777215480000,0.0000017
1777216260000,0.00000171
1777216980000,0.0000017
1777217340000,0.0000017
1777217580000,0.00000171
1777218720000,0.00000172
1777220460000,0.00000172
1777221480000,0.00000173
1777222500000,0.00000174
1777222920000,0.00000173
1777223220000,0.00000175
1777224600000,0.00000176
1777225860000,0.00000176
1777226460000,0.00000176
1777227240000,0.00000175
1777227300000,0.00000175
1777227420000,0.00000174
1777228020000,0.00000176
1777229280000,0.00000175
1777230060000,0.00000176
1777230660000,0.00000177
1777230900000,0.00000176
1777231440000,0.00000179
1777232520000,0.00000181
1777233660000,0.00000181
1777234380000,0.00000181
1777235100000,0.00000181
1777235820000,0.00000181
1777235880000,0.0000018
1777237260000,0.00000181
1777237980000,0.00000181
1777239180000,0.0000018
1777239240000,0.00000179
1777239420000,0.00000178
1777240500000,0.00000177
1777240560000,0.00000176
1777240800000,0.00000174
1777241700000,0.00000172
1777242360000,0.00000174
1777242840000,0.00000173
1777243500000,0.00000175
1777245780000,0.00000175
1777246140000,0.00000177
1777246320000,0.00000179
1777250220000,0.0000018
1777250760000,0.00000179
1777251480000,0.00000178
1777251660000,0.00000177
1777252380000,0.00000179
1777254420000,0.00000178
1777255020000,0.0000018
1777256700000,0.00000179
1777258380000,0.00000178
1777258440000,0.00000177
1777259040000,0.00000179
1777264200000,0.00000178
1777265700000,0.00000177
1777266300000,0.00000177
1777266420000,0.00000176
1777266540000,0.00000175
1777266900000,0.00000174
1777267320000,0.00000172
1777270140000,0.00000175
1777271520000,0.00000173
1777272300000,0.00000175
1777275300000,0.00000174
1777275840000,0.00000175
1777276620000,0.00000176
1777276800000,0.00000176
1777276860000,0.00000175
1777277580000,0.00000176
1777278600000,0.00000175
1777281780000,0.00000174
1777281900000,0.00000173
1777282380000,0.00000176
1777283820000,0.00000175
1777284840000,0.00000177
1777285440000,0.00000176
1777288500000,0.00000177
1777289160000,0.00000176
1777291380000,0.00000176
1777292820000,0.00000175
1777293300000,0.00000176
1777293480000,0.00000175
1777293780000,0.00000176
1777297260000,0.00000175
1777297380000,0.00000177
1777297800000,0.00000176
1777298040000,0.0000018
1777300320000,0.00000181
1777300560000,0.00000179
1777300920000,0.00000183
1777302240000,0.00000182
1777303020000,0.0000018
1777303260000,0.00000178
1777303320000,0.00000176
1777303860000,0.00000181
1777306680000,0.00000179
1777307280000,0.00000181
1777309200000,0.00000183
1777310640000,0.00000182
1777310700000,0.00000181
1777310760000,0.0000018
1777311540000,0.00000181
1777313400000,0.00000182
1777313760000,0.00000181
1777314300000,0.00000182
1777315560000,0.00000182
1777316280000,0.00000182
1777316700000,0.00000181
1777317840000,0.00000181
1777317900000,0.0000018
1777317960000,0.00000179
1777318200000,0.00000178
1777318800000,0.0000018
1777323420000,0.00000181
1777323600000,0.00000182
1777325580000,0.00000181
1777325820000,0.00000181
1777326960000,0.0000018
1777327200000,0.0000018
1777327560000,0.00000181
1777329000000,0.0000018
1777330740000,0.00000181
1777331820000,0.0000018
1777333320000,0.0000018
1777334400000,0.00000181
1777336320000,0.00000182
1777339920000,0.00000182
1777340520000,0.00000183
1777342740000,0.00000182
1777342920000,0.00000182
1777344300000,0.00000181
1777347180000,0.00000181
1777349700000,0.00000181
1777349820000,0.0000018
1777350000000,0.00000179
1777350360000,0.00000179
1777351740000,0.00000178
1777352760000,0.00000177
1777352820000,0.00000177
1777353420000,0.00000178
1777354020000,0.00000177
1777354080000,0.00000177
1777354620000,0.00000178
1777356240000,0.00000179
1777357740000,0.00000181
1777358520000,0.0000018
1777358580000,0.00000179
1777359000000,0.00000183
1777360560000,0.00000182
1777361160000,0.00000183
1777362900000,0.00000183
1777364220000,0.00000182
1777365060000,0.00000181
1777365720000,0.00000181
1777366020000,0.0000018
1777368120000,0.00000181
1777369620000,0.0000018
1777369860000,0.0000018
1777370400000,0.00000182
1777374120000,0.00000183
1777375080000,0.00000182
1777376640000,0.00000183
1777376940000,0.00000183
1777377720000,0.00000184
1777380540000,0.00000183
1777381740000,0.00000182
1777381800000,0.00000181
1777382880000,0.00000182
1777383060000,0.00000183
1777383840000,0.00000182
1777384260000,0.00000185
1777386360000,0.00000184
1777387320000,0.00000185
1777388400000,0.00000184
1777389180000,0.00000185
1777390020000,0.00000185
1777390800000,0.00000186
1777392480000,0.00000187
1777394580000,0.00000186
1777395240000,0.00000185
1777395900000,0.00000186
1777397040000,0.00000187
1777397700000,0.00000186
1777397760000,0.00000186
1777398540000,0.00000187
1777399620000,0.00000188
1777402680000,0.00000188
1777403460000,0.00000188
1777405140000,0.00000188
1777405440000,0.00000187
1777405560000,0.00000187
1777406220000,0.00000186
1777408380000,0.00000187
1777410060000,0.00000188
1777410480000,0.00000189
1777413120000,0.0000019
1777414380000,0.00000192
1777415640000,0.00000192
1777417440000,0.00000191
1777418700000,0.0000019
1777418940000,0.00000191
1777419540000,0.0000019
1777419600000,0.0000019
1777420260000,0.00000189
1777421280000,0.00000189
1777422360000,0.00000188
1777424100000,0.00000187
1777426500000,0.00000188
1777427040000,0.00000187
1777428780000,0.00000187
1777430820000,0.00000188
1777431720000,0.00000187
1777432140000,0.00000187
1777432200000,0.00000186
1777432320000,0.00000186
1777432680000,0.00000185
1777433580000,0.00000187
1777433940000,0.00000186
1777434660000,0.00000187
1777435680000,0.00000188
1777436820000,0.0000019
1777437360000,0.00000189
1777437600000,0.00000188
1777437660000,0.00000187
1777439460000,0.00000189
1777440840000,0.00000189
1777441980000,0.0000019
1777442820000,0.00000191
1777444500000,0.00000191
1777444800000,0.00000192
1777445520000,0.00000191
1777445700000,0.0000019
1777448760000,0.00000191
1777450020000,0.00000191
1777450740000,0.00000192
1777451640000,0.00000191
1777452120000,0.00000191
1777454040000,0.0000019
1777454340000,0.0000019
1777454400000,0.00000189
1777455180000,0.00000189
1777455960000,0.00000188
1777456140000,0.00000187
1777456260000,0.00000186
1777457820000,0.00000184
1777458780000,0.00000186
1777459260000,0.00000185
1777459320000,0.00000184
1777459680000,0.00000186
1777461780000,0.00000185
1777462500000,0.00000186
1777464240000,0.00000186
1777464540000,0.00000185
1777465200000,0.00000184
1777465320000,0.00000182
1777466400000,0.00000184
1777469040000,0.00000183
1777469400000,0.00000182
1777469700000,0.00000181
1777473120000,0.00000183
1777474980000,0.00000182
1777475100000,0.00000181
1777475400000,0.0000018
1777476180000,0.00000182
1777477860000,0.0000018
1777478280000,0.00000182
1777479780000,0.00000181
1777480740000,0.00000182
1777483620000,0.00000181
1777484160000,0.00000184
1777485540000,0.00000183
1777485600000,0.00000182
1777486080000,0.00000181
1777486140000,0.00000179
1777486200000,0.00000179
1777486320000,0.00000176
1777487760000,0.00000181
1777489140000,0.00000179
1777489620000,0.00000181
1777492020000,0.00000182
1777493640000,0.00000184
1777495260000,0.00000185
1777497360000,0.00000184
1777498980000,0.00000183
1777500000000,0.00000183
1777500840000,0.00000184
1777501380000,0.00000184
1777503600000,0.00000185
1777505040000,0.00000184
1777505220000,0.00000187
1777507380000,0.00000186
1777508100000,0.00000188
1777509000000,0.00000187
1777509120000,0.00000186
1777509420000,0.00000185
1777509600000,0.00000184
1777513680000,0.00000185
1777516020000,0.00000184
1777516440000,0.00000183
1777519680000,0.00000184
1777520940000,0.00000185
1777521840000,0.00000184
1777521900000,0.00000183
1777521960000,0.00000183
1777522620000,0.00000182
1777523460000,0.00000181
1777523520000,0.0000018
1777523820000,0.00000179
1777526700000,0.00000179
1777526820000,0.00000178
1777527120000,0.0000018
1777527300000,0.00000179
1777528380000,0.0000018
1777529160000,0.00000181
1777530360000,0.0000018
1777530720000,0.0000018
1777530840000,0.00000179
1777531560000,0.0000018
1777534020000,0.0000018
1777534380000,0.00000179
1777534440000,0.00000178
1777535340000,0.00000177
1777540140000,0.00000178
1777541040000,0.00000179
1777541340000,0.00000178
1777541400000,0.00000178
1777541460000,0.00000177
1777542120000,0.00000179
1777544040000,0.00000178
1777544400000,0.00000177
1777547400000,0.00000177
1777547520000,0.00000176
1777548240000,0.00000177
1777549260000,0.00000177
1777549500000,0.00000176
1777551300000,0.00000175
1777551360000,0.00000175
1777551600000,0.00000174
1777551840000,0.00000173
1777555200000,0.00000173
1777555800000,0.00000173
1777556160000,0.00000174
1777556580000,0.00000173
1777557120000,0.00000176
1777559340000,0.00000179
1777559880000,0.00000182
1777562940000,0.00000181
1777563000000,0.0000018
1777563060000,0.00000179
1777563300000,0.00000183
1777566420000,0.00000182
1777566840000,0.00000184
1777568160000,0.00000183
1777568280000,0.00000182
1777568820000,0.00000184
1777570200000,0.00000186
1777572120000,0.00000185
1777572180000,0.00000184
1777572600000,0.00000186
1777578960000,0.00000186
1777581060000,0.00000186
1777582080000,0.00000187
1777583580000,0.00000188
1777584960000,0.00000189
1777586340000,0.00000188
1777587060000,0.00000189
1777589340000,0.0000019
1777591980000,0.0000019
1777592400000,0.00000191